asset_id,asset_name,entity_id,sector,asset_type,zone,criticality,business_service,owner_group,expected_telemetry,expected_alert_families,last_telemetry_at,monitoring_status,source_system,environment,commissioned_date
AST-000001,ENER-DC-00002,CSE-ENERGY-01,Energy,WORKSTATION,DC,HIGH,Substation Monitoring,NETSEC,YES,EXFILTRATION|ENDPOINT|DATABASE,2026-08-05T12:48:46Z,ACTIVE,Splunk-ES,DR,2020-08-16
AST-000002,ENER-DMZ-00003,CSE-ENERGY-01,Energy,NETWORK_DEVICE,DMZ,MEDIUM,Identity,SOC,YES,NETWORK|EXFILTRATION,2026-09-06T17:26:33Z,DEGRADED,EDR-Collector,DR,2024-11-06
AST-000003,ENER-DC-00004,CSE-ENERGY-01,Energy,SERVER,DC,MEDIUM,Substation Monitoring,APPSEC,YES,AUTH|ENDPOINT,2026-08-18T19:22:27Z,ACTIVE,EDR-Collector,STAGING,2022-01-29
AST-000004,ENER-SCADA-00005,CSE-ENERGY-01,Energy,PLC,SCADA,MEDIUM,Identity,APPSEC,YES,WEB|PRIVILEGE,2026-07-05T06:31:11Z,ACTIVE,EDR-Collector,DR,2020-05-25
AST-000005,ENER-DMZ-00006,CSE-ENERGY-01,Energy,FIREWALL,DMZ,MEDIUM,Identity,IT-OPS,YES,OT|ENDPOINT,2026-07-02T09:05:22Z,ACTIVE,Sentinel-Bridge,PRODUCTION,2024-11-24
AST-000006,ENER-DMZ-00007,CSE-ENERGY-01,Energy,DATABASE,DMZ,LOW,Billing,IT-OPS,YES,PRIVILEGE|ENDPOINT,2026-08-31T19:46:58Z,ACTIVE,QRadar-Archive,STAGING,2021-08-27
AST-000007,ENER-CORPORATE-00008,CSE-ENERGY-01,Energy,NETWORK_DEVICE,CORPORATE,HIGH,Substation Monitoring,NETSEC,YES,AUTH|OT|PRIVILEGE,2026-08-24T15:44:56Z,DEGRADED,QRadar-Archive,STAGING,2020-10-11
AST-000008,ENER-SCADA-00009,CSE-ENERGY-01,Energy,HMI,SCADA,HIGH,Grid Operations,APPSEC,YES,NETWORK|EXFILTRATION|AUTH,2026-07-26T20:00:23Z,DEGRADED,Splunk-ES,STAGING,2020-11-14
AST-000009,ENER-CORPORATE-00010,CSE-ENERGY-01,Energy,WORKSTATION,CORPORATE,CRITICAL,Substation Monitoring,SOC,YES,PRIVILEGE|EXFILTRATION|ENDPOINT,2026-09-08T23:59:59Z,ACTIVE,Splunk-ES,PRODUCTION,2020-03-25
AST-000010,ENER-OT-00011,CSE-ENERGY-01,Energy,WORKSTATION,OT,HIGH,Identity,NETSEC,YES,ENDPOINT|PRIVILEGE|NETWORK,2026-07-28T07:32:11Z,ACTIVE,QRadar-Archive,DR,2023-06-18
AST-000011,ENER-SCADA-00012,CSE-ENERGY-01,Energy,SERVER,SCADA,LOW,Substation Monitoring,OT-OPS,YES,AUTH|OT,2026-08-10T02:34:32Z,ACTIVE,Sentinel-Bridge,DR,2023-07-10
AST-000012,ENER-CORPORATE-00013,CSE-ENERGY-01,Energy,APPLICATION,CORPORATE,HIGH,Substation Monitoring,OT-OPS,YES,ENDPOINT|OT|EXFILTRATION,2026-09-09T23:00:58Z,ACTIVE,Splunk-ES,PRODUCTION,2023-10-10
AST-000013,ENER-CORPORATE-00014,CSE-ENERGY-01,Energy,APPLICATION,CORPORATE,HIGH,Grid Operations,SOC,YES,NETWORK|PRIVILEGE|WEB,2026-07-14T05:45:02Z,MISSING,Splunk-ES,DR,2020-02-11
AST-000014,ENER-CORPORATE-00015,CSE-ENERGY-01,Energy,SERVER,CORPORATE,LOW,Billing,OT-OPS,YES,WEB|PRIVILEGE,2026-09-23T02:56:59Z,ACTIVE,QRadar-Archive,DR,2025-12-05
AST-000015,ENER-OT-00016,CSE-ENERGY-01,Energy,SERVER,OT,MEDIUM,Grid Operations,SOC,YES,DATABASE|ENDPOINT,2026-09-30T11:35:56Z,ACTIVE,Splunk-ES,STAGING,2019-12-15
AST-000016,ENER-DC-00017,CSE-ENERGY-01,Energy,WORKSTATION,DC,CRITICAL,Grid Operations,APPSEC,YES,NETWORK|ENDPOINT|WEB,2026-08-22T21:11:33Z,ACTIVE,EDR-Collector,PRODUCTION,2024-02-05
AST-000017,ENER-CORPORATE-00018,CSE-ENERGY-01,Energy,NETWORK_DEVICE,CORPORATE,HIGH,Substation Monitoring,IT-OPS,YES,NETWORK|OT|PRIVILEGE,2026-09-09T14:15:12Z,ACTIVE,QRadar-Archive,STAGING,2024-07-06
AST-000018,ENER-DC-00019,CSE-ENERGY-01,Energy,SERVER,DC,MEDIUM,Identity,SOC,YES,AUTH|ENDPOINT,2026-08-11T18:17:17Z,ACTIVE,EDR-Collector,PRODUCTION,2021-10-26
AST-000019,ENER-OT-00020,CSE-ENERGY-01,Energy,DATABASE,OT,MEDIUM,Billing,OT-OPS,YES,WEB|EXFILTRATION,2026-08-08T10:38:06Z,DEGRADED,Splunk-ES,DR,2023-09-27
AST-000020,ENER-CORPORATE-00021,CSE-ENERGY-01,Energy,SERVER,CORPORATE,HIGH,Grid Operations,IT-OPS,YES,EXFILTRATION|AUTH|WEB,2026-08-29T11:22:22Z,ACTIVE,QRadar-Archive,DR,2024-11-28
AST-000021,ENER-OT-00022,CSE-ENERGY-01,Energy,FIREWALL,OT,MEDIUM,Substation Monitoring,NETSEC,YES,DATABASE|ENDPOINT,2026-08-24T02:44:34Z,ACTIVE,QRadar-Archive,DR,2025-08-02
AST-000022,ENER-CORPORATE-00023,CSE-ENERGY-01,Energy,WORKSTATION,CORPORATE,HIGH,Grid Operations,SOC,YES,DATABASE|PRIVILEGE|WEB,2026-07-13T23:40:28Z,ACTIVE,EDR-Collector,DR,2022-08-18
AST-000023,ENER-OT-00024,CSE-ENERGY-01,Energy,NETWORK_DEVICE,OT,LOW,Grid Operations,IT-OPS,YES,EXFILTRATION|OT,2026-08-26T19:21:18Z,ACTIVE,QRadar-Archive,PRODUCTION,2022-02-04
AST-000024,ENER-SCADA-00025,CSE-ENERGY-01,Energy,PLC,SCADA,LOW,Grid Operations,SOC,YES,NETWORK|OT,2026-07-31T09:56:24Z,ACTIVE,Sentinel-Bridge,PRODUCTION,2024-07-11
AST-000025,ENER-SCADA-00026,CSE-ENERGY-01,Energy,HMI,SCADA,HIGH,Grid Operations,APPSEC,YES,AUTH|PRIVILEGE|DATABASE,2026-07-21T16:24:17Z,ACTIVE,EDR-Collector,DR,2021-03-16
AST-000026,ENER-SCADA-00027,CSE-ENERGY-01,Energy,SERVER,SCADA,HIGH,Identity,IT-OPS,YES,NETWORK|WEB|OT,2026-07-09T06:09:23Z,ACTIVE,QRadar-Archive,DR,2025-11-18
AST-000027,ENER-SCADA-00028,CSE-ENERGY-01,Energy,HMI,SCADA,LOW,Identity,NETSEC,YES,EXFILTRATION|WEB,2026-09-14T05:57:27Z,ACTIVE,EDR-Collector,PRODUCTION,2020-05-31
AST-000028,ENER-DC-00029,CSE-ENERGY-01,Energy,DATABASE,DC,CRITICAL,Identity,IT-OPS,YES,ENDPOINT|EXFILTRATION|AUTH,2026-09-05T11:27:03Z,ACTIVE,Splunk-ES,DR,2024-03-13
AST-000029,ENER-DMZ-00030,CSE-ENERGY-01,Energy,DATABASE,DMZ,MEDIUM,Identity,OT-OPS,YES,AUTH|ENDPOINT,2026-09-05T02:14:10Z,MISSING,Sentinel-Bridge,DR,2023-09-14
AST-000030,ENER-DMZ-00031,CSE-ENERGY-01,Energy,SERVER,DMZ,LOW,Substation Monitoring,OT-OPS,YES,NETWORK|AUTH,2026-07-31T02:36:07Z,ACTIVE,Splunk-ES,STAGING,2021-04-30
AST-000031,ENER-DMZ-00032,CSE-ENERGY-01,Energy,SERVER,DMZ,MEDIUM,Identity,OT-OPS,YES,PRIVILEGE|DATABASE,2026-07-10T17:17:02Z,ACTIVE,EDR-Collector,DR,2021-03-07
AST-000032,ENER-DC-00033,CSE-ENERGY-01,Energy,NETWORK_DEVICE,DC,CRITICAL,Substation Monitoring,SOC,YES,ENDPOINT|OT|EXFILTRATION,2026-08-22T06:19:56Z,ACTIVE,QRadar-Archive,DR,2020-07-07
AST-000033,ENER-CORPORATE-00034,CSE-ENERGY-01,Energy,NETWORK_DEVICE,CORPORATE,MEDIUM,Identity,APPSEC,YES,NETWORK|PRIVILEGE,2026-07-26T20:26:14Z,ACTIVE,Sentinel-Bridge,STAGING,2023-04-22
AST-000034,ENER-OT-00035,CSE-ENERGY-01,Energy,WORKSTATION,OT,HIGH,Billing,OT-OPS,YES,DATABASE|ENDPOINT|AUTH,2026-07-26T14:33:59Z,ACTIVE,QRadar-Archive,STAGING,2024-08-28
AST-000035,ENER-DC-00036,CSE-ENERGY-01,Energy,WORKSTATION,DC,MEDIUM,Billing,IT-OPS,YES,EXFILTRATION|DATABASE,2026-07-14T15:01:41Z,ACTIVE,EDR-Collector,PRODUCTION,2024-05-23
AST-000036,ENER-DC-00037,CSE-ENERGY-01,Energy,WORKSTATION,DC,HIGH,Identity,SOC,YES,NETWORK|ENDPOINT|WEB,2026-07-30T03:06:31Z,ACTIVE,Splunk-ES,DR,2020-07-15
AST-000037,ENER-SCADA-00038,CSE-ENERGY-01,Energy,HMI,SCADA,HIGH,Identity,SOC,YES,WEB|AUTH|ENDPOINT,2026-08-20T14:09:39Z,DEGRADED,QRadar-Archive,DR,2025-12-21
AST-000038,ENER-CORPORATE-00039,CSE-ENERGY-01,Energy,WORKSTATION,CORPORATE,CRITICAL,Substation Monitoring,NETSEC,YES,PRIVILEGE|AUTH|OT,2026-08-18T00:10:05Z,ACTIVE,EDR-Collector,STAGING,2022-06-20
AST-000039,ENER-CORPORATE-00040,CSE-ENERGY-01,Energy,APPLICATION,CORPORATE,HIGH,Grid Operations,NETSEC,YES,ENDPOINT|PRIVILEGE|WEB,2026-07-24T09:20:57Z,ACTIVE,QRadar-Archive,STAGING,2024-05-14
AST-000040,ENER-CORPORATE-00041,CSE-ENERGY-01,Energy,WORKSTATION,CORPORATE,LOW,Grid Operations,SOC,YES,OT|EXFILTRATION,2026-09-09T08:45:10Z,ACTIVE,Splunk-ES,STAGING,2020-06-28
AST-000041,ENER-DMZ-00042,CSE-ENERGY-01,Energy,SERVER,DMZ,HIGH,Billing,OT-OPS,YES,OT|NETWORK|AUTH,2026-09-25T00:16:52Z,MISSING,Sentinel-Bridge,PRODUCTION,2021-12-11
AST-000042,ENER-OT-00043,CSE-ENERGY-01,Energy,WORKSTATION,OT,HIGH,Grid Operations,SOC,YES,NETWORK|EXFILTRATION|ENDPOINT,2026-08-05T07:29:20Z,ACTIVE,QRadar-Archive,STAGING,2025-02-16
AST-000043,ENER-CORPORATE-00044,CSE-ENERGY-01,Energy,WORKSTATION,CORPORATE,MEDIUM,Substation Monitoring,IT-OPS,YES,OT|WEB,2026-08-08T04:37:54Z,ACTIVE,Splunk-ES,STAGING,2025-04-23
AST-000044,ENER-DMZ-00045,CSE-ENERGY-01,Energy,FIREWALL,DMZ,MEDIUM,Identity,SOC,YES,NETWORK|PRIVILEGE,2026-08-04T16:21:16Z,ACTIVE,EDR-Collector,STAGING,2025-05-05
AST-000045,ENER-SCADA-00046,CSE-ENERGY-01,Energy,HMI,SCADA,CRITICAL,Grid Operations,IT-OPS,YES,PRIVILEGE|ENDPOINT|NETWORK,2026-09-05T15:24:22Z,ACTIVE,Sentinel-Bridge,PRODUCTION,2021-09-06
AST-000046,ENER-CORPORATE-00047,CSE-ENERGY-01,Energy,WORKSTATION,CORPORATE,MEDIUM,Grid Operations,SOC,YES,OT|PRIVILEGE,2026-09-06T13:15:07Z,ACTIVE,QRadar-Archive,STAGING,2020-03-17
AST-000047,ENER-DMZ-00048,CSE-ENERGY-01,Energy,FIREWALL,DMZ,MEDIUM,Identity,IT-OPS,YES,WEB|NETWORK,2026-08-24T09:12:17Z,ACTIVE,EDR-Collector,DR,2021-07-02
AST-000048,ENER-CORPORATE-00049,CSE-ENERGY-01,Energy,SERVER,CORPORATE,HIGH,Billing,NETSEC,YES,WEB|NETWORK|ENDPOINT,2026-09-13T15:59:59Z,ACTIVE,Sentinel-Bridge,STAGING,2024-12-31
AST-000049,ENER-SCADA-00050,CSE-ENERGY-01,Energy,FIREWALL,SCADA,CRITICAL,Grid Operations,NETSEC,YES,DATABASE|NETWORK|OT,2026-09-17T03:13:16Z,ACTIVE,EDR-Collector,PRODUCTION,2021-11-30
AST-000050,ENER-OT-00051,CSE-ENERGY-01,Energy,SERVER,OT,MEDIUM,Billing,IT-OPS,YES,OT|AUTH,2026-07-22T09:11:29Z,ACTIVE,Splunk-ES,STAGING,2023-06-26
AST-000051,ENER-CORPORATE-00052,CSE-ENERGY-01,Energy,FIREWALL,CORPORATE,MEDIUM,Grid Operations,APPSEC,YES,DATABASE|AUTH,2026-09-19T06:10:18Z,DEGRADED,Sentinel-Bridge,STAGING,2020-05-13
AST-000052,ENER-SCADA-00053,CSE-ENERGY-01,Energy,DATABASE,SCADA,MEDIUM,Billing,SOC,YES,EXFILTRATION|DATABASE,2026-07-04T17:15:27Z,ACTIVE,EDR-Collector,DR,2023-03-11
AST-000053,ENER-DC-00054,CSE-ENERGY-01,Energy,SERVER,DC,HIGH,Substation Monitoring,NETSEC,YES,NETWORK|ENDPOINT|PRIVILEGE,2026-07-15T19:37:29Z,ACTIVE,Sentinel-Bridge,STAGING,2020-10-10
AST-000054,ENER-DMZ-00055,CSE-ENERGY-01,Energy,NETWORK_DEVICE,DMZ,MEDIUM,Billing,SOC,YES,DATABASE|AUTH,2026-08-07T19:51:00Z,ACTIVE,EDR-Collector,STAGING,2022-06-25
AST-000055,ENER-DC-00056,CSE-ENERGY-01,Energy,SERVER,DC,MEDIUM,Substation Monitoring,SOC,YES,WEB|NETWORK,2026-08-27T07:03:29Z,ACTIVE,Splunk-ES,PRODUCTION,2020-03-02
AST-000056,ENER-OT-00057,CSE-ENERGY-01,Energy,SERVER,OT,MEDIUM,Grid Operations,OT-OPS,YES,OT|DATABASE,2026-08-29T17:32:26Z,ACTIVE,Sentinel-Bridge,STAGING,2024-10-31
AST-000057,ENER-CORPORATE-00058,CSE-ENERGY-01,Energy,WORKSTATION,CORPORATE,HIGH,Billing,SOC,YES,NETWORK|EXFILTRATION|OT,2026-09-17T22:28:35Z,ACTIVE,EDR-Collector,DR,2024-06-08
AST-000058,ENER-OT-00059,CSE-ENERGY-01,Energy,SERVER,OT,LOW,Substation Monitoring,OT-OPS,YES,PRIVILEGE|OT,2026-07-04T01:56:13Z,ACTIVE,EDR-Collector,STAGING,2020-08-20
AST-000059,ENER-OT-00060,CSE-ENERGY-01,Energy,SERVER,OT,MEDIUM,Identity,APPSEC,YES,ENDPOINT|NETWORK,2026-07-09T22:20:05Z,ACTIVE,QRadar-Archive,PRODUCTION,2025-02-01
AST-000060,ENER-DC-00061,CSE-ENERGY-01,Energy,SERVER,DC,CRITICAL,Substation Monitoring,SOC,YES,DATABASE|ENDPOINT|EXFILTRATION,2026-09-19T06:29:42Z,ACTIVE,Splunk-ES,DR,2022-02-14
AST-000061,ENER-DC-00062,CSE-ENERGY-01,Energy,WORKSTATION,DC,MEDIUM,Identity,IT-OPS,YES,PRIVILEGE|EXFILTRATION,2026-08-02T21:37:53Z,ACTIVE,QRadar-Archive,DR,2021-01-24
AST-000062,ENER-CORPORATE-00063,CSE-ENERGY-01,Energy,SERVER,CORPORATE,MEDIUM,Identity,OT-OPS,YES,PRIVILEGE|WEB,2026-08-22T05:44:25Z,ACTIVE,Splunk-ES,STAGING,2022-04-11
AST-000063,ENER-SCADA-00064,CSE-ENERGY-01,Energy,PLC,SCADA,CRITICAL,Identity,APPSEC,YES,NETWORK|OT|DATABASE,2026-09-02T18:13:20Z,ACTIVE,EDR-Collector,PRODUCTION,2020-04-06
AST-000064,ENER-SCADA-00065,CSE-ENERGY-01,Energy,HMI,SCADA,MEDIUM,Identity,NETSEC,YES,EXFILTRATION|PRIVILEGE,2026-09-15T20:41:44Z,DEGRADED,Sentinel-Bridge,DR,2025-05-01
AST-000065,ENER-CORPORATE-00066,CSE-ENERGY-01,Energy,SERVER,CORPORATE,MEDIUM,Grid Operations,IT-OPS,YES,EXFILTRATION|DATABASE,2026-09-04T21:35:36Z,DEGRADED,EDR-Collector,DR,2021-02-10
AST-000066,ENER-DC-00067,CSE-ENERGY-01,Energy,FIREWALL,DC,MEDIUM,Grid Operations,IT-OPS,YES,EXFILTRATION|ENDPOINT,2026-09-14T14:55:23Z,ACTIVE,QRadar-Archive,DR,2021-03-08
AST-000067,ENER-SCADA-00068,CSE-ENERGY-01,Energy,HMI,SCADA,MEDIUM,Identity,SOC,YES,AUTH|EXFILTRATION,2026-07-01T00:22:43Z,ACTIVE,Splunk-ES,STAGING,2022-01-22
AST-000068,ENER-CORPORATE-00069,CSE-ENERGY-01,Energy,FIREWALL,CORPORATE,LOW,Substation Monitoring,NETSEC,YES,NETWORK|PRIVILEGE,2026-08-03T23:42:03Z,ACTIVE,Sentinel-Bridge,STAGING,2021-08-04
AST-000069,ENER-SCADA-00070,CSE-ENERGY-01,Energy,PLC,SCADA,HIGH,Grid Operations,OT-OPS,YES,WEB|OT|EXFILTRATION,2026-09-12T23:29:01Z,ACTIVE,EDR-Collector,DR,2023-09-25
AST-000070,ENER-OT-00071,CSE-ENERGY-01,Energy,WORKSTATION,OT,LOW,Identity,IT-OPS,YES,WEB|DATABASE,2026-07-27T04:07:11Z,DEGRADED,QRadar-Archive,STAGING,2021-01-13
AST-000071,ENER-SCADA-00072,CSE-ENERGY-01,Energy,PLC,SCADA,MEDIUM,Grid Operations,SOC,YES,OT|NETWORK,2026-09-16T16:17:05Z,ACTIVE,Splunk-ES,PRODUCTION,2020-04-12
AST-000072,ENER-CORPORATE-00073,CSE-ENERGY-01,Energy,SERVER,CORPORATE,HIGH,Grid Operations,APPSEC,YES,ENDPOINT|OT|DATABASE,2026-07-27T00:38:20Z,ACTIVE,EDR-Collector,STAGING,2025-10-06
AST-000073,ENER-CORPORATE-00074,CSE-ENERGY-01,Energy,APPLICATION,CORPORATE,MEDIUM,Substation Monitoring,OT-OPS,YES,WEB|OT,2026-07-30T17:40:50Z,ACTIVE,Sentinel-Bridge,PRODUCTION,2024-10-06
AST-000074,ENER-CORPORATE-00075,CSE-ENERGY-01,Energy,FIREWALL,CORPORATE,LOW,Identity,SOC,YES,EXFILTRATION|WEB,2026-07-06T21:26:55Z,ACTIVE,QRadar-Archive,DR,2022-05-10
AST-000075,ENER-CORPORATE-00076,CSE-ENERGY-01,Energy,NETWORK_DEVICE,CORPORATE,LOW,Substation Monitoring,OT-OPS,YES,ENDPOINT|OT,2026-09-26T09:57:42Z,ACTIVE,Sentinel-Bridge,PRODUCTION,2025-08-09
AST-000076,ENER-DMZ-00077,CSE-ENERGY-01,Energy,FIREWALL,DMZ,MEDIUM,Billing,NETSEC,YES,AUTH|EXFILTRATION,2026-09-28T14:46:18Z,ACTIVE,Splunk-ES,PRODUCTION,2023-12-21
AST-000077,ENER-DC-00078,CSE-ENERGY-01,Energy,DATABASE,DC,HIGH,Identity,APPSEC,YES,AUTH|OT|EXFILTRATION,2026-09-26T16:06:36Z,ACTIVE,Sentinel-Bridge,PRODUCTION,2023-03-20
AST-000078,ENER-DMZ-00079,CSE-ENERGY-01,Energy,WORKSTATION,DMZ,CRITICAL,Identity,SOC,YES,OT|ENDPOINT|EXFILTRATION,2026-09-05T12:37:09Z,ACTIVE,QRadar-Archive,DR,2021-03-31
AST-000079,ENER-DMZ-00080,CSE-ENERGY-01,Energy,DATABASE,DMZ,LOW,Billing,OT-OPS,YES,EXFILTRATION|WEB,2026-08-17T19:30:27Z,ACTIVE,Sentinel-Bridge,STAGING,2024-02-15
AST-000080,ENER-CORPORATE-00081,CSE-ENERGY-01,Energy,SERVER,CORPORATE,CRITICAL,Grid Operations,APPSEC,YES,DATABASE|OT|AUTH,2026-09-24T05:28:32Z,DEGRADED,QRadar-Archive,DR,2023-09-05
AST-000081,ENER-SCADA-00082,CSE-ENERGY-01,Energy,WORKSTATION,SCADA,MEDIUM,Billing,APPSEC,YES,OT|PRIVILEGE,2026-08-31T18:19:02Z,ACTIVE,Sentinel-Bridge,STAGING,2025-11-21
AST-000082,ENER-CORPORATE-00083,CSE-ENERGY-01,Energy,DATABASE,CORPORATE,HIGH,Grid Operations,NETSEC,YES,NETWORK|DATABASE|OT,2026-09-15T14:05:57Z,ACTIVE,QRadar-Archive,DR,2025-11-22
AST-000083,ENER-CORPORATE-00084,CSE-ENERGY-01,Energy,APPLICATION,CORPORATE,MEDIUM,Substation Monitoring,OT-OPS,YES,EXFILTRATION|NETWORK,2026-07-02T16:47:45Z,ACTIVE,QRadar-Archive,PRODUCTION,2023-11-15
AST-000084,ENER-OT-00085,CSE-ENERGY-01,Energy,WORKSTATION,OT,MEDIUM,Substation Monitoring,NETSEC,YES,DATABASE|NETWORK,2026-09-21T16:50:57Z,ACTIVE,QRadar-Archive,PRODUCTION,2021-03-12
AST-000085,ENER-CORPORATE-00086,CSE-ENERGY-01,Energy,WORKSTATION,CORPORATE,HIGH,Identity,IT-OPS,YES,OT|AUTH|NETWORK,2026-07-06T17:16:06Z,DEGRADED,EDR-Collector,PRODUCTION,2020-05-06
AST-000086,ENER-CORPORATE-00087,CSE-ENERGY-01,Energy,SERVER,CORPORATE,LOW,Identity,APPSEC,YES,WEB|OT,2026-07-10T00:25:07Z,ACTIVE,QRadar-Archive,DR,2023-08-21
AST-000087,ENER-OT-00088,CSE-ENERGY-01,Energy,WORKSTATION,OT,CRITICAL,Identity,SOC,YES,AUTH|DATABASE|ENDPOINT,2026-07-20T08:27:53Z,ACTIVE,QRadar-Archive,STAGING,2024-10-18
AST-000088,ENER-DC-00089,CSE-ENERGY-01,Energy,APPLICATION,DC,HIGH,Identity,NETSEC,YES,AUTH|PRIVILEGE|DATABASE,2026-09-21T00:35:38Z,ACTIVE,EDR-Collector,STAGING,2025-03-20
AST-000089,ENER-DMZ-00090,CSE-ENERGY-01,Energy,APPLICATION,DMZ,LOW,Billing,APPSEC,YES,ENDPOINT|WEB,2026-08-10T03:05:38Z,ACTIVE,EDR-Collector,PRODUCTION,2020-11-19
AST-000090,ENER-DMZ-00091,CSE-ENERGY-01,Energy,DATABASE,DMZ,CRITICAL,Billing,IT-OPS,YES,AUTH|ENDPOINT|EXFILTRATION,2026-07-16T18:46:23Z,ACTIVE,Sentinel-Bridge,STAGING,2020-07-26
AST-000091,ENER-CORPORATE-00092,CSE-ENERGY-01,Energy,FIREWALL,CORPORATE,HIGH,Identity,OT-OPS,YES,EXFILTRATION|PRIVILEGE|ENDPOINT,2026-09-05T01:40:23Z,ACTIVE,QRadar-Archive,STAGING,2020-04-23
AST-000092,ENER-CORPORATE-00093,CSE-ENERGY-01,Energy,DATABASE,CORPORATE,HIGH,Substation Monitoring,IT-OPS,YES,NETWORK|OT|ENDPOINT,2026-07-30T20:11:00Z,ACTIVE,QRadar-Archive,STAGING,2020-09-17
AST-000093,ENER-CORPORATE-00094,CSE-ENERGY-01,Energy,SERVER,CORPORATE,CRITICAL,Grid Operations,NETSEC,YES,AUTH|DATABASE|NETWORK,2026-09-24T07:50:49Z,ACTIVE,Splunk-ES,DR,2020-10-20
AST-000094,ENER-CORPORATE-00095,CSE-ENERGY-01,Energy,FIREWALL,CORPORATE,HIGH,Grid Operations,IT-OPS,YES,WEB|EXFILTRATION|OT,2026-08-25T09:14:35Z,ACTIVE,EDR-Collector,DR,2025-02-23
AST-000095,ENER-DMZ-00096,CSE-ENERGY-01,Energy,NETWORK_DEVICE,DMZ,MEDIUM,Grid Operations,OT-OPS,YES,DATABASE|AUTH,2026-09-10T04:42:45Z,ACTIVE,EDR-Collector,STAGING,2023-05-28
AST-000096,ENER-CORPORATE-00097,CSE-ENERGY-01,Energy,NETWORK_DEVICE,CORPORATE,CRITICAL,Identity,IT-OPS,YES,EXFILTRATION|OT|NETWORK,2026-07-04T13:02:11Z,ACTIVE,QRadar-Archive,DR,2022-04-12
AST-000097,ENER-OT-00098,CSE-ENERGY-01,Energy,NETWORK_DEVICE,OT,LOW,Grid Operations,IT-OPS,YES,OT|EXFILTRATION,2026-09-24T19:23:47Z,ACTIVE,Splunk-ES,PRODUCTION,2021-09-17
AST-000098,ENER-CORPORATE-00099,CSE-ENERGY-01,Energy,FIREWALL,CORPORATE,HIGH,Grid Operations,OT-OPS,YES,AUTH|OT|EXFILTRATION,2026-07-29T23:12:47Z,ACTIVE,EDR-Collector,DR,2022-04-25
AST-000099,ENER-DMZ-00100,CSE-ENERGY-01,Energy,WORKSTATION,DMZ,HIGH,Billing,IT-OPS,YES,WEB|ENDPOINT|DATABASE,2026-07-13T11:32:09Z,ACTIVE,Sentinel-Bridge,STAGING,2024-04-19
AST-000100,ENER-CORPORATE-00101,CSE-ENERGY-01,Energy,SERVER,CORPORATE,HIGH,Identity,NETSEC,YES,WEB|OT|NETWORK,2026-07-27T00:04:09Z,ACTIVE,Sentinel-Bridge,STAGING,2020-06-11
AST-000101,ENER-CORPORATE-00102,CSE-ENERGY-01,Energy,FIREWALL,CORPORATE,CRITICAL,Identity,SOC,YES,NETWORK|DATABASE|OT,2026-08-13T03:15:40Z,DEGRADED,Sentinel-Bridge,PRODUCTION,2022-08-19
AST-000102,ENER-CORPORATE-00103,CSE-ENERGY-01,Energy,APPLICATION,CORPORATE,HIGH,Identity,APPSEC,YES,PRIVILEGE|ENDPOINT|DATABASE,2026-09-18T05:21:25Z,ACTIVE,QRadar-Archive,DR,2021-04-15
AST-000103,ENER-SCADA-00104,CSE-ENERGY-01,Energy,WORKSTATION,SCADA,HIGH,Grid Operations,IT-OPS,YES,AUTH|EXFILTRATION|ENDPOINT,2026-09-17T05:47:28Z,ACTIVE,Splunk-ES,PRODUCTION,2024-04-01
AST-000104,ENER-DMZ-00105,CSE-ENERGY-01,Energy,WORKSTATION,DMZ,HIGH,Grid Operations,IT-OPS,YES,ENDPOINT|DATABASE|PRIVILEGE,2026-07-11T07:19:34Z,ACTIVE,EDR-Collector,PRODUCTION,2020-05-15
AST-000105,ENER-CORPORATE-00106,CSE-ENERGY-01,Energy,WORKSTATION,CORPORATE,LOW,Identity,NETSEC,YES,DATABASE|WEB,2026-09-09T21:16:21Z,ACTIVE,QRadar-Archive,PRODUCTION,2023-02-02
AST-000106,ENER-CORPORATE-00107,CSE-ENERGY-01,Energy,SERVER,CORPORATE,MEDIUM,Identity,OT-OPS,YES,AUTH|DATABASE,2026-07-24T13:33:16Z,MISSING,Splunk-ES,DR,2020-04-22
AST-000107,ENER-DMZ-00108,CSE-ENERGY-01,Energy,DATABASE,DMZ,HIGH,Identity,APPSEC,YES,ENDPOINT|OT|PRIVILEGE,2026-08-27T06:48:06Z,ACTIVE,Sentinel-Bridge,PRODUCTION,2020-02-19
AST-000108,ENER-DMZ-00109,CSE-ENERGY-01,Energy,APPLICATION,DMZ,HIGH,Grid Operations,SOC,YES,OT|PRIVILEGE|WEB,2026-08-20T17:36:26Z,ACTIVE,Sentinel-Bridge,STAGING,2022-10-16
AST-000109,ENER-CORPORATE-00110,CSE-ENERGY-01,Energy,NETWORK_DEVICE,CORPORATE,MEDIUM,Billing,APPSEC,YES,ENDPOINT|WEB,2026-08-22T14:42:08Z,ACTIVE,Sentinel-Bridge,PRODUCTION,2023-11-24
AST-000110,ENER-DMZ-00111,CSE-ENERGY-01,Energy,NETWORK_DEVICE,DMZ,MEDIUM,Billing,NETSEC,YES,ENDPOINT|OT,2026-07-17T21:56:28Z,ACTIVE,Sentinel-Bridge,STAGING,2021-11-25
AST-000111,ENER-DMZ-00112,CSE-ENERGY-01,Energy,SERVER,DMZ,LOW,Substation Monitoring,IT-OPS,YES,WEB|DATABASE,2026-08-12T14:38:54Z,ACTIVE,Sentinel-Bridge,STAGING,2024-08-13
AST-000112,ENER-DC-00113,CSE-ENERGY-01,Energy,DATABASE,DC,HIGH,Identity,IT-OPS,YES,PRIVILEGE|ENDPOINT|NETWORK,2026-07-15T03:42:57Z,ACTIVE,Splunk-ES,DR,2023-08-24
AST-000113,ENER-DMZ-00114,CSE-ENERGY-01,Energy,SERVER,DMZ,LOW,Billing,APPSEC,YES,EXFILTRATION|ENDPOINT,2026-07-07T07:46:38Z,ACTIVE,Splunk-ES,DR,2019-12-12
AST-000114,ENER-SCADA-00115,CSE-ENERGY-01,Energy,WORKSTATION,SCADA,HIGH,Billing,OT-OPS,YES,AUTH|ENDPOINT|OT,2026-07-15T07:04:21Z,ACTIVE,EDR-Collector,PRODUCTION,2022-06-13
AST-000115,ENER-CORPORATE-00116,CSE-ENERGY-01,Energy,SERVER,CORPORATE,CRITICAL,Billing,OT-OPS,YES,AUTH|EXFILTRATION|NETWORK,2026-07-26T06:29:55Z,ACTIVE,Splunk-ES,DR,2019-12-05
AST-000116,ENER-CORPORATE-00117,CSE-ENERGY-01,Energy,DATABASE,CORPORATE,LOW,Identity,NETSEC,YES,OT|EXFILTRATION,2026-08-10T05:52:58Z,ACTIVE,Sentinel-Bridge,PRODUCTION,2021-06-10
AST-000117,ENER-CORPORATE-00118,CSE-ENERGY-01,Energy,FIREWALL,CORPORATE,MEDIUM,Grid Operations,NETSEC,YES,AUTH|DATABASE,2026-09-19T14:40:03Z,ACTIVE,Splunk-ES,DR,2021-05-27
AST-000118,ENER-SCADA-00119,CSE-ENERGY-01,Energy,SERVER,SCADA,LOW,Billing,SOC,YES,ENDPOINT|OT,2026-09-03T07:39:25Z,ACTIVE,Sentinel-Bridge,DR,2021-10-08
AST-000119,ENER-DC-00120,CSE-ENERGY-01,Energy,DATABASE,DC,HIGH,Identity,SOC,YES,PRIVILEGE|NETWORK|DATABASE,2026-07-22T13:19:55Z,ACTIVE,Sentinel-Bridge,PRODUCTION,2021-04-18
AST-000120,ENER-SCADA-00121,CSE-ENERGY-01,Energy,FIREWALL,SCADA,LOW,Grid Operations,APPSEC,YES,NETWORK|WEB,2026-07-09T20:00:38Z,ACTIVE,EDR-Collector,DR,2020-03-15
AST-000121,ENER-OT-00122,CSE-ENERGY-01,Energy,NETWORK_DEVICE,OT,HIGH,Identity,OT-OPS,YES,OT|NETWORK|AUTH,2026-07-22T11:16:51Z,ACTIVE,Splunk-ES,PRODUCTION,2025-08-04
AST-000122,ENER-DMZ-00123,CSE-ENERGY-01,Energy,WORKSTATION,DMZ,HIGH,Billing,SOC,YES,ENDPOINT|AUTH|DATABASE,2026-07-13T07:22:04Z,ACTIVE,Splunk-ES,DR,2025-01-07
AST-000123,ENER-DMZ-00124,CSE-ENERGY-01,Energy,NETWORK_DEVICE,DMZ,MEDIUM,Substation Monitoring,APPSEC,YES,EXFILTRATION|PRIVILEGE,2026-09-20T21:45:24Z,ACTIVE,QRadar-Archive,STAGING,2025-11-13
AST-000124,ENER-CORPORATE-00125,CSE-ENERGY-01,Energy,WORKSTATION,CORPORATE,LOW,Billing,IT-OPS,YES,AUTH|ENDPOINT,2026-08-21T03:43:45Z,ACTIVE,Sentinel-Bridge,PRODUCTION,2024-06-03
AST-000125,ENER-DMZ-00126,CSE-ENERGY-01,Energy,DATABASE,DMZ,LOW,Billing,OT-OPS,YES,EXFILTRATION|PRIVILEGE,2026-08-08T05:53:38Z,ACTIVE,Splunk-ES,STAGING,2025-08-06
AST-000126,ENER-CORPORATE-00127,CSE-ENERGY-01,Energy,SERVER,CORPORATE,HIGH,Grid Operations,NETSEC,YES,OT|PRIVILEGE|NETWORK,2026-08-22T14:28:27Z,DEGRADED,Splunk-ES,DR,2021-10-30
AST-000127,ENER-DC-00128,CSE-ENERGY-01,Energy,WORKSTATION,DC,MEDIUM,Billing,APPSEC,YES,AUTH|DATABASE,2026-08-31T12:49:45Z,ACTIVE,Sentinel-Bridge,PRODUCTION,2020-10-30
AST-000128,ENER-DC-00129,CSE-ENERGY-01,Energy,NETWORK_DEVICE,DC,HIGH,Substation Monitoring,APPSEC,YES,OT|WEB|DATABASE,2026-07-04T13:22:46Z,ACTIVE,Sentinel-Bridge,DR,2022-11-29
AST-000129,ENER-SCADA-00130,CSE-ENERGY-01,Energy,PLC,SCADA,MEDIUM,Substation Monitoring,OT-OPS,YES,ENDPOINT|NETWORK,2026-09-08T00:55:02Z,ACTIVE,QRadar-Archive,DR,2025-01-22
AST-000130,ENER-DC-00131,CSE-ENERGY-01,Energy,SERVER,DC,HIGH,Substation Monitoring,NETSEC,YES,ENDPOINT|EXFILTRATION|OT,2026-08-03T16:28:57Z,DEGRADED,Sentinel-Bridge,DR,2020-09-27
AST-000131,ENER-DMZ-00132,CSE-ENERGY-01,Energy,FIREWALL,DMZ,MEDIUM,Billing,NETSEC,YES,NETWORK|WEB,2026-07-13T22:07:11Z,ACTIVE,Splunk-ES,STAGING,2021-08-05
AST-000132,ENER-CORPORATE-00133,CSE-ENERGY-01,Energy,NETWORK_DEVICE,CORPORATE,MEDIUM,Substation Monitoring,OT-OPS,YES,NETWORK|AUTH,2026-08-28T06:40:49Z,ACTIVE,Splunk-ES,PRODUCTION,2020-01-20
AST-000133,ENER-CORPORATE-00134,CSE-ENERGY-01,Energy,FIREWALL,CORPORATE,CRITICAL,Billing,SOC,YES,OT|DATABASE|AUTH,2026-08-21T18:59:44Z,ACTIVE,Sentinel-Bridge,STAGING,2025-06-17
AST-000134,ENER-OT-00135,CSE-ENERGY-01,Energy,NETWORK_DEVICE,OT,LOW,Billing,APPSEC,YES,OT|ENDPOINT,2026-09-30T12:00:42Z,ACTIVE,Splunk-ES,PRODUCTION,2024-08-10
AST-000135,ENER-CORPORATE-00136,CSE-ENERGY-01,Energy,APPLICATION,CORPORATE,CRITICAL,Identity,IT-OPS,YES,PRIVILEGE|EXFILTRATION|DATABASE,2026-07-23T14:57:15Z,ACTIVE,EDR-Collector,DR,2025-10-20
AST-000136,ENER-DC-00137,CSE-ENERGY-01,Energy,SERVER,DC,MEDIUM,Grid Operations,NETSEC,YES,PRIVILEGE|ENDPOINT,2026-08-24T11:21:27Z,ACTIVE,QRadar-Archive,PRODUCTION,2022-07-04
AST-000137,ENER-DMZ-00138,CSE-ENERGY-01,Energy,DATABASE,DMZ,MEDIUM,Billing,SOC,YES,PRIVILEGE|ENDPOINT,2026-09-02T12:15:01Z,MISSING,Splunk-ES,STAGING,2023-10-11
AST-000138,ENER-SCADA-00139,CSE-ENERGY-01,Energy,SERVER,SCADA,HIGH,Grid Operations,NETSEC,YES,OT|AUTH|WEB,2026-07-20T07:34:37Z,ACTIVE,QRadar-Archive,STAGING,2023-12-12
AST-000139,ENER-SCADA-00140,CSE-ENERGY-01,Energy,WORKSTATION,SCADA,CRITICAL,Identity,OT-OPS,YES,WEB|PRIVILEGE|ENDPOINT,2026-08-28T11:27:12Z,ACTIVE,Splunk-ES,STAGING,2024-12-27
AST-000140,ENER-DMZ-00141,CSE-ENERGY-01,Energy,FIREWALL,DMZ,MEDIUM,Substation Monitoring,NETSEC,YES,OT|DATABASE,2026-09-21T10:52:03Z,ACTIVE,EDR-Collector,PRODUCTION,2024-11-16
AST-000141,ENER-DC-00142,CSE-ENERGY-01,Energy,SERVER,DC,HIGH,Billing,APPSEC,YES,EXFILTRATION|ENDPOINT|DATABASE,2026-09-19T19:27:08Z,ACTIVE,Sentinel-Bridge,STAGING,2023-10-20
AST-000142,ENER-CORPORATE-00143,CSE-ENERGY-01,Energy,NETWORK_DEVICE,CORPORATE,HIGH,Grid Operations,APPSEC,YES,OT|WEB|PRIVILEGE,2026-07-01T02:52:14Z,ACTIVE,EDR-Collector,PRODUCTION,2020-05-07
AST-000143,ENER-CORPORATE-00144,CSE-ENERGY-01,Energy,DATABASE,CORPORATE,HIGH,Grid Operations,APPSEC,YES,WEB|EXFILTRATION|DATABASE,2026-07-23T13:40:54Z,ACTIVE,Splunk-ES,STAGING,2022-10-14
AST-000144,ENER-CORPORATE-00145,CSE-ENERGY-01,Energy,DATABASE,CORPORATE,HIGH,Billing,OT-OPS,YES,OT|DATABASE|PRIVILEGE,2026-07-01T23:46:19Z,ACTIVE,QRadar-Archive,DR,2020-10-20
AST-000145,ENER-SCADA-00146,CSE-ENERGY-01,Energy,SERVER,SCADA,LOW,Grid Operations,APPSEC,YES,DATABASE|ENDPOINT,2026-08-22T14:36:29Z,ACTIVE,QRadar-Archive,DR,2024-05-26
AST-000146,ENER-DC-00147,CSE-ENERGY-01,Energy,WORKSTATION,DC,CRITICAL,Grid Operations,OT-OPS,YES,NETWORK|WEB|AUTH,2026-08-21T20:31:31Z,ACTIVE,EDR-Collector,DR,2020-10-11
AST-000147,ENER-CORPORATE-00148,CSE-ENERGY-01,Energy,SERVER,CORPORATE,MEDIUM,Grid Operations,NETSEC,YES,PRIVILEGE|EXFILTRATION,2026-07-24T06:43:21Z,ACTIVE,Sentinel-Bridge,STAGING,2023-02-15
AST-000148,ENER-DMZ-00149,CSE-ENERGY-01,Energy,WORKSTATION,DMZ,CRITICAL,Billing,APPSEC,YES,WEB|OT|DATABASE,2026-08-08T16:56:39Z,ACTIVE,QRadar-Archive,PRODUCTION,2023-12-30
AST-000149,ENER-CORPORATE-00150,CSE-ENERGY-01,Energy,SERVER,CORPORATE,MEDIUM,Identity,SOC,YES,WEB|DATABASE,2026-09-15T19:15:36Z,ACTIVE,Splunk-ES,DR,2024-04-05
AST-000150,ENER-SCADA-00151,CSE-ENERGY-01,Energy,NETWORK_DEVICE,SCADA,HIGH,Grid Operations,IT-OPS,YES,EXFILTRATION|NETWORK|AUTH,2026-09-11T04:39:11Z,ACTIVE,EDR-Collector,PRODUCTION,2022-05-19
AST-000151,ENER-CORPORATE-00152,CSE-ENERGY-01,Energy,DATABASE,CORPORATE,MEDIUM,Billing,SOC,YES,ENDPOINT|NETWORK,2026-08-05T14:48:40Z,ACTIVE,EDR-Collector,PRODUCTION,2023-06-22
AST-000152,ENER-CORPORATE-00153,CSE-ENERGY-01,Energy,SERVER,CORPORATE,CRITICAL,Identity,NETSEC,YES,OT|EXFILTRATION|AUTH,2026-08-25T17:54:35Z,ACTIVE,QRadar-Archive,PRODUCTION,2021-05-17
AST-000153,ENER-DMZ-00154,CSE-ENERGY-01,Energy,WORKSTATION,DMZ,LOW,Identity,NETSEC,YES,PRIVILEGE|ENDPOINT,2026-08-27T08:28:53Z,ACTIVE,EDR-Collector,STAGING,2023-01-30
AST-000154,ENER-CORPORATE-00155,CSE-ENERGY-01,Energy,NETWORK_DEVICE,CORPORATE,CRITICAL,Substation Monitoring,NETSEC,YES,DATABASE|NETWORK|WEB,2026-07-03T12:28:08Z,ACTIVE,EDR-Collector,DR,2025-06-08
AST-000155,ENER-CORPORATE-00156,CSE-ENERGY-01,Energy,DATABASE,CORPORATE,MEDIUM,Identity,SOC,YES,WEB|NETWORK,2026-07-28T14:36:21Z,ACTIVE,Splunk-ES,DR,2026-03-27
AST-000156,ENER-CORPORATE-00157,CSE-ENERGY-01,Energy,SERVER,CORPORATE,MEDIUM,Billing,IT-OPS,YES,ENDPOINT|PRIVILEGE,2026-07-16T15:56:37Z,ACTIVE,QRadar-Archive,PRODUCTION,2024-02-13
AST-000157,ENER-SCADA-00158,CSE-ENERGY-01,Energy,PLC,SCADA,HIGH,Billing,NETSEC,YES,PRIVILEGE|AUTH|WEB,2026-07-28T03:25:12Z,ACTIVE,EDR-Collector,DR,2024-04-17
AST-000158,ENER-OT-00159,CSE-ENERGY-01,Energy,WORKSTATION,OT,MEDIUM,Identity,NETSEC,YES,WEB|ENDPOINT,2026-08-08T16:15:16Z,ACTIVE,EDR-Collector,PRODUCTION,2023-10-24
AST-000159,ENER-OT-00160,CSE-ENERGY-01,Energy,FIREWALL,OT,MEDIUM,Billing,SOC,YES,DATABASE|ENDPOINT,2026-08-23T20:33:56Z,ACTIVE,EDR-Collector,DR,2021-03-17
AST-000160,ENER-OT-00161,CSE-ENERGY-01,Energy,DATABASE,OT,CRITICAL,Substation Monitoring,APPSEC,YES,AUTH|OT|PRIVILEGE,2026-07-13T03:40:38Z,ACTIVE,Splunk-ES,STAGING,2021-10-14
AST-000161,ENER-DC-00162,CSE-ENERGY-01,Energy,FIREWALL,DC,LOW,Grid Operations,NETSEC,YES,WEB|ENDPOINT,2026-08-28T18:06:55Z,DEGRADED,EDR-Collector,STAGING,2020-06-06
AST-000162,ENER-DMZ-00163,CSE-ENERGY-01,Energy,SERVER,DMZ,LOW,Substation Monitoring,APPSEC,YES,PRIVILEGE|AUTH,2026-09-03T16:17:14Z,ACTIVE,EDR-Collector,STAGING,2025-09-13
AST-000163,ENER-DMZ-00164,CSE-ENERGY-01,Energy,DATABASE,DMZ,HIGH,Billing,NETSEC,YES,DATABASE|EXFILTRATION|ENDPOINT,2026-09-30T13:27:29Z,ACTIVE,Sentinel-Bridge,STAGING,2020-04-27
AST-000164,ENER-DC-00165,CSE-ENERGY-01,Energy,DATABASE,DC,HIGH,Grid Operations,APPSEC,YES,PRIVILEGE|DATABASE|EXFILTRATION,2026-08-28T09:46:17Z,ACTIVE,QRadar-Archive,STAGING,2024-08-07
AST-000165,ENER-OT-00166,CSE-ENERGY-01,Energy,WORKSTATION,OT,HIGH,Billing,APPSEC,YES,NETWORK|ENDPOINT|WEB,2026-09-20T21:42:48Z,ACTIVE,EDR-Collector,PRODUCTION,2024-08-18
AST-000166,ENER-CORPORATE-00167,CSE-ENERGY-01,Energy,SERVER,CORPORATE,HIGH,Billing,SOC,YES,PRIVILEGE|DATABASE|EXFILTRATION,2026-09-29T03:45:38Z,ACTIVE,Sentinel-Bridge,DR,2021-02-05
AST-000167,ENER-OT-00168,CSE-ENERGY-01,Energy,NETWORK_DEVICE,OT,CRITICAL,Grid Operations,OT-OPS,YES,PRIVILEGE|EXFILTRATION|WEB,2026-08-10T16:06:34Z,ACTIVE,Splunk-ES,STAGING,2024-06-11
AST-000168,ENER-OT-00169,CSE-ENERGY-01,Energy,WORKSTATION,OT,HIGH,Grid Operations,APPSEC,YES,ENDPOINT|WEB|PRIVILEGE,2026-08-11T09:31:08Z,ACTIVE,EDR-Collector,PRODUCTION,2020-03-04
AST-000169,ENER-DC-00170,CSE-ENERGY-01,Energy,SERVER,DC,LOW,Billing,IT-OPS,YES,WEB|ENDPOINT,2026-09-04T17:17:02Z,ACTIVE,Splunk-ES,PRODUCTION,2022-05-09
AST-000170,ENER-DC-00171,CSE-ENERGY-01,Energy,SERVER,DC,HIGH,Substation Monitoring,IT-OPS,YES,EXFILTRATION|OT|PRIVILEGE,2026-09-27T00:37:05Z,ACTIVE,QRadar-Archive,STAGING,2020-01-10
AST-000171,ENER-CORPORATE-00172,CSE-ENERGY-01,Energy,SERVER,CORPORATE,HIGH,Billing,NETSEC,YES,DATABASE|NETWORK|ENDPOINT,2026-09-17T13:36:47Z,ACTIVE,QRadar-Archive,PRODUCTION,2019-12-21
AST-000172,ENER-SCADA-00173,CSE-ENERGY-01,Energy,PLC,SCADA,CRITICAL,Identity,IT-OPS,YES,EXFILTRATION|WEB|AUTH,2026-09-03T14:26:48Z,ACTIVE,EDR-Collector,DR,2022-08-08
AST-000173,ENER-SCADA-00174,CSE-ENERGY-01,Energy,NETWORK_DEVICE,SCADA,LOW,Substation Monitoring,NETSEC,YES,WEB|DATABASE,2026-08-20T20:00:50Z,ACTIVE,Splunk-ES,PRODUCTION,2021-10-25
AST-000174,ENER-CORPORATE-00175,CSE-ENERGY-01,Energy,SERVER,CORPORATE,HIGH,Identity,IT-OPS,YES,PRIVILEGE|EXFILTRATION|ENDPOINT,2026-07-31T04:13:40Z,ACTIVE,EDR-Collector,PRODUCTION,2023-10-15
AST-000175,ENER-CORPORATE-00176,CSE-ENERGY-01,Energy,DATABASE,CORPORATE,MEDIUM,Billing,OT-OPS,YES,OT|WEB,2026-08-06T02:01:17Z,ACTIVE,EDR-Collector,STAGING,2025-05-24
AST-000176,ENER-DMZ-00177,CSE-ENERGY-01,Energy,APPLICATION,DMZ,HIGH,Substation Monitoring,NETSEC,YES,NETWORK|OT|WEB,2026-08-15T21:29:07Z,ACTIVE,QRadar-Archive,DR,2021-04-13
AST-000177,ENER-SCADA-00178,CSE-ENERGY-01,Energy,PLC,SCADA,CRITICAL,Identity,NETSEC,YES,DATABASE|EXFILTRATION|ENDPOINT,2026-07-06T08:21:24Z,ACTIVE,Sentinel-Bridge,PRODUCTION,2024-08-17
AST-000178,ENER-CORPORATE-00179,CSE-ENERGY-01,Energy,DATABASE,CORPORATE,MEDIUM,Grid Operations,IT-OPS,YES,NETWORK|DATABASE,2026-09-22T18:49:47Z,ACTIVE,Splunk-ES,DR,2025-10-02
AST-000179,ENER-DC-00180,CSE-ENERGY-01,Energy,SERVER,DC,HIGH,Grid Operations,SOC,YES,PRIVILEGE|ENDPOINT|AUTH,2026-07-28T23:04:35Z,ACTIVE,EDR-Collector,PRODUCTION,2024-07-25
AST-000180,ENER-OT-00181,CSE-ENERGY-01,Energy,FIREWALL,OT,HIGH,Billing,OT-OPS,YES,EXFILTRATION|AUTH|PRIVILEGE,2026-08-31T06:46:09Z,ACTIVE,Splunk-ES,PRODUCTION,2025-10-30
AST-000181,ENER-CORPORATE-00182,CSE-ENERGY-01,Energy,SERVER,CORPORATE,LOW,Billing,NETSEC,YES,OT|WEB,2026-08-17T02:42:40Z,ACTIVE,QRadar-Archive,DR,2024-12-12
AST-000182,ENER-CORPORATE-00183,CSE-ENERGY-01,Energy,WORKSTATION,CORPORATE,MEDIUM,Grid Operations,SOC,YES,OT|NETWORK,2026-08-29T23:34:59Z,ACTIVE,Sentinel-Bridge,PRODUCTION,2025-06-22
AST-000183,ENER-CORPORATE-00184,CSE-ENERGY-01,Energy,WORKSTATION,CORPORATE,HIGH,Substation Monitoring,IT-OPS,YES,WEB|DATABASE|NETWORK,2026-08-29T00:08:44Z,ACTIVE,Splunk-ES,STAGING,2025-04-25
AST-000184,ENER-CORPORATE-00185,CSE-ENERGY-01,Energy,DATABASE,CORPORATE,LOW,Billing,APPSEC,YES,AUTH|ENDPOINT,2026-08-27T23:53:05Z,ACTIVE,Sentinel-Bridge,PRODUCTION,2024-12-07
AST-000185,ENER-OT-00186,CSE-ENERGY-01,Energy,WORKSTATION,OT,HIGH,Grid Operations,APPSEC,YES,WEB|EXFILTRATION|NETWORK,2026-07-13T07:39:54Z,ACTIVE,EDR-Collector,PRODUCTION,2026-01-29
AST-000186,ENER-SCADA-00187,CSE-ENERGY-01,Energy,PLC,SCADA,MEDIUM,Grid Operations,NETSEC,YES,PRIVILEGE|EXFILTRATION,2026-08-29T03:59:00Z,ACTIVE,QRadar-Archive,STAGING,2020-04-30
AST-000187,ENER-DC-00188,CSE-ENERGY-01,Energy,SERVER,DC,HIGH,Grid Operations,NETSEC,YES,PRIVILEGE|WEB|AUTH,2026-09-28T12:21:28Z,ACTIVE,QRadar-Archive,PRODUCTION,2025-11-26
AST-000188,ENER-OT-00189,CSE-ENERGY-01,Energy,WORKSTATION,OT,MEDIUM,Identity,IT-OPS,YES,NETWORK|PRIVILEGE,2026-09-30T19:19:37Z,ACTIVE,QRadar-Archive,DR,2025-07-22
AST-000189,ENER-DMZ-00190,CSE-ENERGY-01,Energy,SERVER,DMZ,MEDIUM,Substation Monitoring,IT-OPS,YES,NETWORK|DATABASE,2026-07-14T08:35:12Z,ACTIVE,Sentinel-Bridge,PRODUCTION,2021-03-11
AST-000190,ENER-DMZ-00191,CSE-ENERGY-01,Energy,FIREWALL,DMZ,LOW,Substation Monitoring,IT-OPS,YES,OT|AUTH,2026-08-15T23:05:37Z,ACTIVE,EDR-Collector,DR,2023-11-15
AST-000191,ENER-DC-00192,CSE-ENERGY-01,Energy,SERVER,DC,HIGH,Billing,IT-OPS,YES,WEB|DATABASE|EXFILTRATION,2026-07-02T19:36:50Z,ACTIVE,Splunk-ES,DR,2024-04-25
AST-000192,ENER-CORPORATE-00193,CSE-ENERGY-01,Energy,SERVER,CORPORATE,LOW,Substation Monitoring,NETSEC,YES,EXFILTRATION|ENDPOINT,2026-09-12T02:01:15Z,ACTIVE,Sentinel-Bridge,STAGING,2025-07-05
AST-000193,ENER-CORPORATE-00194,CSE-ENERGY-01,Energy,SERVER,CORPORATE,HIGH,Grid Operations,SOC,YES,AUTH|WEB|ENDPOINT,2026-08-30T14:55:35Z,ACTIVE,EDR-Collector,PRODUCTION,2021-05-15
AST-000194,ENER-CORPORATE-00195,CSE-ENERGY-01,Energy,DATABASE,CORPORATE,MEDIUM,Grid Operations,OT-OPS,YES,ENDPOINT|DATABASE,2026-08-25T16:48:48Z,ACTIVE,QRadar-Archive,PRODUCTION,2023-08-18
AST-000195,ENER-OT-00196,CSE-ENERGY-01,Energy,DATABASE,OT,MEDIUM,Billing,APPSEC,YES,WEB|OT,2026-09-25T03:08:13Z,ACTIVE,EDR-Collector,DR,2021-06-13
AST-000196,ENER-DMZ-00197,CSE-ENERGY-01,Energy,WORKSTATION,DMZ,HIGH,Grid Operations,NETSEC,YES,WEB|OT|EXFILTRATION,2026-08-03T05:59:21Z,ACTIVE,EDR-Collector,DR,2020-10-28
AST-000197,ENER-DMZ-00198,CSE-ENERGY-01,Energy,WORKSTATION,DMZ,MEDIUM,Identity,OT-OPS,YES,WEB|ENDPOINT,2026-08-15T20:07:21Z,DEGRADED,EDR-Collector,STAGING,2022-12-04
AST-000198,ENER-DC-00199,CSE-ENERGY-01,Energy,SERVER,DC,HIGH,Grid Operations,APPSEC,YES,ENDPOINT|DATABASE|WEB,2026-09-19T06:25:30Z,ACTIVE,EDR-Collector,STAGING,2021-10-03
AST-000199,ENER-DC-00200,CSE-ENERGY-01,Energy,APPLICATION,DC,MEDIUM,Identity,SOC,YES,EXFILTRATION|NETWORK,2026-07-27T15:33:43Z,ACTIVE,EDR-Collector,DR,2023-05-22
AST-000200,ENER-CORPORATE-00201,CSE-ENERGY-01,Energy,FIREWALL,CORPORATE,MEDIUM,Grid Operations,IT-OPS,YES,OT|AUTH,2026-08-20T14:54:47Z,ACTIVE,EDR-Collector,PRODUCTION,2025-01-03
AST-000201,ENER-OT-00202,CSE-ENERGY-01,Energy,NETWORK_DEVICE,OT,CRITICAL,Billing,APPSEC,YES,NETWORK|ENDPOINT|EXFILTRATION,2026-07-14T02:53:39Z,ACTIVE,QRadar-Archive,STAGING,2020-07-20
AST-000202,ENER-DMZ-00203,CSE-ENERGY-01,Energy,WORKSTATION,DMZ,CRITICAL,Grid Operations,OT-OPS,YES,WEB|PRIVILEGE|EXFILTRATION,2026-08-31T07:15:49Z,ACTIVE,Sentinel-Bridge,DR,2023-06-02
AST-000203,ENER-SCADA-00204,CSE-ENERGY-01,Energy,APPLICATION,SCADA,HIGH,Billing,OT-OPS,YES,EXFILTRATION|WEB|DATABASE,2026-09-18T05:40:56Z,ACTIVE,Splunk-ES,PRODUCTION,2022-11-19
AST-000204,ENER-CORPORATE-00205,CSE-ENERGY-01,Energy,SERVER,CORPORATE,HIGH,Grid Operations,APPSEC,YES,NETWORK|AUTH|WEB,2026-09-23T16:21:15Z,ACTIVE,QRadar-Archive,STAGING,2023-07-13
AST-000205,ENER-CORPORATE-00206,CSE-ENERGY-01,Energy,SERVER,CORPORATE,MEDIUM,Grid Operations,OT-OPS,YES,NETWORK|EXFILTRATION,2026-09-25T08:30:58Z,DEGRADED,EDR-Collector,DR,2020-10-04
AST-000206,ENER-DC-00207,CSE-ENERGY-01,Energy,WORKSTATION,DC,CRITICAL,Grid Operations,OT-OPS,YES,NETWORK|DATABASE|WEB,2026-09-09T21:45:17Z,ACTIVE,QRadar-Archive,DR,2025-06-06
AST-000207,ENER-CORPORATE-00208,CSE-ENERGY-01,Energy,SERVER,CORPORATE,MEDIUM,Grid Operations,SOC,YES,PRIVILEGE|DATABASE,2026-09-01T10:29:39Z,ACTIVE,QRadar-Archive,STAGING,2026-01-26
AST-000208,ENER-CORPORATE-00209,CSE-ENERGY-01,Energy,DATABASE,CORPORATE,MEDIUM,Identity,OT-OPS,YES,OT|AUTH,2026-09-04T07:35:54Z,ACTIVE,QRadar-Archive,STAGING,2023-09-01
AST-000209,ENER-DMZ-00210,CSE-ENERGY-01,Energy,SERVER,DMZ,MEDIUM,Grid Operations,SOC,YES,OT|ENDPOINT,2026-08-22T22:30:40Z,ACTIVE,EDR-Collector,STAGING,2022-08-04
AST-000210,ENER-CORPORATE-00211,CSE-ENERGY-01,Energy,SERVER,CORPORATE,MEDIUM,Billing,OT-OPS,YES,ENDPOINT|NETWORK,2026-07-19T14:52:54Z,ACTIVE,EDR-Collector,STAGING,2021-05-14
AST-000211,ENER-DMZ-00212,CSE-ENERGY-01,Energy,NETWORK_DEVICE,DMZ,MEDIUM,Substation Monitoring,IT-OPS,YES,WEB|ENDPOINT,2026-09-06T18:39:34Z,ACTIVE,Sentinel-Bridge,DR,2020-08-18
AST-000212,ENER-CORPORATE-00213,CSE-ENERGY-01,Energy,WORKSTATION,CORPORATE,CRITICAL,Identity,NETSEC,YES,AUTH|WEB|OT,2026-08-20T13:10:24Z,ACTIVE,EDR-Collector,DR,2023-05-16
AST-000213,ENER-CORPORATE-00214,CSE-ENERGY-01,Energy,SERVER,CORPORATE,MEDIUM,Substation Monitoring,SOC,YES,PRIVILEGE|EXFILTRATION,2026-08-01T01:51:19Z,DEGRADED,QRadar-Archive,DR,2020-10-11
AST-000214,ENER-DC-00215,CSE-ENERGY-01,Energy,DATABASE,DC,MEDIUM,Billing,IT-OPS,YES,EXFILTRATION|DATABASE,2026-08-03T06:49:41Z,ACTIVE,EDR-Collector,STAGING,2022-03-05
AST-000215,ENER-DC-00216,CSE-ENERGY-01,Energy,SERVER,DC,MEDIUM,Billing,OT-OPS,YES,NETWORK|EXFILTRATION,2026-08-05T04:35:48Z,DEGRADED,Splunk-ES,STAGING,2025-03-06
AST-000216,ENER-CORPORATE-00217,CSE-ENERGY-01,Energy,SERVER,CORPORATE,HIGH,Substation Monitoring,OT-OPS,YES,EXFILTRATION|PRIVILEGE|WEB,2026-09-26T06:11:32Z,DEGRADED,Sentinel-Bridge,DR,2021-12-24
AST-000217,ENER-CORPORATE-00218,CSE-ENERGY-01,Energy,SERVER,CORPORATE,CRITICAL,Billing,SOC,YES,AUTH|DATABASE|EXFILTRATION,2026-07-20T01:59:41Z,ACTIVE,EDR-Collector,PRODUCTION,2021-11-04
AST-000218,ENER-CORPORATE-00219,CSE-ENERGY-01,Energy,APPLICATION,CORPORATE,HIGH,Substation Monitoring,IT-OPS,YES,ENDPOINT|NETWORK|AUTH,2026-08-12T05:27:35Z,ACTIVE,EDR-Collector,DR,2021-09-22
AST-000219,ENER-CORPORATE-00220,CSE-ENERGY-01,Energy,WORKSTATION,CORPORATE,MEDIUM,Identity,APPSEC,YES,DATABASE|OT,2026-08-01T18:21:42Z,ACTIVE,Splunk-ES,DR,2022-11-08
AST-000220,ENER-OT-00221,CSE-ENERGY-01,Energy,FIREWALL,OT,CRITICAL,Substation Monitoring,NETSEC,YES,PRIVILEGE|EXFILTRATION|ENDPOINT,2026-09-20T23:59:59Z,ACTIVE,EDR-Collector,DR,2021-09-03
AST-000221,ENER-SCADA-00222,CSE-ENERGY-01,Energy,HMI,SCADA,CRITICAL,Grid Operations,OT-OPS,YES,DATABASE|EXFILTRATION|WEB,2026-08-03T08:46:49Z,ACTIVE,EDR-Collector,PRODUCTION,2021-10-08
AST-000222,ENER-CORPORATE-00223,CSE-ENERGY-01,Energy,WORKSTATION,CORPORATE,LOW,Billing,OT-OPS,YES,DATABASE|AUTH,2026-08-08T23:45:37Z,ACTIVE,EDR-Collector,DR,2025-03-14
AST-000223,ENER-DMZ-00224,CSE-ENERGY-01,Energy,SERVER,DMZ,HIGH,Substation Monitoring,OT-OPS,YES,DATABASE|WEB|NETWORK,2026-08-28T08:34:24Z,ACTIVE,Splunk-ES,STAGING,2020-10-29
AST-000224,ENER-CORPORATE-00225,CSE-ENERGY-01,Energy,SERVER,CORPORATE,LOW,Identity,APPSEC,YES,ENDPOINT|AUTH,2026-09-01T17:26:00Z,ACTIVE,Splunk-ES,STAGING,2025-07-27
AST-000225,ENER-SCADA-00226,CSE-ENERGY-01,Energy,HMI,SCADA,CRITICAL,Substation Monitoring,APPSEC,YES,NETWORK|ENDPOINT|PRIVILEGE,2026-08-18T22:33:09Z,DEGRADED,QRadar-Archive,STAGING,2021-01-30
AST-000226,ENER-SCADA-00227,CSE-ENERGY-01,Energy,HMI,SCADA,LOW,Substation Monitoring,SOC,YES,NETWORK|OT,2026-07-24T21:53:30Z,DEGRADED,Splunk-ES,STAGING,2021-01-16
AST-000227,ENER-DMZ-00228,CSE-ENERGY-01,Energy,FIREWALL,DMZ,HIGH,Identity,SOC,YES,NETWORK|PRIVILEGE|OT,2026-08-24T14:19:19Z,ACTIVE,Sentinel-Bridge,PRODUCTION,2022-10-16
AST-000228,ENER-CORPORATE-00229,CSE-ENERGY-01,Energy,WORKSTATION,CORPORATE,HIGH,Identity,IT-OPS,YES,PRIVILEGE|DATABASE|OT,2026-07-10T00:25:48Z,ACTIVE,Sentinel-Bridge,STAGING,2023-08-27
AST-000229,ENER-CORPORATE-00230,CSE-ENERGY-01,Energy,SERVER,CORPORATE,HIGH,Grid Operations,NETSEC,YES,DATABASE|WEB|ENDPOINT,2026-07-10T23:33:22Z,ACTIVE,QRadar-Archive,PRODUCTION,2024-04-21
AST-000230,ENER-CORPORATE-00231,CSE-ENERGY-01,Energy,APPLICATION,CORPORATE,HIGH,Identity,IT-OPS,YES,ENDPOINT|DATABASE|AUTH,2026-09-02T04:51:40Z,ACTIVE,QRadar-Archive,DR,2020-02-29
AST-000231,ENER-CORPORATE-00232,CSE-ENERGY-01,Energy,SERVER,CORPORATE,LOW,Grid Operations,OT-OPS,YES,WEB|OT,2026-07-08T10:19:32Z,ACTIVE,Sentinel-Bridge,PRODUCTION,2025-10-23
AST-000232,ENER-SCADA-00233,CSE-ENERGY-01,Energy,SERVER,SCADA,LOW,Billing,OT-OPS,YES,NETWORK|ENDPOINT,2026-09-04T04:44:51Z,ACTIVE,Sentinel-Bridge,DR,2023-04-22
AST-000233,ENER-OT-00234,CSE-ENERGY-01,Energy,SERVER,OT,HIGH,Substation Monitoring,SOC,YES,OT|WEB|NETWORK,2026-09-12T19:17:07Z,ACTIVE,Sentinel-Bridge,STAGING,2022-07-01
AST-000234,ENER-OT-00235,CSE-ENERGY-01,Energy,WORKSTATION,OT,LOW,Grid Operations,OT-OPS,YES,NETWORK|AUTH,2026-08-12T13:09:10Z,ACTIVE,Splunk-ES,PRODUCTION,2020-06-27
AST-000235,ENER-CORPORATE-00236,CSE-ENERGY-01,Energy,WORKSTATION,CORPORATE,MEDIUM,Billing,SOC,YES,EXFILTRATION|WEB,2026-07-22T06:52:34Z,ACTIVE,EDR-Collector,DR,2024-10-24
AST-000236,ENER-SCADA-00237,CSE-ENERGY-01,Energy,PLC,SCADA,HIGH,Substation Monitoring,NETSEC,YES,ENDPOINT|AUTH|EXFILTRATION,2026-09-29T15:59:52Z,ACTIVE,Sentinel-Bridge,PRODUCTION,2020-06-21
AST-000237,ENER-CORPORATE-00238,CSE-ENERGY-01,Energy,APPLICATION,CORPORATE,LOW,Identity,IT-OPS,YES,AUTH|OT,2026-09-04T13:04:55Z,ACTIVE,Splunk-ES,DR,2020-12-23
AST-000238,ENER-SCADA-00239,CSE-ENERGY-01,Energy,NETWORK_DEVICE,SCADA,HIGH,Billing,IT-OPS,YES,DATABASE|ENDPOINT|NETWORK,2026-09-08T09:07:03Z,ACTIVE,Sentinel-Bridge,STAGING,2025-09-18
AST-000239,ENER-CORPORATE-00240,CSE-ENERGY-01,Energy,SERVER,CORPORATE,HIGH,Grid Operations,OT-OPS,YES,OT|NETWORK|AUTH,2026-07-23T22:20:25Z,ACTIVE,Splunk-ES,STAGING,2020-01-17
AST-000240,ENER-OT-00241,CSE-ENERGY-01,Energy,SERVER,OT,HIGH,Identity,SOC,YES,ENDPOINT|NETWORK|OT,2026-08-23T01:06:37Z,DEGRADED,EDR-Collector,PRODUCTION,2025-10-19
AST-000241,ENER-DMZ-00242,CSE-ENERGY-01,Energy,FIREWALL,DMZ,HIGH,Grid Operations,NETSEC,YES,ENDPOINT|NETWORK|PRIVILEGE,2026-09-16T10:18:19Z,ACTIVE,EDR-Collector,STAGING,2024-09-02
AST-000242,ENER-DC-00243,CSE-ENERGY-01,Energy,FIREWALL,DC,CRITICAL,Substation Monitoring,IT-OPS,YES,PRIVILEGE|ENDPOINT|NETWORK,2026-07-22T04:58:17Z,ACTIVE,Splunk-ES,STAGING,2023-12-24
AST-000243,ENER-CORPORATE-00244,CSE-ENERGY-01,Energy,WORKSTATION,CORPORATE,MEDIUM,Substation Monitoring,NETSEC,YES,NETWORK|AUTH,2026-07-19T10:07:20Z,ACTIVE,Sentinel-Bridge,STAGING,2025-04-24
AST-000244,ENER-CORPORATE-00245,CSE-ENERGY-01,Energy,SERVER,CORPORATE,LOW,Billing,NETSEC,YES,ENDPOINT|NETWORK,2026-08-29T15:03:54Z,ACTIVE,EDR-Collector,STAGING,2020-08-03
AST-000245,ENER-SCADA-00246,CSE-ENERGY-01,Energy,HMI,SCADA,CRITICAL,Identity,OT-OPS,YES,DATABASE|WEB|EXFILTRATION,2026-09-25T21:58:35Z,ACTIVE,QRadar-Archive,PRODUCTION,2020-09-24
AST-000246,ENER-CORPORATE-00247,CSE-ENERGY-01,Energy,WORKSTATION,CORPORATE,HIGH,Billing,OT-OPS,YES,WEB|PRIVILEGE|NETWORK,2026-07-10T15:35:17Z,ACTIVE,Sentinel-Bridge,DR,2021-07-22
AST-000247,ENER-CORPORATE-00248,CSE-ENERGY-01,Energy,DATABASE,CORPORATE,LOW,Identity,OT-OPS,YES,PRIVILEGE|WEB,2026-09-27T10:38:06Z,ACTIVE,Sentinel-Bridge,PRODUCTION,2021-02-20
AST-000248,ENER-OT-00249,CSE-ENERGY-01,Energy,DATABASE,OT,CRITICAL,Grid Operations,IT-OPS,YES,DATABASE|EXFILTRATION|ENDPOINT,2026-08-21T21:29:43Z,DEGRADED,Sentinel-Bridge,PRODUCTION,2020-07-26
AST-000249,ENER-DMZ-00250,CSE-ENERGY-01,Energy,SERVER,DMZ,HIGH,Substation Monitoring,APPSEC,YES,PRIVILEGE|WEB|DATABASE,2026-08-11T10:36:51Z,ACTIVE,Sentinel-Bridge,DR,2025-07-26
AST-000250,ENER-SCADA-00251,CSE-ENERGY-01,Energy,HMI,SCADA,MEDIUM,Identity,IT-OPS,YES,AUTH|OT,2026-09-12T11:04:52Z,ACTIVE,Sentinel-Bridge,DR,2024-12-23
AST-000251,ENER-CORPORATE-00252,CSE-ENERGY-01,Energy,DATABASE,CORPORATE,HIGH,Billing,OT-OPS,YES,OT|PRIVILEGE|ENDPOINT,2026-08-26T14:46:34Z,ACTIVE,QRadar-Archive,DR,2021-07-18
AST-000252,ENER-DMZ-00253,CSE-ENERGY-01,Energy,SERVER,DMZ,MEDIUM,Identity,APPSEC,YES,OT|AUTH,2026-08-18T08:33:59Z,DEGRADED,Splunk-ES,STAGING,2025-07-30
AST-000253,ENER-SCADA-00254,CSE-ENERGY-01,Energy,HMI,SCADA,LOW,Billing,NETSEC,YES,ENDPOINT|EXFILTRATION,2026-07-12T16:36:50Z,ACTIVE,QRadar-Archive,PRODUCTION,2021-04-03
AST-000254,ENER-OT-00255,CSE-ENERGY-01,Energy,WORKSTATION,OT,HIGH,Identity,NETSEC,YES,EXFILTRATION|DATABASE|PRIVILEGE,2026-07-31T05:36:05Z,ACTIVE,Sentinel-Bridge,PRODUCTION,2020-07-13
AST-000255,ENER-CORPORATE-00256,CSE-ENERGY-01,Energy,DATABASE,CORPORATE,LOW,Billing,SOC,YES,ENDPOINT|EXFILTRATION,2026-08-15T00:31:19Z,ACTIVE,EDR-Collector,STAGING,2021-02-06
AST-000256,ENER-SCADA-00257,CSE-ENERGY-01,Energy,APPLICATION,SCADA,MEDIUM,Substation Monitoring,SOC,YES,WEB|AUTH,2026-07-24T19:27:56Z,ACTIVE,Splunk-ES,STAGING,2024-08-22
AST-000257,ENER-OT-00258,CSE-ENERGY-01,Energy,WORKSTATION,OT,LOW,Grid Operations,SOC,YES,EXFILTRATION|DATABASE,2026-09-22T01:49:03Z,ACTIVE,QRadar-Archive,PRODUCTION,2020-11-05
AST-000258,ENER-OT-00259,CSE-ENERGY-01,Energy,FIREWALL,OT,HIGH,Identity,NETSEC,YES,PRIVILEGE|NETWORK|EXFILTRATION,2026-09-14T19:53:11Z,ACTIVE,Sentinel-Bridge,PRODUCTION,2020-07-21
AST-000259,ENER-DMZ-00260,CSE-ENERGY-01,Energy,WORKSTATION,DMZ,LOW,Substation Monitoring,NETSEC,YES,AUTH|EXFILTRATION,2026-07-21T21:52:57Z,ACTIVE,QRadar-Archive,STAGING,2021-12-13
AST-000260,ENER-DC-00261,CSE-ENERGY-01,Energy,APPLICATION,DC,LOW,Grid Operations,NETSEC,YES,PRIVILEGE|WEB,2026-08-05T23:57:01Z,ACTIVE,EDR-Collector,STAGING,2020-01-16
AST-000261,ENER-DC-00262,CSE-ENERGY-01,Energy,DATABASE,DC,HIGH,Billing,APPSEC,YES,NETWORK|OT|DATABASE,2026-08-19T11:56:18Z,ACTIVE,QRadar-Archive,STAGING,2026-01-20
AST-000262,ENER-OT-00263,CSE-ENERGY-01,Energy,WORKSTATION,OT,MEDIUM,Billing,APPSEC,YES,WEB|AUTH,2026-09-10T21:39:39Z,ACTIVE,QRadar-Archive,PRODUCTION,2020-03-27
AST-000263,ENER-CORPORATE-00264,CSE-ENERGY-01,Energy,APPLICATION,CORPORATE,MEDIUM,Grid Operations,NETSEC,YES,PRIVILEGE|OT,2026-07-14T21:15:50Z,ACTIVE,Splunk-ES,PRODUCTION,2022-11-12
AST-000264,ENER-DC-00265,CSE-ENERGY-01,Energy,NETWORK_DEVICE,DC,HIGH,Billing,NETSEC,YES,WEB|AUTH|PRIVILEGE,2026-08-28T14:28:23Z,ACTIVE,Sentinel-Bridge,PRODUCTION,2024-08-13
AST-000265,ENER-DMZ-00266,CSE-ENERGY-01,Energy,DATABASE,DMZ,HIGH,Billing,NETSEC,YES,AUTH|DATABASE|EXFILTRATION,2026-09-27T03:18:45Z,ACTIVE,Sentinel-Bridge,DR,2020-08-24
AST-000266,ENER-DMZ-00267,CSE-ENERGY-01,Energy,SERVER,DMZ,MEDIUM,Grid Operations,IT-OPS,YES,EXFILTRATION|OT,2026-08-24T13:06:29Z,ACTIVE,EDR-Collector,PRODUCTION,2025-08-08
AST-000267,ENER-DMZ-00268,CSE-ENERGY-01,Energy,WORKSTATION,DMZ,HIGH,Substation Monitoring,IT-OPS,YES,DATABASE|AUTH|EXFILTRATION,2026-08-30T15:21:48Z,ACTIVE,Sentinel-Bridge,PRODUCTION,2020-02-24
AST-000268,ENER-CORPORATE-00269,CSE-ENERGY-01,Energy,SERVER,CORPORATE,CRITICAL,Billing,APPSEC,YES,DATABASE|NETWORK|WEB,2026-07-20T23:49:52Z,ACTIVE,Splunk-ES,PRODUCTION,2019-12-13
AST-000269,ENER-OT-00270,CSE-ENERGY-01,Energy,SERVER,OT,MEDIUM,Substation Monitoring,IT-OPS,YES,AUTH|EXFILTRATION,2026-08-05T12:10:06Z,ACTIVE,QRadar-Archive,STAGING,2023-07-14
AST-000270,ENER-DC-00271,CSE-ENERGY-01,Energy,NETWORK_DEVICE,DC,MEDIUM,Grid Operations,IT-OPS,YES,ENDPOINT|PRIVILEGE,2026-09-04T16:20:25Z,ACTIVE,EDR-Collector,PRODUCTION,2020-06-27
AST-000271,ENER-OT-00272,CSE-ENERGY-01,Energy,SERVER,OT,CRITICAL,Billing,APPSEC,YES,WEB|AUTH|NETWORK,2026-08-21T09:02:31Z,ACTIVE,QRadar-Archive,STAGING,2020-12-10
AST-000272,ENER-CORPORATE-00273,CSE-ENERGY-01,Energy,FIREWALL,CORPORATE,MEDIUM,Grid Operations,OT-OPS,YES,EXFILTRATION|PRIVILEGE,2026-07-26T15:37:20Z,ACTIVE,Splunk-ES,DR,2022-01-09
AST-000273,ENER-SCADA-00274,CSE-ENERGY-01,Energy,PLC,SCADA,MEDIUM,Grid Operations,OT-OPS,YES,DATABASE|ENDPOINT,2026-09-09T20:48:58Z,ACTIVE,EDR-Collector,PRODUCTION,2025-06-09
AST-000274,ENER-DC-00275,CSE-ENERGY-01,Energy,WORKSTATION,DC,CRITICAL,Substation Monitoring,NETSEC,YES,DATABASE|OT|EXFILTRATION,2026-07-30T01:45:24Z,ACTIVE,QRadar-Archive,DR,2021-01-03
AST-000275,ENER-DC-00276,CSE-ENERGY-01,Energy,WORKSTATION,DC,MEDIUM,Billing,APPSEC,YES,WEB|PRIVILEGE,2026-08-01T09:03:17Z,ACTIVE,QRadar-Archive,DR,2024-05-13
AST-000276,ENER-OT-00277,CSE-ENERGY-01,Energy,FIREWALL,OT,HIGH,Identity,APPSEC,YES,PRIVILEGE|WEB|DATABASE,2026-09-03T06:32:19Z,ACTIVE,EDR-Collector,STAGING,2025-04-19
AST-000277,ENER-SCADA-00278,CSE-ENERGY-01,Energy,HMI,SCADA,HIGH,Grid Operations,OT-OPS,YES,ENDPOINT|EXFILTRATION|OT,2026-07-26T22:10:36Z,MISSING,Sentinel-Bridge,PRODUCTION,2022-05-25
AST-000278,ENER-CORPORATE-00279,CSE-ENERGY-01,Energy,DATABASE,CORPORATE,MEDIUM,Grid Operations,IT-OPS,YES,DATABASE|NETWORK,2026-09-24T01:25:49Z,ACTIVE,QRadar-Archive,STAGING,2020-03-06
AST-000279,ENER-CORPORATE-00280,CSE-ENERGY-01,Energy,NETWORK_DEVICE,CORPORATE,HIGH,Grid Operations,IT-OPS,YES,PRIVILEGE|DATABASE|EXFILTRATION,2026-07-09T09:44:24Z,ACTIVE,Sentinel-Bridge,STAGING,2021-06-14
AST-000280,ENER-DC-00281,CSE-ENERGY-01,Energy,DATABASE,DC,MEDIUM,Grid Operations,APPSEC,YES,WEB|PRIVILEGE,2026-08-09T16:20:01Z,ACTIVE,Splunk-ES,STAGING,2020-09-01
AST-000281,ENER-DC-00282,CSE-ENERGY-01,Energy,SERVER,DC,MEDIUM,Billing,OT-OPS,YES,PRIVILEGE|OT,2026-09-10T21:31:11Z,ACTIVE,EDR-Collector,STAGING,2026-02-17
AST-000282,ENER-OT-00283,CSE-ENERGY-01,Energy,DATABASE,OT,LOW,Identity,IT-OPS,YES,PRIVILEGE|OT,2026-07-06T19:27:09Z,DEGRADED,QRadar-Archive,DR,2022-01-10
AST-000283,ENER-SCADA-00284,CSE-ENERGY-01,Energy,HMI,SCADA,MEDIUM,Substation Monitoring,APPSEC,YES,NETWORK|DATABASE,2026-07-04T07:23:36Z,ACTIVE,EDR-Collector,STAGING,2020-12-17
AST-000284,ENER-DC-00285,CSE-ENERGY-01,Energy,SERVER,DC,LOW,Billing,IT-OPS,YES,EXFILTRATION|DATABASE,2026-07-04T08:29:13Z,ACTIVE,EDR-Collector,STAGING,2019-12-16
AST-000285,ENER-DMZ-00286,CSE-ENERGY-01,Energy,SERVER,DMZ,HIGH,Substation Monitoring,SOC,YES,DATABASE|ENDPOINT|WEB,2026-07-25T11:06:54Z,ACTIVE,Splunk-ES,DR,2020-06-26
AST-000286,ENER-CORPORATE-00287,CSE-ENERGY-01,Energy,APPLICATION,CORPORATE,CRITICAL,Identity,NETSEC,YES,PRIVILEGE|WEB|DATABASE,2026-08-06T00:33:45Z,DEGRADED,Splunk-ES,DR,2025-01-03
AST-000287,ENER-CORPORATE-00288,CSE-ENERGY-01,Energy,SERVER,CORPORATE,CRITICAL,Grid Operations,APPSEC,YES,ENDPOINT|NETWORK|AUTH,2026-09-14T03:29:44Z,ACTIVE,EDR-Collector,STAGING,2021-08-11
AST-000288,ENER-CORPORATE-00289,CSE-ENERGY-01,Energy,WORKSTATION,CORPORATE,MEDIUM,Identity,OT-OPS,YES,EXFILTRATION|NETWORK,2026-07-14T14:47:47Z,ACTIVE,Splunk-ES,STAGING,2022-08-04
AST-000289,ENER-DC-00290,CSE-ENERGY-01,Energy,APPLICATION,DC,MEDIUM,Substation Monitoring,NETSEC,YES,DATABASE|NETWORK,2026-08-31T10:16:43Z,ACTIVE,Splunk-ES,DR,2022-02-02
AST-000290,ENER-CORPORATE-00291,CSE-ENERGY-01,Energy,NETWORK_DEVICE,CORPORATE,LOW,Grid Operations,IT-OPS,YES,ENDPOINT|DATABASE,2026-09-20T19:56:41Z,ACTIVE,Splunk-ES,PRODUCTION,2021-02-16
AST-000291,ENER-CORPORATE-00292,CSE-ENERGY-01,Energy,APPLICATION,CORPORATE,MEDIUM,Substation Monitoring,NETSEC,YES,OT|WEB,2026-07-29T22:57:01Z,ACTIVE,EDR-Collector,DR,2020-10-07
AST-000292,ENER-DC-00293,CSE-ENERGY-01,Energy,WORKSTATION,DC,CRITICAL,Grid Operations,APPSEC,YES,NETWORK|WEB|AUTH,2026-09-11T06:36:58Z,ACTIVE,QRadar-Archive,STAGING,2020-08-24
AST-000293,ENER-CORPORATE-00294,CSE-ENERGY-01,Energy,NETWORK_DEVICE,CORPORATE,LOW,Identity,SOC,YES,OT|DATABASE,2026-09-21T01:06:00Z,ACTIVE,Splunk-ES,DR,2024-07-14
AST-000294,ENER-SCADA-00295,CSE-ENERGY-01,Energy,SERVER,SCADA,CRITICAL,Identity,OT-OPS,YES,EXFILTRATION|DATABASE|ENDPOINT,2026-07-31T02:45:17Z,ACTIVE,Splunk-ES,STAGING,2023-04-16
AST-000295,ENER-DMZ-00296,CSE-ENERGY-01,Energy,SERVER,DMZ,MEDIUM,Billing,NETSEC,YES,OT|PRIVILEGE,2026-09-02T13:51:14Z,ACTIVE,Sentinel-Bridge,STAGING,2020-04-05
AST-000296,ENER-DMZ-00297,CSE-ENERGY-01,Energy,NETWORK_DEVICE,DMZ,CRITICAL,Grid Operations,NETSEC,YES,EXFILTRATION|NETWORK|WEB,2026-09-13T23:59:59Z,ACTIVE,Sentinel-Bridge,STAGING,2022-04-18
AST-000297,ENER-CORPORATE-00298,CSE-ENERGY-01,Energy,SERVER,CORPORATE,LOW,Grid Operations,IT-OPS,YES,WEB|DATABASE,2026-09-19T22:00:34Z,ACTIVE,Splunk-ES,PRODUCTION,2023-09-18
AST-000298,ENER-SCADA-00299,CSE-ENERGY-01,Energy,SERVER,SCADA,MEDIUM,Billing,OT-OPS,YES,PRIVILEGE|ENDPOINT,2026-09-14T02:06:33Z,ACTIVE,QRadar-Archive,DR,2022-05-23
AST-000299,ENER-CORPORATE-00300,CSE-ENERGY-01,Energy,SERVER,CORPORATE,HIGH,Billing,IT-OPS,YES,WEB|DATABASE|AUTH,2026-07-23T23:35:42Z,ACTIVE,EDR-Collector,DR,2025-01-25
AST-000300,ENER-DMZ-00301,CSE-ENERGY-01,Energy,WORKSTATION,DMZ,HIGH,Identity,NETSEC,YES,PRIVILEGE|NETWORK|EXFILTRATION,2026-09-09T03:50:20Z,ACTIVE,Splunk-ES,STAGING,2021-10-04
AST-000301,ENER-DMZ-00302,CSE-ENERGY-01,Energy,DATABASE,DMZ,LOW,Identity,APPSEC,YES,DATABASE|WEB,2026-07-20T16:35:41Z,ACTIVE,Splunk-ES,DR,2020-04-12
AST-000302,ENER-CORPORATE-00303,CSE-ENERGY-01,Energy,FIREWALL,CORPORATE,MEDIUM,Billing,SOC,YES,AUTH|NETWORK,2026-09-19T04:20:53Z,ACTIVE,EDR-Collector,PRODUCTION,2025-07-18
AST-000303,ENER-CORPORATE-00304,CSE-ENERGY-01,Energy,FIREWALL,CORPORATE,LOW,Grid Operations,SOC,YES,WEB|NETWORK,2026-07-27T19:23:25Z,ACTIVE,Splunk-ES,PRODUCTION,2021-01-16
AST-000304,ENER-CORPORATE-00305,CSE-ENERGY-01,Energy,SERVER,CORPORATE,CRITICAL,Grid Operations,NETSEC,YES,EXFILTRATION|PRIVILEGE|AUTH,2026-09-20T22:11:53Z,DEGRADED,Sentinel-Bridge,DR,2021-04-24
AST-000305,ENER-DMZ-00306,CSE-ENERGY-01,Energy,WORKSTATION,DMZ,HIGH,Identity,NETSEC,YES,OT|NETWORK|WEB,2026-08-21T14:29:24Z,ACTIVE,EDR-Collector,PRODUCTION,2024-05-01
AST-000306,ENER-SCADA-00307,CSE-ENERGY-01,Energy,PLC,SCADA,HIGH,Grid Operations,SOC,YES,DATABASE|EXFILTRATION|AUTH,2026-09-05T00:53:59Z,ACTIVE,Splunk-ES,STAGING,2025-08-29
AST-000307,ENER-CORPORATE-00308,CSE-ENERGY-01,Energy,NETWORK_DEVICE,CORPORATE,LOW,Billing,OT-OPS,YES,PRIVILEGE|EXFILTRATION,2026-08-14T22:21:39Z,ACTIVE,Splunk-ES,PRODUCTION,2023-01-31
AST-000308,ENER-OT-00309,CSE-ENERGY-01,Energy,DATABASE,OT,LOW,Grid Operations,OT-OPS,YES,NETWORK|WEB,2026-09-25T13:39:13Z,DEGRADED,EDR-Collector,DR,2021-12-13
AST-000309,ENER-CORPORATE-00310,CSE-ENERGY-01,Energy,APPLICATION,CORPORATE,LOW,Grid Operations,APPSEC,YES,NETWORK|DATABASE,2026-07-27T18:12:22Z,ACTIVE,QRadar-Archive,DR,2024-01-10
AST-000310,ENER-SCADA-00311,CSE-ENERGY-01,Energy,SERVER,SCADA,MEDIUM,Substation Monitoring,OT-OPS,YES,PRIVILEGE|DATABASE,2026-09-14T16:24:07Z,ACTIVE,QRadar-Archive,DR,2021-12-12
AST-000311,ENER-OT-00312,CSE-ENERGY-01,Energy,FIREWALL,OT,CRITICAL,Billing,SOC,YES,EXFILTRATION|PRIVILEGE|AUTH,2026-09-17T02:14:25Z,DEGRADED,EDR-Collector,DR,2022-05-09
AST-000312,ENER-SCADA-00313,CSE-ENERGY-01,Energy,PLC,SCADA,MEDIUM,Identity,APPSEC,YES,WEB|NETWORK,2026-09-25T16:19:17Z,ACTIVE,Splunk-ES,DR,2023-09-05
AST-000313,ENER-CORPORATE-00314,CSE-ENERGY-01,Energy,WORKSTATION,CORPORATE,MEDIUM,Identity,SOC,YES,PRIVILEGE|ENDPOINT,2026-07-19T13:46:49Z,ACTIVE,EDR-Collector,DR,2021-03-16
AST-000314,ENER-SCADA-00315,CSE-ENERGY-01,Energy,APPLICATION,SCADA,MEDIUM,Billing,IT-OPS,YES,AUTH|EXFILTRATION,2026-09-07T12:28:02Z,ACTIVE,QRadar-Archive,STAGING,2024-01-08
AST-000315,ENER-SCADA-00316,CSE-ENERGY-01,Energy,SERVER,SCADA,LOW,Billing,NETSEC,YES,AUTH|WEB,2026-09-09T13:29:44Z,ACTIVE,EDR-Collector,STAGING,2022-02-03
AST-000316,ENER-DMZ-00317,CSE-ENERGY-01,Energy,NETWORK_DEVICE,DMZ,CRITICAL,Substation Monitoring,SOC,YES,EXFILTRATION|NETWORK|DATABASE,2026-08-26T02:37:15Z,ACTIVE,Splunk-ES,PRODUCTION,2022-11-21
AST-000317,ENER-DC-00318,CSE-ENERGY-01,Energy,SERVER,DC,CRITICAL,Grid Operations,IT-OPS,YES,OT|DATABASE|PRIVILEGE,2026-09-19T23:59:59Z,ACTIVE,Splunk-ES,PRODUCTION,2026-03-03
AST-000318,ENER-SCADA-00319,CSE-ENERGY-01,Energy,PLC,SCADA,HIGH,Identity,OT-OPS,YES,NETWORK|OT|EXFILTRATION,2026-07-02T10:14:26Z,ACTIVE,Splunk-ES,STAGING,2022-11-06
AST-000319,ENER-OT-00320,CSE-ENERGY-01,Energy,FIREWALL,OT,MEDIUM,Grid Operations,SOC,YES,AUTH|EXFILTRATION,2026-07-12T11:14:28Z,ACTIVE,Splunk-ES,DR,2026-01-07
AST-000320,ENER-CORPORATE-00321,CSE-ENERGY-01,Energy,SERVER,CORPORATE,MEDIUM,Identity,APPSEC,YES,WEB|EXFILTRATION,2026-09-24T23:33:33Z,ACTIVE,QRadar-Archive,PRODUCTION,2023-09-06
AST-000321,ENER-DMZ-00322,CSE-ENERGY-01,Energy,NETWORK_DEVICE,DMZ,HIGH,Grid Operations,SOC,YES,DATABASE|OT|EXFILTRATION,2026-08-05T12:06:27Z,ACTIVE,QRadar-Archive,PRODUCTION,2023-08-30
AST-000322,ENER-CORPORATE-00323,CSE-ENERGY-01,Energy,WORKSTATION,CORPORATE,MEDIUM,Billing,APPSEC,YES,AUTH|PRIVILEGE,2026-07-19T21:08:03Z,ACTIVE,QRadar-Archive,DR,2021-01-20
AST-000323,ENER-DC-00324,CSE-ENERGY-01,Energy,SERVER,DC,MEDIUM,Billing,SOC,YES,DATABASE|PRIVILEGE,2026-08-26T15:13:57Z,ACTIVE,QRadar-Archive,STAGING,2021-10-18
AST-000324,ENER-CORPORATE-00325,CSE-ENERGY-01,Energy,WORKSTATION,CORPORATE,LOW,Identity,IT-OPS,YES,PRIVILEGE|WEB,2026-08-09T22:17:43Z,DEGRADED,QRadar-Archive,PRODUCTION,2020-07-15
AST-000325,ENER-SCADA-00326,CSE-ENERGY-01,Energy,SERVER,SCADA,HIGH,Identity,APPSEC,YES,DATABASE|EXFILTRATION|OT,2026-08-07T18:31:50Z,ACTIVE,QRadar-Archive,STAGING,2024-02-06
AST-000326,ENER-CORPORATE-00327,CSE-ENERGY-01,Energy,WORKSTATION,CORPORATE,MEDIUM,Grid Operations,SOC,YES,AUTH|ENDPOINT,2026-09-14T15:09:47Z,ACTIVE,Splunk-ES,DR,2024-10-08
AST-000327,ENER-CORPORATE-00328,CSE-ENERGY-01,Energy,APPLICATION,CORPORATE,HIGH,Billing,IT-OPS,YES,NETWORK|OT|WEB,2026-08-04T18:01:01Z,DEGRADED,EDR-Collector,STAGING,2022-10-04
AST-000328,ENER-SCADA-00329,CSE-ENERGY-01,Energy,PLC,SCADA,MEDIUM,Grid Operations,NETSEC,YES,DATABASE|OT,2026-08-16T16:02:13Z,ACTIVE,EDR-Collector,STAGING,2023-11-24
AST-000329,ENER-DC-00330,CSE-ENERGY-01,Energy,FIREWALL,DC,HIGH,Billing,NETSEC,YES,AUTH|OT|DATABASE,2026-07-13T14:54:18Z,DEGRADED,EDR-Collector,PRODUCTION,2024-11-29
AST-000330,ENER-DC-00331,CSE-ENERGY-01,Energy,SERVER,DC,MEDIUM,Substation Monitoring,NETSEC,YES,EXFILTRATION|NETWORK,2026-07-19T05:05:02Z,ACTIVE,Sentinel-Bridge,PRODUCTION,2022-04-23
AST-000331,ENER-DMZ-00332,CSE-ENERGY-01,Energy,DATABASE,DMZ,MEDIUM,Identity,IT-OPS,YES,DATABASE|AUTH,2026-07-07T00:01:29Z,ACTIVE,Splunk-ES,STAGING,2025-04-04
AST-000332,ENER-SCADA-00333,CSE-ENERGY-01,Energy,SERVER,SCADA,HIGH,Grid Operations,OT-OPS,YES,EXFILTRATION|DATABASE|PRIVILEGE,2026-07-22T04:07:50Z,ACTIVE,QRadar-Archive,STAGING,2025-06-16
AST-000333,ENER-SCADA-00334,CSE-ENERGY-01,Energy,HMI,SCADA,LOW,Substation Monitoring,IT-OPS,YES,DATABASE|ENDPOINT,2026-08-21T03:54:06Z,ACTIVE,Splunk-ES,DR,2020-03-20
AST-000334,ENER-OT-00335,CSE-ENERGY-01,Energy,DATABASE,OT,CRITICAL,Billing,IT-OPS,YES,EXFILTRATION|OT|NETWORK,2026-08-28T09:28:06Z,ACTIVE,Sentinel-Bridge,DR,2021-11-05
AST-000335,ENER-CORPORATE-00336,CSE-ENERGY-01,Energy,SERVER,CORPORATE,HIGH,Grid Operations,APPSEC,YES,ENDPOINT|WEB|AUTH,2026-07-10T02:10:03Z,ACTIVE,Splunk-ES,STAGING,2020-04-25
AST-000336,ENER-CORPORATE-00337,CSE-ENERGY-01,Energy,FIREWALL,CORPORATE,MEDIUM,Substation Monitoring,SOC,YES,EXFILTRATION|WEB,2026-09-22T23:03:35Z,ACTIVE,QRadar-Archive,DR,2025-03-11
AST-000337,ENER-SCADA-00338,CSE-ENERGY-01,Energy,HMI,SCADA,MEDIUM,Grid Operations,SOC,YES,OT|ENDPOINT,2026-09-26T20:15:15Z,ACTIVE,Splunk-ES,PRODUCTION,2020-12-09
AST-000338,ENER-SCADA-00339,CSE-ENERGY-01,Energy,WORKSTATION,SCADA,CRITICAL,Identity,NETSEC,YES,AUTH|WEB|DATABASE,2026-08-29T09:55:13Z,ACTIVE,QRadar-Archive,STAGING,2022-10-31
AST-000339,ENER-CORPORATE-00340,CSE-ENERGY-01,Energy,APPLICATION,CORPORATE,MEDIUM,Billing,APPSEC,YES,OT|PRIVILEGE,2026-09-10T14:46:14Z,ACTIVE,Sentinel-Bridge,STAGING,2025-10-16
AST-000340,ENER-OT-00341,CSE-ENERGY-01,Energy,WORKSTATION,OT,MEDIUM,Substation Monitoring,APPSEC,YES,DATABASE|WEB,2026-07-30T14:12:54Z,ACTIVE,Sentinel-Bridge,STAGING,2022-01-22
AST-000341,ENER-OT-00342,CSE-ENERGY-01,Energy,APPLICATION,OT,MEDIUM,Identity,NETSEC,YES,DATABASE|EXFILTRATION,2026-07-11T08:54:34Z,ACTIVE,QRadar-Archive,PRODUCTION,2022-02-02
AST-000342,ENER-CORPORATE-00343,CSE-ENERGY-01,Energy,SERVER,CORPORATE,HIGH,Substation Monitoring,IT-OPS,YES,AUTH|PRIVILEGE|EXFILTRATION,2026-08-11T03:04:48Z,ACTIVE,Sentinel-Bridge,PRODUCTION,2021-09-13
AST-000343,ENER-CORPORATE-00344,CSE-ENERGY-01,Energy,NETWORK_DEVICE,CORPORATE,LOW,Billing,SOC,YES,AUTH|DATABASE,2026-08-10T04:23:57Z,ACTIVE,QRadar-Archive,PRODUCTION,2024-11-25
AST-000344,ENER-DC-00345,CSE-ENERGY-01,Energy,NETWORK_DEVICE,DC,LOW,Grid Operations,OT-OPS,YES,PRIVILEGE|WEB,2026-08-23T14:52:50Z,ACTIVE,QRadar-Archive,DR,2025-05-04
AST-000345,ENER-DMZ-00346,CSE-ENERGY-01,Energy,SERVER,DMZ,LOW,Grid Operations,APPSEC,YES,NETWORK|OT,2026-07-29T09:44:32Z,ACTIVE,QRadar-Archive,STAGING,2025-01-19
AST-000346,ENER-DMZ-00347,CSE-ENERGY-01,Energy,APPLICATION,DMZ,HIGH,Substation Monitoring,SOC,YES,NETWORK|EXFILTRATION|PRIVILEGE,2026-09-12T05:22:13Z,ACTIVE,EDR-Collector,STAGING,2024-01-24
AST-000347,ENER-CORPORATE-00348,CSE-ENERGY-01,Energy,NETWORK_DEVICE,CORPORATE,MEDIUM,Billing,SOC,YES,ENDPOINT|WEB,2026-09-23T17:56:13Z,ACTIVE,QRadar-Archive,DR,2022-10-08
AST-000348,ENER-DMZ-00349,CSE-ENERGY-01,Energy,SERVER,DMZ,HIGH,Identity,OT-OPS,YES,DATABASE|ENDPOINT|NETWORK,2026-08-19T01:27:47Z,ACTIVE,Sentinel-Bridge,PRODUCTION,2023-10-23
AST-000349,ENER-SCADA-00350,CSE-ENERGY-01,Energy,WORKSTATION,SCADA,MEDIUM,Billing,APPSEC,YES,PRIVILEGE|AUTH,2026-09-30T09:06:33Z,ACTIVE,Splunk-ES,STAGING,2023-02-08
AST-000350,ENER-DC-00351,CSE-ENERGY-01,Energy,SERVER,DC,HIGH,Grid Operations,APPSEC,YES,EXFILTRATION|DATABASE|PRIVILEGE,2026-08-01T05:14:34Z,ACTIVE,Sentinel-Bridge,STAGING,2021-01-10
AST-000351,ENER-DMZ-00352,CSE-ENERGY-01,Energy,SERVER,DMZ,HIGH,Grid Operations,NETSEC,YES,ENDPOINT|DATABASE|NETWORK,2026-07-13T07:30:40Z,DEGRADED,EDR-Collector,DR,2023-01-27
AST-000352,ENER-CORPORATE-00353,CSE-ENERGY-01,Energy,NETWORK_DEVICE,CORPORATE,CRITICAL,Substation Monitoring,APPSEC,YES,PRIVILEGE|AUTH|EXFILTRATION,2026-07-13T17:15:26Z,ACTIVE,Splunk-ES,STAGING,2023-05-07
AST-000353,ENER-CORPORATE-00354,CSE-ENERGY-01,Energy,WORKSTATION,CORPORATE,CRITICAL,Identity,NETSEC,YES,ENDPOINT|AUTH|PRIVILEGE,2026-07-22T02:51:12Z,ACTIVE,Splunk-ES,STAGING,2021-09-03
AST-000354,ENER-DC-00355,CSE-ENERGY-01,Energy,SERVER,DC,LOW,Billing,SOC,YES,AUTH|WEB,2026-08-27T02:45:06Z,DEGRADED,Splunk-ES,DR,2021-10-30
AST-000355,ENER-CORPORATE-00356,CSE-ENERGY-01,Energy,SERVER,CORPORATE,HIGH,Billing,SOC,YES,EXFILTRATION|DATABASE|PRIVILEGE,2026-08-10T19:01:50Z,ACTIVE,Splunk-ES,PRODUCTION,2025-08-22
AST-000356,ENER-SCADA-00357,CSE-ENERGY-01,Energy,SERVER,SCADA,MEDIUM,Substation Monitoring,IT-OPS,YES,PRIVILEGE|OT,2026-08-25T07:55:37Z,ACTIVE,Splunk-ES,STAGING,2023-05-21
AST-000357,ENER-SCADA-00358,CSE-ENERGY-01,Energy,SERVER,SCADA,MEDIUM,Substation Monitoring,SOC,YES,ENDPOINT|AUTH,2026-08-27T20:16:09Z,ACTIVE,QRadar-Archive,PRODUCTION,2021-10-02
AST-000358,ENER-OT-00359,CSE-ENERGY-01,Energy,SERVER,OT,LOW,Billing,OT-OPS,YES,OT|DATABASE,2026-09-10T02:58:11Z,ACTIVE,EDR-Collector,STAGING,2022-08-17
AST-000359,ENER-SCADA-00360,CSE-ENERGY-01,Energy,APPLICATION,SCADA,LOW,Grid Operations,APPSEC,YES,AUTH|EXFILTRATION,2026-07-14T21:47:32Z,ACTIVE,Sentinel-Bridge,DR,2024-10-01
AST-000360,ENER-CORPORATE-00361,CSE-ENERGY-01,Energy,FIREWALL,CORPORATE,LOW,Substation Monitoring,APPSEC,YES,AUTH|ENDPOINT,2026-09-18T01:45:13Z,MISSING,QRadar-Archive,PRODUCTION,2025-04-17
AST-000361,ENER-DMZ-00362,CSE-ENERGY-01,Energy,WORKSTATION,DMZ,LOW,Identity,IT-OPS,YES,DATABASE|OT,2026-07-18T19:07:22Z,MISSING,QRadar-Archive,DR,2024-11-22
AST-000362,ENER-CORPORATE-00363,CSE-ENERGY-01,Energy,WORKSTATION,CORPORATE,HIGH,Substation Monitoring,APPSEC,YES,EXFILTRATION|AUTH|WEB,2026-09-24T19:11:50Z,ACTIVE,Splunk-ES,STAGING,2025-10-11
AST-000363,ENER-CORPORATE-00364,CSE-ENERGY-01,Energy,NETWORK_DEVICE,CORPORATE,MEDIUM,Identity,IT-OPS,YES,DATABASE|OT,2026-08-27T16:32:37Z,ACTIVE,Splunk-ES,STAGING,2025-11-04
AST-000364,ENER-SCADA-00365,CSE-ENERGY-01,Energy,PLC,SCADA,MEDIUM,Billing,SOC,YES,OT|PRIVILEGE,2026-08-03T07:29:01Z,ACTIVE,EDR-Collector,PRODUCTION,2021-01-15
AST-000365,ENER-SCADA-00366,CSE-ENERGY-01,Energy,PLC,SCADA,MEDIUM,Grid Operations,APPSEC,YES,EXFILTRATION|AUTH,2026-09-28T05:20:33Z,ACTIVE,QRadar-Archive,PRODUCTION,2025-11-11
AST-000366,ENER-CORPORATE-00367,CSE-ENERGY-01,Energy,SERVER,CORPORATE,HIGH,Identity,NETSEC,YES,NETWORK|WEB|DATABASE,2026-08-20T23:13:10Z,ACTIVE,Sentinel-Bridge,PRODUCTION,2024-07-12
AST-000367,ENER-DMZ-00368,CSE-ENERGY-01,Energy,WORKSTATION,DMZ,LOW,Grid Operations,NETSEC,YES,NETWORK|DATABASE,2026-08-12T09:42:26Z,ACTIVE,EDR-Collector,STAGING,2024-09-14
AST-000368,ENER-CORPORATE-00369,CSE-ENERGY-01,Energy,WORKSTATION,CORPORATE,HIGH,Billing,IT-OPS,YES,PRIVILEGE|EXFILTRATION|WEB,2026-08-28T10:20:24Z,ACTIVE,Splunk-ES,STAGING,2020-12-25
AST-000369,ENER-CORPORATE-00370,CSE-ENERGY-01,Energy,WORKSTATION,CORPORATE,MEDIUM,Identity,SOC,YES,OT|NETWORK,2026-08-09T11:00:35Z,ACTIVE,Sentinel-Bridge,STAGING,2023-06-02
AST-000370,ENER-SCADA-00371,CSE-ENERGY-01,Energy,HMI,SCADA,MEDIUM,Grid Operations,SOC,YES,DATABASE|OT,2026-09-08T06:20:52Z,ACTIVE,Sentinel-Bridge,STAGING,2020-04-13
AST-000371,ENER-DC-00372,CSE-ENERGY-01,Energy,FIREWALL,DC,LOW,Identity,NETSEC,YES,OT|PRIVILEGE,2026-08-28T18:03:02Z,ACTIVE,QRadar-Archive,PRODUCTION,2022-06-09
AST-000372,ENER-DC-00373,CSE-ENERGY-01,Energy,SERVER,DC,CRITICAL,Grid Operations,IT-OPS,YES,DATABASE|PRIVILEGE|AUTH,2026-09-23T20:52:14Z,ACTIVE,Sentinel-Bridge,STAGING,2019-12-31
AST-000373,ENER-DC-00374,CSE-ENERGY-01,Energy,SERVER,DC,MEDIUM,Identity,IT-OPS,YES,OT|PRIVILEGE,2026-07-25T21:15:45Z,ACTIVE,QRadar-Archive,PRODUCTION,2024-03-24
AST-000374,ENER-CORPORATE-00375,CSE-ENERGY-01,Energy,WORKSTATION,CORPORATE,MEDIUM,Grid Operations,NETSEC,YES,OT|ENDPOINT,2026-09-08T04:38:12Z,ACTIVE,QRadar-Archive,STAGING,2021-10-10
AST-000375,ENER-OT-00376,CSE-ENERGY-01,Energy,SERVER,OT,HIGH,Identity,NETSEC,YES,AUTH|WEB|NETWORK,2026-07-17T11:08:35Z,ACTIVE,Splunk-ES,STAGING,2022-01-27
AST-000376,ENER-SCADA-00377,CSE-ENERGY-01,Energy,PLC,SCADA,HIGH,Identity,SOC,YES,DATABASE|WEB|NETWORK,2026-08-03T19:15:33Z,ACTIVE,Splunk-ES,DR,2023-09-28
AST-000377,ENER-DMZ-00378,CSE-ENERGY-01,Energy,WORKSTATION,DMZ,MEDIUM,Identity,NETSEC,YES,AUTH|NETWORK,2026-09-08T22:44:12Z,ACTIVE,EDR-Collector,DR,2024-02-07
AST-000378,ENER-DC-00379,CSE-ENERGY-01,Energy,NETWORK_DEVICE,DC,HIGH,Substation Monitoring,NETSEC,YES,EXFILTRATION|DATABASE|NETWORK,2026-09-27T08:47:20Z,ACTIVE,Sentinel-Bridge,STAGING,2022-01-17
AST-000379,ENER-SCADA-00380,CSE-ENERGY-01,Energy,HMI,SCADA,MEDIUM,Billing,IT-OPS,YES,DATABASE|EXFILTRATION,2026-07-31T08:21:10Z,ACTIVE,Splunk-ES,PRODUCTION,2024-10-25
AST-000380,ENER-DMZ-00381,CSE-ENERGY-01,Energy,WORKSTATION,DMZ,HIGH,Substation Monitoring,OT-OPS,YES,OT|ENDPOINT|EXFILTRATION,2026-08-14T13:19:29Z,ACTIVE,Splunk-ES,STAGING,2023-02-16
AST-000381,ENER-CORPORATE-00382,CSE-ENERGY-01,Energy,FIREWALL,CORPORATE,MEDIUM,Grid Operations,SOC,YES,ENDPOINT|NETWORK,2026-08-20T01:02:12Z,ACTIVE,QRadar-Archive,PRODUCTION,2024-10-21
AST-000382,ENER-CORPORATE-00383,CSE-ENERGY-01,Energy,SERVER,CORPORATE,CRITICAL,Grid Operations,APPSEC,YES,OT|PRIVILEGE|DATABASE,2026-07-19T06:26:32Z,ACTIVE,QRadar-Archive,PRODUCTION,2025-06-12
AST-000383,ENER-OT-00384,CSE-ENERGY-01,Energy,NETWORK_DEVICE,OT,LOW,Substation Monitoring,SOC,YES,AUTH|EXFILTRATION,2026-07-06T04:18:04Z,ACTIVE,Splunk-ES,PRODUCTION,2021-06-14
AST-000384,ENER-CORPORATE-00385,CSE-ENERGY-01,Energy,WORKSTATION,CORPORATE,HIGH,Billing,OT-OPS,YES,DATABASE|ENDPOINT|AUTH,2026-09-12T20:11:25Z,ACTIVE,Splunk-ES,DR,2026-02-19
AST-000385,ENER-CORPORATE-00386,CSE-ENERGY-01,Energy,APPLICATION,CORPORATE,MEDIUM,Substation Monitoring,NETSEC,YES,EXFILTRATION|OT,2026-07-14T03:06:40Z,ACTIVE,QRadar-Archive,STAGING,2026-01-30
AST-000386,ENER-CORPORATE-00387,CSE-ENERGY-01,Energy,APPLICATION,CORPORATE,HIGH,Substation Monitoring,NETSEC,YES,ENDPOINT|DATABASE|WEB,2026-08-27T12:01:18Z,ACTIVE,QRadar-Archive,DR,2021-10-03
AST-000387,ENER-CORPORATE-00388,CSE-ENERGY-01,Energy,APPLICATION,CORPORATE,MEDIUM,Billing,SOC,YES,EXFILTRATION|OT,2026-07-28T09:53:11Z,DEGRADED,QRadar-Archive,DR,2024-10-25
AST-000388,ENER-CORPORATE-00389,CSE-ENERGY-01,Energy,FIREWALL,CORPORATE,MEDIUM,Grid Operations,IT-OPS,YES,ENDPOINT|DATABASE,2026-08-26T22:39:22Z,ACTIVE,EDR-Collector,STAGING,2021-12-29
AST-000389,ENER-DC-00390,CSE-ENERGY-01,Energy,FIREWALL,DC,HIGH,Substation Monitoring,NETSEC,YES,PRIVILEGE|DATABASE|EXFILTRATION,2026-09-24T21:52:04Z,DEGRADED,Sentinel-Bridge,PRODUCTION,2025-06-12
AST-000390,ENER-OT-00391,CSE-ENERGY-01,Energy,APPLICATION,OT,MEDIUM,Grid Operations,APPSEC,YES,ENDPOINT|AUTH,2026-08-27T12:24:56Z,ACTIVE,Sentinel-Bridge,PRODUCTION,2020-10-23
AST-000391,ENER-SCADA-00392,CSE-ENERGY-01,Energy,WORKSTATION,SCADA,LOW,Identity,OT-OPS,YES,WEB|ENDPOINT,2026-09-06T07:26:24Z,ACTIVE,Splunk-ES,PRODUCTION,2022-03-22
AST-000392,ENER-CORPORATE-00393,CSE-ENERGY-01,Energy,WORKSTATION,CORPORATE,LOW,Grid Operations,NETSEC,YES,DATABASE|NETWORK,2026-08-24T02:13:59Z,MISSING,QRadar-Archive,PRODUCTION,2020-08-15
AST-000393,ENER-CORPORATE-00394,CSE-ENERGY-01,Energy,DATABASE,CORPORATE,MEDIUM,Substation Monitoring,SOC,YES,NETWORK|WEB,2026-09-25T14:46:17Z,ACTIVE,QRadar-Archive,DR,2020-06-03
AST-000394,ENER-SCADA-00395,CSE-ENERGY-01,Energy,FIREWALL,SCADA,LOW,Billing,SOC,YES,DATABASE|EXFILTRATION,2026-09-17T02:39:26Z,ACTIVE,Sentinel-Bridge,PRODUCTION,2023-05-08
AST-000395,ENER-DMZ-00396,CSE-ENERGY-01,Energy,SERVER,DMZ,LOW,Substation Monitoring,NETSEC,YES,PRIVILEGE|AUTH,2026-09-16T08:46:57Z,ACTIVE,EDR-Collector,PRODUCTION,2022-04-24
AST-000396,ENER-CORPORATE-00397,CSE-ENERGY-01,Energy,DATABASE,CORPORATE,MEDIUM,Substation Monitoring,IT-OPS,YES,DATABASE|EXFILTRATION,2026-08-21T22:38:13Z,ACTIVE,QRadar-Archive,STAGING,2023-02-03
AST-000397,ENER-DMZ-00398,CSE-ENERGY-01,Energy,WORKSTATION,DMZ,LOW,Grid Operations,SOC,YES,AUTH|WEB,2026-07-01T18:11:38Z,ACTIVE,Sentinel-Bridge,PRODUCTION,2024-04-06
AST-000398,ENER-CORPORATE-00399,CSE-ENERGY-01,Energy,DATABASE,CORPORATE,HIGH,Billing,SOC,YES,OT|EXFILTRATION|WEB,2026-07-05T10:11:19Z,ACTIVE,QRadar-Archive,DR,2023-12-20
AST-000399,ENER-CORPORATE-00400,CSE-ENERGY-01,Energy,WORKSTATION,CORPORATE,MEDIUM,Substation Monitoring,OT-OPS,YES,EXFILTRATION|OT,2026-07-27T07:40:41Z,ACTIVE,QRadar-Archive,STAGING,2022-10-08
AST-000400,ENER-CORPORATE-00401,CSE-ENERGY-01,Energy,SERVER,CORPORATE,HIGH,Identity,APPSEC,YES,EXFILTRATION|DATABASE|ENDPOINT,2026-08-29T02:00:06Z,ACTIVE,Sentinel-Bridge,PRODUCTION,2022-07-08
AST-000401,ENER-DMZ-00402,CSE-ENERGY-01,Energy,DATABASE,DMZ,HIGH,Billing,SOC,YES,WEB|OT|EXFILTRATION,2026-09-30T07:06:47Z,ACTIVE,Sentinel-Bridge,PRODUCTION,2023-08-28
AST-000402,ENER-SCADA-00403,CSE-ENERGY-01,Energy,PLC,SCADA,MEDIUM,Grid Operations,OT-OPS,YES,DATABASE|PRIVILEGE,2026-09-27T15:25:28Z,ACTIVE,QRadar-Archive,DR,2020-10-18
AST-000403,ENER-DMZ-00404,CSE-ENERGY-01,Energy,WORKSTATION,DMZ,LOW,Billing,APPSEC,YES,PRIVILEGE|AUTH,2026-08-30T19:23:40Z,ACTIVE,Splunk-ES,DR,2023-05-19
AST-000404,ENER-DMZ-00405,CSE-ENERGY-01,Energy,NETWORK_DEVICE,DMZ,MEDIUM,Identity,SOC,YES,OT|EXFILTRATION,2026-09-06T14:16:59Z,ACTIVE,EDR-Collector,DR,2019-12-29
AST-000405,ENER-CORPORATE-00406,CSE-ENERGY-01,Energy,DATABASE,CORPORATE,HIGH,Grid Operations,APPSEC,YES,EXFILTRATION|DATABASE|PRIVILEGE,2026-07-25T00:28:20Z,ACTIVE,QRadar-Archive,STAGING,2023-11-24
AST-000406,ENER-CORPORATE-00407,CSE-ENERGY-01,Energy,FIREWALL,CORPORATE,HIGH,Billing,SOC,YES,WEB|NETWORK|DATABASE,2026-09-09T18:13:07Z,ACTIVE,Splunk-ES,DR,2021-01-17
AST-000407,ENER-CORPORATE-00408,CSE-ENERGY-01,Energy,WORKSTATION,CORPORATE,MEDIUM,Identity,APPSEC,YES,WEB|PRIVILEGE,2026-08-21T03:03:46Z,ACTIVE,EDR-Collector,PRODUCTION,2024-02-04
AST-000408,ENER-CORPORATE-00409,CSE-ENERGY-01,Energy,WORKSTATION,CORPORATE,MEDIUM,Billing,NETSEC,YES,PRIVILEGE|WEB,2026-08-17T14:13:52Z,ACTIVE,QRadar-Archive,PRODUCTION,2024-01-22
AST-000409,ENER-CORPORATE-00410,CSE-ENERGY-01,Energy,APPLICATION,CORPORATE,MEDIUM,Grid Operations,NETSEC,YES,WEB|NETWORK,2026-09-30T13:14:20Z,ACTIVE,Sentinel-Bridge,PRODUCTION,2023-12-03
AST-000410,ENER-SCADA-00411,CSE-ENERGY-01,Energy,SERVER,SCADA,MEDIUM,Identity,IT-OPS,YES,NETWORK|WEB,2026-08-29T06:59:53Z,ACTIVE,Splunk-ES,PRODUCTION,2023-05-25
AST-000411,ENER-CORPORATE-00412,CSE-ENERGY-01,Energy,NETWORK_DEVICE,CORPORATE,LOW,Identity,SOC,YES,EXFILTRATION|PRIVILEGE,2026-09-30T10:58:15Z,ACTIVE,EDR-Collector,DR,2021-09-04
AST-000412,ENER-CORPORATE-00413,CSE-ENERGY-01,Energy,NETWORK_DEVICE,CORPORATE,HIGH,Grid Operations,IT-OPS,YES,PRIVILEGE|WEB|ENDPOINT,2026-08-11T02:22:36Z,ACTIVE,Sentinel-Bridge,PRODUCTION,2021-11-27
AST-000413,ENER-SCADA-00414,CSE-ENERGY-01,Energy,FIREWALL,SCADA,MEDIUM,Billing,OT-OPS,YES,ENDPOINT|NETWORK,2026-08-03T20:05:51Z,ACTIVE,EDR-Collector,STAGING,2025-07-05
AST-000414,ENER-CORPORATE-00415,CSE-ENERGY-01,Energy,SERVER,CORPORATE,HIGH,Identity,NETSEC,YES,PRIVILEGE|DATABASE|OT,2026-08-14T13:40:46Z,DEGRADED,Splunk-ES,DR,2023-01-21
AST-000415,ENER-OT-00416,CSE-ENERGY-01,Energy,NETWORK_DEVICE,OT,LOW,Grid Operations,APPSEC,YES,NETWORK|EXFILTRATION,2026-08-11T06:35:36Z,ACTIVE,EDR-Collector,DR,2023-02-21
AST-000416,ENER-DMZ-00417,CSE-ENERGY-01,Energy,FIREWALL,DMZ,MEDIUM,Identity,OT-OPS,YES,AUTH|DATABASE,2026-07-30T07:08:29Z,ACTIVE,Splunk-ES,PRODUCTION,2025-10-28
AST-000417,ENER-DMZ-00418,CSE-ENERGY-01,Energy,APPLICATION,DMZ,HIGH,Grid Operations,APPSEC,YES,EXFILTRATION|DATABASE|AUTH,2026-07-16T13:09:11Z,ACTIVE,QRadar-Archive,DR,2022-10-29
AST-000418,ENER-OT-00419,CSE-ENERGY-01,Energy,FIREWALL,OT,CRITICAL,Grid Operations,SOC,YES,NETWORK|DATABASE|OT,2026-09-11T11:38:41Z,ACTIVE,Splunk-ES,PRODUCTION,2023-07-02
AST-000419,ENER-CORPORATE-00420,CSE-ENERGY-01,Energy,DATABASE,CORPORATE,LOW,Identity,SOC,YES,WEB|NETWORK,2026-07-03T02:13:59Z,ACTIVE,QRadar-Archive,STAGING,2024-10-22
AST-000420,ENER-SCADA-00421,CSE-ENERGY-01,Energy,NETWORK_DEVICE,SCADA,MEDIUM,Grid Operations,SOC,YES,NETWORK|OT,2026-07-18T18:54:07Z,ACTIVE,Splunk-ES,PRODUCTION,2021-03-27
AST-000421,ENER-CORPORATE-00422,CSE-ENERGY-01,Energy,WORKSTATION,CORPORATE,MEDIUM,Grid Operations,APPSEC,YES,EXFILTRATION|OT,2026-09-10T09:27:48Z,ACTIVE,Sentinel-Bridge,PRODUCTION,2025-02-12
AST-000422,ENER-CORPORATE-00423,CSE-ENERGY-01,Energy,SERVER,CORPORATE,MEDIUM,Grid Operations,NETSEC,YES,ENDPOINT|EXFILTRATION,2026-08-15T21:51:52Z,ACTIVE,QRadar-Archive,PRODUCTION,2022-07-30
AST-000423,ENER-CORPORATE-00424,CSE-ENERGY-01,Energy,SERVER,CORPORATE,HIGH,Grid Operations,IT-OPS,YES,PRIVILEGE|ENDPOINT|DATABASE,2026-09-24T00:42:55Z,ACTIVE,Sentinel-Bridge,STAGING,2023-12-07
AST-000424,ENER-OT-00425,CSE-ENERGY-01,Energy,SERVER,OT,HIGH,Substation Monitoring,OT-OPS,YES,ENDPOINT|NETWORK|WEB,2026-07-23T08:39:03Z,ACTIVE,QRadar-Archive,PRODUCTION,2021-01-17
AST-000425,ENER-OT-00426,CSE-ENERGY-01,Energy,FIREWALL,OT,MEDIUM,Identity,APPSEC,YES,NETWORK|DATABASE,2026-08-04T19:02:38Z,ACTIVE,Splunk-ES,DR,2023-06-06
AST-000426,ENER-OT-00427,CSE-ENERGY-01,Energy,FIREWALL,OT,HIGH,Grid Operations,APPSEC,YES,ENDPOINT|OT|AUTH,2026-07-04T15:23:58Z,ACTIVE,QRadar-Archive,PRODUCTION,2022-02-05
AST-000427,ENER-OT-00428,CSE-ENERGY-01,Energy,SERVER,OT,MEDIUM,Identity,NETSEC,YES,EXFILTRATION|OT,2026-07-05T07:05:30Z,MISSING,EDR-Collector,STAGING,2025-04-05
AST-000428,ENER-DC-00429,CSE-ENERGY-01,Energy,FIREWALL,DC,LOW,Identity,IT-OPS,YES,DATABASE|NETWORK,2026-09-20T09:19:42Z,DEGRADED,Sentinel-Bridge,DR,2023-10-04
AST-000429,ENER-DMZ-00430,CSE-ENERGY-01,Energy,SERVER,DMZ,CRITICAL,Identity,APPSEC,YES,WEB|EXFILTRATION|NETWORK,2026-09-30T18:45:35Z,ACTIVE,EDR-Collector,DR,2022-10-03
AST-000430,ENER-CORPORATE-00431,CSE-ENERGY-01,Energy,FIREWALL,CORPORATE,LOW,Identity,OT-OPS,YES,AUTH|ENDPOINT,2026-09-17T16:58:20Z,ACTIVE,Splunk-ES,DR,2023-03-10
AST-000431,ENER-DC-00432,CSE-ENERGY-01,Energy,APPLICATION,DC,MEDIUM,Billing,APPSEC,YES,AUTH|DATABASE,2026-07-03T22:12:44Z,ACTIVE,Sentinel-Bridge,PRODUCTION,2022-07-25
AST-000432,ENER-DC-00433,CSE-ENERGY-01,Energy,APPLICATION,DC,MEDIUM,Identity,IT-OPS,YES,DATABASE|ENDPOINT,2026-08-31T01:56:13Z,ACTIVE,Splunk-ES,PRODUCTION,2020-10-07
AST-000433,ENER-CORPORATE-00434,CSE-ENERGY-01,Energy,SERVER,CORPORATE,MEDIUM,Substation Monitoring,IT-OPS,YES,PRIVILEGE|ENDPOINT,2026-07-05T12:00:57Z,ACTIVE,QRadar-Archive,STAGING,2024-05-29
AST-000434,ENER-CORPORATE-00435,CSE-ENERGY-01,Energy,WORKSTATION,CORPORATE,LOW,Billing,APPSEC,YES,PRIVILEGE|WEB,2026-08-04T15:09:19Z,ACTIVE,QRadar-Archive,DR,2022-10-30
AST-000435,ENER-CORPORATE-00436,CSE-ENERGY-01,Energy,DATABASE,CORPORATE,LOW,Identity,IT-OPS,YES,EXFILTRATION|NETWORK,2026-07-20T21:51:11Z,ACTIVE,QRadar-Archive,PRODUCTION,2023-09-29
AST-000436,ENER-CORPORATE-00437,CSE-ENERGY-01,Energy,SERVER,CORPORATE,HIGH,Identity,IT-OPS,YES,NETWORK|PRIVILEGE|OT,2026-08-20T07:54:59Z,ACTIVE,EDR-Collector,STAGING,2024-09-06
AST-000437,ENER-CORPORATE-00438,CSE-ENERGY-01,Energy,WORKSTATION,CORPORATE,LOW,Grid Operations,OT-OPS,YES,AUTH|WEB,2026-09-02T16:36:59Z,DEGRADED,Splunk-ES,DR,2023-11-12
AST-000438,ENER-OT-00439,CSE-ENERGY-01,Energy,APPLICATION,OT,CRITICAL,Grid Operations,SOC,YES,NETWORK|AUTH|OT,2026-08-29T08:37:52Z,ACTIVE,Sentinel-Bridge,PRODUCTION,2020-01-21
AST-000439,ENER-CORPORATE-00440,CSE-ENERGY-01,Energy,DATABASE,CORPORATE,LOW,Grid Operations,APPSEC,YES,NETWORK|EXFILTRATION,2026-08-27T01:07:28Z,ACTIVE,Sentinel-Bridge,PRODUCTION,2021-08-02
AST-000440,ENER-CORPORATE-00441,CSE-ENERGY-01,Energy,NETWORK_DEVICE,CORPORATE,CRITICAL,Billing,SOC,YES,OT|AUTH|WEB,2026-08-15T08:01:55Z,ACTIVE,EDR-Collector,PRODUCTION,2019-12-21
AST-000441,ENER-CORPORATE-00442,CSE-ENERGY-01,Energy,SERVER,CORPORATE,HIGH,Identity,IT-OPS,YES,WEB|AUTH|OT,2026-07-31T04:44:27Z,ACTIVE,Splunk-ES,DR,2024-09-01
AST-000442,ENER-SCADA-00443,CSE-ENERGY-01,Energy,FIREWALL,SCADA,CRITICAL,Billing,APPSEC,YES,OT|NETWORK|WEB,2026-07-16T21:42:30Z,ACTIVE,QRadar-Archive,DR,2024-11-02
AST-000443,ENER-CORPORATE-00444,CSE-ENERGY-01,Energy,WORKSTATION,CORPORATE,MEDIUM,Identity,OT-OPS,YES,WEB|DATABASE,2026-08-29T00:20:57Z,ACTIVE,QRadar-Archive,STAGING,2021-04-30
AST-000444,ENER-DC-00445,CSE-ENERGY-01,Energy,SERVER,DC,CRITICAL,Grid Operations,APPSEC,YES,PRIVILEGE|NETWORK|AUTH,2026-09-15T18:09:12Z,ACTIVE,Splunk-ES,STAGING,2024-07-01
AST-000445,ENER-DC-00446,CSE-ENERGY-01,Energy,NETWORK_DEVICE,DC,MEDIUM,Identity,OT-OPS,YES,AUTH|ENDPOINT,2026-09-07T00:16:03Z,ACTIVE,QRadar-Archive,DR,2021-04-12
AST-000446,ENER-DMZ-00447,CSE-ENERGY-01,Energy,DATABASE,DMZ,LOW,Billing,IT-OPS,YES,AUTH|PRIVILEGE,2026-08-21T04:32:05Z,ACTIVE,EDR-Collector,STAGING,2020-09-04
AST-000447,ENER-DC-00448,CSE-ENERGY-01,Energy,WORKSTATION,DC,MEDIUM,Identity,IT-OPS,YES,EXFILTRATION|AUTH,2026-08-15T22:08:19Z,DEGRADED,EDR-Collector,STAGING,2023-05-27
AST-000448,ENER-CORPORATE-00449,CSE-ENERGY-01,Energy,SERVER,CORPORATE,MEDIUM,Billing,SOC,YES,ENDPOINT|EXFILTRATION,2026-08-21T07:45:44Z,ACTIVE,Sentinel-Bridge,STAGING,2025-07-26
AST-000449,ENER-SCADA-00450,CSE-ENERGY-01,Energy,HMI,SCADA,MEDIUM,Identity,IT-OPS,YES,EXFILTRATION|WEB,2026-09-28T03:01:09Z,ACTIVE,Splunk-ES,DR,2024-05-29
AST-000450,ENER-CORPORATE-00451,CSE-ENERGY-01,Energy,DATABASE,CORPORATE,MEDIUM,Identity,OT-OPS,YES,OT|WEB,2026-08-21T02:52:22Z,DEGRADED,Sentinel-Bridge,PRODUCTION,2023-11-11
AST-000451,ENER-CORPORATE-00452,CSE-ENERGY-01,Energy,WORKSTATION,CORPORATE,HIGH,Billing,OT-OPS,YES,PRIVILEGE|DATABASE|WEB,2026-08-06T22:25:56Z,ACTIVE,QRadar-Archive,DR,2022-07-11
AST-000452,ENER-SCADA-00453,CSE-ENERGY-01,Energy,HMI,SCADA,LOW,Substation Monitoring,NETSEC,YES,ENDPOINT|DATABASE,2026-08-16T16:30:48Z,ACTIVE,QRadar-Archive,DR,2020-11-07
AST-000453,ENER-SCADA-00454,CSE-ENERGY-01,Energy,HMI,SCADA,MEDIUM,Grid Operations,APPSEC,YES,EXFILTRATION|ENDPOINT,2026-09-10T05:18:47Z,ACTIVE,EDR-Collector,PRODUCTION,2022-02-02
AST-000454,ENER-DC-00455,CSE-ENERGY-01,Energy,SERVER,DC,MEDIUM,Billing,IT-OPS,YES,OT|WEB,2026-07-28T17:22:29Z,ACTIVE,QRadar-Archive,DR,2021-05-21
AST-000455,ENER-CORPORATE-00456,CSE-ENERGY-01,Energy,SERVER,CORPORATE,MEDIUM,Identity,SOC,YES,WEB|EXFILTRATION,2026-07-17T08:36:47Z,ACTIVE,Sentinel-Bridge,DR,2026-01-18
AST-000456,ENER-OT-00457,CSE-ENERGY-01,Energy,WORKSTATION,OT,MEDIUM,Substation Monitoring,APPSEC,YES,PRIVILEGE|DATABASE,2026-09-05T23:14:59Z,DEGRADED,Sentinel-Bridge,PRODUCTION,2021-11-18
AST-000457,ENER-DMZ-00458,CSE-ENERGY-01,Energy,DATABASE,DMZ,HIGH,Grid Operations,SOC,YES,EXFILTRATION|ENDPOINT|DATABASE,2026-09-18T08:00:48Z,ACTIVE,QRadar-Archive,DR,2025-09-17
AST-000458,ENER-OT-00459,CSE-ENERGY-01,Energy,SERVER,OT,HIGH,Identity,APPSEC,YES,DATABASE|OT|ENDPOINT,2026-08-10T06:22:49Z,ACTIVE,EDR-Collector,STAGING,2026-02-20
AST-000459,ENER-DMZ-00460,CSE-ENERGY-01,Energy,APPLICATION,DMZ,MEDIUM,Grid Operations,OT-OPS,YES,NETWORK|DATABASE,2026-07-02T12:12:38Z,ACTIVE,QRadar-Archive,PRODUCTION,2023-11-03
AST-000460,ENER-SCADA-00461,CSE-ENERGY-01,Energy,WORKSTATION,SCADA,MEDIUM,Grid Operations,APPSEC,YES,OT|ENDPOINT,2026-08-23T04:59:23Z,DEGRADED,Splunk-ES,STAGING,2022-12-13
AST-000461,ENER-CORPORATE-00462,CSE-ENERGY-01,Energy,SERVER,CORPORATE,MEDIUM,Grid Operations,OT-OPS,YES,WEB|ENDPOINT,2026-08-05T20:51:59Z,ACTIVE,Sentinel-Bridge,STAGING,2022-01-06
AST-000462,ENER-OT-00463,CSE-ENERGY-01,Energy,SERVER,OT,LOW,Grid Operations,SOC,YES,AUTH|OT,2026-07-21T10:37:39Z,ACTIVE,QRadar-Archive,DR,2020-03-21
AST-000463,ENER-DMZ-00464,CSE-ENERGY-01,Energy,DATABASE,DMZ,HIGH,Identity,OT-OPS,YES,EXFILTRATION|WEB|DATABASE,2026-07-17T05:58:18Z,ACTIVE,Sentinel-Bridge,STAGING,2022-05-04
AST-000464,ENER-SCADA-00465,CSE-ENERGY-01,Energy,WORKSTATION,SCADA,HIGH,Grid Operations,OT-OPS,YES,EXFILTRATION|WEB|PRIVILEGE,2026-08-29T16:46:38Z,MISSING,Splunk-ES,DR,2022-11-07
AST-000465,ENER-DC-00466,CSE-ENERGY-01,Energy,FIREWALL,DC,LOW,Billing,NETSEC,YES,WEB|ENDPOINT,2026-07-27T21:20:41Z,ACTIVE,Splunk-ES,DR,2023-03-23
AST-000466,ENER-DC-00467,CSE-ENERGY-01,Energy,APPLICATION,DC,HIGH,Billing,APPSEC,YES,PRIVILEGE|DATABASE|AUTH,2026-09-08T03:08:03Z,ACTIVE,Splunk-ES,STAGING,2021-01-28
AST-000467,ENER-CORPORATE-00468,CSE-ENERGY-01,Energy,SERVER,CORPORATE,HIGH,Billing,OT-OPS,YES,WEB|EXFILTRATION|AUTH,2026-09-04T16:20:24Z,ACTIVE,Sentinel-Bridge,STAGING,2020-07-31
AST-000468,ENER-CORPORATE-00469,CSE-ENERGY-01,Energy,WORKSTATION,CORPORATE,CRITICAL,Substation Monitoring,NETSEC,YES,AUTH|EXFILTRATION|PRIVILEGE,2026-09-12T23:59:59Z,MISSING,EDR-Collector,DR,2026-02-24
AST-000469,ENER-CORPORATE-00470,CSE-ENERGY-01,Energy,APPLICATION,CORPORATE,HIGH,Grid Operations,NETSEC,YES,NETWORK|PRIVILEGE|EXFILTRATION,2026-09-15T20:41:18Z,ACTIVE,QRadar-Archive,STAGING,2023-12-05
AST-000470,ENER-SCADA-00471,CSE-ENERGY-01,Energy,PLC,SCADA,LOW,Grid Operations,NETSEC,YES,ENDPOINT|AUTH,2026-07-18T09:16:32Z,ACTIVE,QRadar-Archive,STAGING,2020-07-26
AST-000471,ENER-OT-00472,CSE-ENERGY-01,Energy,DATABASE,OT,CRITICAL,Billing,NETSEC,YES,WEB|ENDPOINT|NETWORK,2026-08-05T10:18:59Z,ACTIVE,Splunk-ES,PRODUCTION,2020-07-15
AST-000472,ENER-CORPORATE-00473,CSE-ENERGY-01,Energy,SERVER,CORPORATE,CRITICAL,Billing,OT-OPS,YES,PRIVILEGE|NETWORK|AUTH,2026-07-29T05:13:47Z,MISSING,Sentinel-Bridge,PRODUCTION,2022-03-25
AST-000473,ENER-DMZ-00474,CSE-ENERGY-01,Energy,SERVER,DMZ,LOW,Identity,OT-OPS,YES,EXFILTRATION|NETWORK,2026-09-05T21:55:56Z,ACTIVE,Splunk-ES,STAGING,2021-08-26
AST-000474,ENER-DC-00475,CSE-ENERGY-01,Energy,WORKSTATION,DC,MEDIUM,Grid Operations,OT-OPS,YES,ENDPOINT|AUTH,2026-09-05T10:46:32Z,ACTIVE,Splunk-ES,DR,2024-06-19
AST-000475,ENER-CORPORATE-00476,CSE-ENERGY-01,Energy,NETWORK_DEVICE,CORPORATE,MEDIUM,Identity,NETSEC,YES,PRIVILEGE|WEB,2026-08-10T15:29:57Z,ACTIVE,EDR-Collector,DR,2024-12-22
AST-000476,ENER-SCADA-00477,CSE-ENERGY-01,Energy,APPLICATION,SCADA,MEDIUM,Grid Operations,APPSEC,YES,PRIVILEGE|AUTH,2026-07-16T12:35:59Z,ACTIVE,EDR-Collector,PRODUCTION,2020-08-18
AST-000477,ENER-DMZ-00478,CSE-ENERGY-01,Energy,DATABASE,DMZ,LOW,Substation Monitoring,NETSEC,YES,WEB|OT,2026-08-25T17:36:35Z,ACTIVE,EDR-Collector,STAGING,2022-04-20
AST-000478,ENER-DC-00479,CSE-ENERGY-01,Energy,WORKSTATION,DC,MEDIUM,Billing,NETSEC,YES,WEB|OT,2026-07-18T19:33:51Z,MISSING,QRadar-Archive,STAGING,2023-02-01
AST-000479,ENER-OT-00480,CSE-ENERGY-01,Energy,FIREWALL,OT,HIGH,Grid Operations,IT-OPS,YES,WEB|ENDPOINT|PRIVILEGE,2026-09-12T17:51:53Z,ACTIVE,QRadar-Archive,PRODUCTION,2021-01-06
AST-000480,ENER-CORPORATE-00481,CSE-ENERGY-01,Energy,SERVER,CORPORATE,MEDIUM,Grid Operations,APPSEC,YES,NETWORK|ENDPOINT,2026-08-12T08:28:46Z,ACTIVE,QRadar-Archive,PRODUCTION,2026-03-19
AST-000481,ENER-CORPORATE-00482,CSE-ENERGY-01,Energy,FIREWALL,CORPORATE,MEDIUM,Identity,IT-OPS,YES,AUTH|DATABASE,2026-07-25T15:47:26Z,ACTIVE,QRadar-Archive,DR,2026-01-26
AST-000482,ENER-SCADA-00483,CSE-ENERGY-01,Energy,NETWORK_DEVICE,SCADA,MEDIUM,Grid Operations,SOC,YES,DATABASE|AUTH,2026-09-15T05:58:48Z,ACTIVE,EDR-Collector,PRODUCTION,2020-06-26
AST-000483,ENER-DMZ-00484,CSE-ENERGY-01,Energy,DATABASE,DMZ,MEDIUM,Billing,NETSEC,YES,DATABASE|OT,2026-07-10T12:31:20Z,ACTIVE,Sentinel-Bridge,DR,2022-12-16
AST-000484,ENER-CORPORATE-00485,CSE-ENERGY-01,Energy,DATABASE,CORPORATE,HIGH,Grid Operations,NETSEC,YES,DATABASE|EXFILTRATION|NETWORK,2026-07-12T22:16:59Z,ACTIVE,Sentinel-Bridge,DR,2021-02-20
AST-000485,ENER-CORPORATE-00486,CSE-ENERGY-01,Energy,NETWORK_DEVICE,CORPORATE,MEDIUM,Billing,APPSEC,YES,OT|EXFILTRATION,2026-08-20T10:06:02Z,ACTIVE,Sentinel-Bridge,DR,2025-06-19
AST-000486,ENER-DC-00487,CSE-ENERGY-01,Energy,DATABASE,DC,HIGH,Substation Monitoring,OT-OPS,YES,PRIVILEGE|AUTH|NETWORK,2026-08-11T03:14:24Z,ACTIVE,EDR-Collector,DR,2024-09-08
AST-000487,ENER-CORPORATE-00488,CSE-ENERGY-01,Energy,WORKSTATION,CORPORATE,HIGH,Identity,IT-OPS,YES,DATABASE|WEB|OT,2026-08-04T23:24:07Z,MISSING,Sentinel-Bridge,STAGING,2025-09-10
AST-000488,ENER-CORPORATE-00489,CSE-ENERGY-01,Energy,SERVER,CORPORATE,HIGH,Identity,NETSEC,YES,OT|WEB|DATABASE,2026-08-01T07:06:42Z,ACTIVE,QRadar-Archive,PRODUCTION,2023-07-08
AST-000489,ENER-SCADA-00490,CSE-ENERGY-01,Energy,DATABASE,SCADA,MEDIUM,Grid Operations,APPSEC,YES,EXFILTRATION|NETWORK,2026-07-04T23:01:40Z,ACTIVE,EDR-Collector,DR,2022-04-19
AST-000490,ENER-DC-00491,CSE-ENERGY-01,Energy,WORKSTATION,DC,LOW,Substation Monitoring,OT-OPS,YES,ENDPOINT|OT,2026-08-14T01:30:14Z,ACTIVE,QRadar-Archive,PRODUCTION,2025-10-04
AST-000491,ENER-DMZ-00492,CSE-ENERGY-01,Energy,WORKSTATION,DMZ,HIGH,Substation Monitoring,NETSEC,YES,NETWORK|DATABASE|EXFILTRATION,2026-07-15T01:58:01Z,ACTIVE,QRadar-Archive,DR,2024-11-21
AST-000492,ENER-CORPORATE-00493,CSE-ENERGY-01,Energy,FIREWALL,CORPORATE,CRITICAL,Substation Monitoring,SOC,YES,WEB|AUTH|OT,2026-07-15T21:10:49Z,ACTIVE,QRadar-Archive,DR,2019-12-31
AST-000493,ENER-SCADA-00494,CSE-ENERGY-01,Energy,PLC,SCADA,MEDIUM,Identity,APPSEC,YES,OT|EXFILTRATION,2026-08-29T08:59:57Z,ACTIVE,Sentinel-Bridge,STAGING,2021-12-20
AST-000494,ENER-SCADA-00495,CSE-ENERGY-01,Energy,PLC,SCADA,HIGH,Substation Monitoring,NETSEC,YES,NETWORK|ENDPOINT|DATABASE,2026-09-16T17:17:27Z,ACTIVE,EDR-Collector,PRODUCTION,2020-05-13
AST-000495,ENER-CORPORATE-00496,CSE-ENERGY-01,Energy,NETWORK_DEVICE,CORPORATE,CRITICAL,Identity,SOC,YES,PRIVILEGE|EXFILTRATION|AUTH,2026-08-23T02:54:18Z,ACTIVE,EDR-Collector,STAGING,2022-11-12
AST-000496,ENER-CORPORATE-00497,CSE-ENERGY-01,Energy,NETWORK_DEVICE,CORPORATE,MEDIUM,Substation Monitoring,OT-OPS,YES,OT|WEB,2026-07-25T13:44:19Z,ACTIVE,Sentinel-Bridge,DR,2025-09-24
AST-000497,ENER-CORPORATE-00498,CSE-ENERGY-01,Energy,APPLICATION,CORPORATE,HIGH,Identity,OT-OPS,YES,OT|DATABASE|ENDPOINT,2026-09-21T23:38:25Z,ACTIVE,EDR-Collector,DR,2020-05-27
AST-000498,ENER-DC-00499,CSE-ENERGY-01,Energy,SERVER,DC,MEDIUM,Billing,APPSEC,YES,PRIVILEGE|EXFILTRATION,2026-08-28T03:55:55Z,ACTIVE,Splunk-ES,STAGING,2022-09-05
AST-000499,ENER-DC-00500,CSE-ENERGY-01,Energy,WORKSTATION,DC,MEDIUM,Billing,SOC,YES,EXFILTRATION|AUTH,2026-09-18T04:59:26Z,ACTIVE,Sentinel-Bridge,STAGING,2020-08-10
AST-000500,ENER-CORPORATE-00501,CSE-ENERGY-01,Energy,WORKSTATION,CORPORATE,HIGH,Grid Operations,IT-OPS,YES,DATABASE|NETWORK|PRIVILEGE,2026-09-11T22:45:37Z,ACTIVE,Sentinel-Bridge,STAGING,2021-12-03
AST-000501,ENER-CORPORATE-00502,CSE-ENERGY-01,Energy,NETWORK_DEVICE,CORPORATE,HIGH,Billing,NETSEC,YES,EXFILTRATION|DATABASE|PRIVILEGE,2026-07-26T09:27:57Z,ACTIVE,QRadar-Archive,STAGING,2025-11-29
AST-000502,ENER-DC-00503,CSE-ENERGY-01,Energy,WORKSTATION,DC,LOW,Billing,APPSEC,YES,WEB|NETWORK,2026-08-27T23:33:46Z,ACTIVE,Sentinel-Bridge,DR,2020-11-18
AST-000503,ENER-CORPORATE-00504,CSE-ENERGY-01,Energy,SERVER,CORPORATE,MEDIUM,Substation Monitoring,IT-OPS,YES,WEB|EXFILTRATION,2026-08-11T02:45:31Z,ACTIVE,QRadar-Archive,PRODUCTION,2025-01-02
AST-000504,ENER-SCADA-00505,CSE-ENERGY-01,Energy,HMI,SCADA,HIGH,Grid Operations,SOC,YES,WEB|NETWORK|DATABASE,2026-09-23T17:49:44Z,ACTIVE,QRadar-Archive,DR,2019-12-07
AST-000505,ENER-CORPORATE-00506,CSE-ENERGY-01,Energy,NETWORK_DEVICE,CORPORATE,HIGH,Identity,APPSEC,YES,EXFILTRATION|PRIVILEGE|NETWORK,2026-09-10T13:06:11Z,ACTIVE,Splunk-ES,PRODUCTION,2024-05-30
AST-000506,ENER-SCADA-00507,CSE-ENERGY-01,Energy,PLC,SCADA,HIGH,Grid Operations,IT-OPS,YES,DATABASE|PRIVILEGE|OT,2026-08-02T18:07:03Z,ACTIVE,Sentinel-Bridge,DR,2022-12-18
AST-000507,ENER-SCADA-00508,CSE-ENERGY-01,Energy,NETWORK_DEVICE,SCADA,HIGH,Substation Monitoring,OT-OPS,YES,EXFILTRATION|NETWORK|AUTH,2026-07-30T12:19:35Z,ACTIVE,EDR-Collector,PRODUCTION,2024-02-27
AST-000508,ENER-CORPORATE-00509,CSE-ENERGY-01,Energy,DATABASE,CORPORATE,CRITICAL,Grid Operations,NETSEC,YES,PRIVILEGE|OT|NETWORK,2026-09-29T01:28:44Z,ACTIVE,EDR-Collector,STAGING,2024-01-10
AST-000509,ENER-CORPORATE-00510,CSE-ENERGY-01,Energy,FIREWALL,CORPORATE,LOW,Billing,IT-OPS,YES,WEB|NETWORK,2026-08-06T09:19:30Z,DEGRADED,Splunk-ES,DR,2022-04-08
AST-000510,ENER-DMZ-00511,CSE-ENERGY-01,Energy,FIREWALL,DMZ,MEDIUM,Identity,IT-OPS,YES,PRIVILEGE|ENDPOINT,2026-09-26T14:08:27Z,MISSING,QRadar-Archive,STAGING,2024-10-12
AST-000511,ENER-SCADA-00512,CSE-ENERGY-01,Energy,PLC,SCADA,MEDIUM,Billing,OT-OPS,YES,PRIVILEGE|NETWORK,2026-09-16T06:53:56Z,ACTIVE,QRadar-Archive,PRODUCTION,2025-08-20
AST-000512,ENER-OT-00513,CSE-ENERGY-01,Energy,WORKSTATION,OT,CRITICAL,Grid Operations,OT-OPS,YES,OT|PRIVILEGE|DATABASE,2026-08-20T10:07:48Z,MISSING,Sentinel-Bridge,STAGING,2023-11-20
AST-000513,ENER-DMZ-00514,CSE-ENERGY-01,Energy,APPLICATION,DMZ,MEDIUM,Substation Monitoring,IT-OPS,YES,NETWORK|ENDPOINT,2026-08-25T20:19:56Z,ACTIVE,Sentinel-Bridge,DR,2024-12-23
AST-000514,ENER-CORPORATE-00515,CSE-ENERGY-01,Energy,SERVER,CORPORATE,MEDIUM,Identity,OT-OPS,YES,OT|NETWORK,2026-07-15T11:20:11Z,ACTIVE,QRadar-Archive,STAGING,2023-11-11
AST-000515,ENER-CORPORATE-00516,CSE-ENERGY-01,Energy,SERVER,CORPORATE,MEDIUM,Substation Monitoring,OT-OPS,YES,ENDPOINT|NETWORK,2026-09-17T00:52:27Z,DEGRADED,Splunk-ES,PRODUCTION,2020-09-12
AST-000516,ENER-SCADA-00517,CSE-ENERGY-01,Energy,HMI,SCADA,HIGH,Grid Operations,APPSEC,YES,OT|NETWORK|WEB,2026-09-12T13:21:45Z,ACTIVE,QRadar-Archive,PRODUCTION,2020-06-05
AST-000517,ENER-SCADA-00518,CSE-ENERGY-01,Energy,WORKSTATION,SCADA,CRITICAL,Identity,IT-OPS,YES,AUTH|WEB|EXFILTRATION,2026-09-25T06:07:07Z,ACTIVE,QRadar-Archive,PRODUCTION,2021-12-29
AST-000518,ENER-SCADA-00519,CSE-ENERGY-01,Energy,PLC,SCADA,MEDIUM,Billing,IT-OPS,YES,ENDPOINT|DATABASE,2026-08-17T21:30:34Z,ACTIVE,QRadar-Archive,STAGING,2024-11-10
AST-000519,ENER-CORPORATE-00520,CSE-ENERGY-01,Energy,SERVER,CORPORATE,HIGH,Grid Operations,NETSEC,YES,NETWORK|OT|EXFILTRATION,2026-07-17T00:08:36Z,ACTIVE,EDR-Collector,DR,2024-06-15
AST-000520,ENER-DC-00521,CSE-ENERGY-01,Energy,SERVER,DC,HIGH,Substation Monitoring,IT-OPS,YES,ENDPOINT|DATABASE|NETWORK,2026-07-22T18:13:53Z,ACTIVE,Sentinel-Bridge,DR,2022-11-19
AST-000521,ENER-CORPORATE-00522,CSE-ENERGY-01,Energy,SERVER,CORPORATE,CRITICAL,Identity,NETSEC,YES,EXFILTRATION|NETWORK|DATABASE,2026-07-31T09:43:23Z,ACTIVE,QRadar-Archive,STAGING,2020-03-23
AST-000522,ENER-SCADA-00523,CSE-ENERGY-01,Energy,PLC,SCADA,LOW,Grid Operations,APPSEC,YES,DATABASE|NETWORK,2026-08-16T13:28:42Z,ACTIVE,Sentinel-Bridge,PRODUCTION,2020-03-20
AST-000523,ENER-DC-00524,CSE-ENERGY-01,Energy,DATABASE,DC,HIGH,Identity,IT-OPS,YES,PRIVILEGE|DATABASE|AUTH,2026-07-12T04:26:28Z,ACTIVE,Sentinel-Bridge,DR,2023-06-08
AST-000524,ENER-DC-00525,CSE-ENERGY-01,Energy,APPLICATION,DC,HIGH,Billing,OT-OPS,YES,OT|EXFILTRATION|NETWORK,2026-08-08T12:44:39Z,ACTIVE,Splunk-ES,DR,2020-01-30
AST-000525,ENER-DC-00526,CSE-ENERGY-01,Energy,DATABASE,DC,MEDIUM,Billing,IT-OPS,YES,DATABASE|ENDPOINT,2026-09-29T02:29:54Z,ACTIVE,Splunk-ES,DR,2023-07-09
AST-000526,ENER-SCADA-00527,CSE-ENERGY-01,Energy,PLC,SCADA,LOW,Substation Monitoring,OT-OPS,YES,PRIVILEGE|WEB,2026-07-25T05:28:03Z,ACTIVE,QRadar-Archive,STAGING,2022-12-03
AST-000527,ENER-CORPORATE-00528,CSE-ENERGY-01,Energy,NETWORK_DEVICE,CORPORATE,MEDIUM,Billing,NETSEC,YES,WEB|NETWORK,2026-08-17T04:35:48Z,ACTIVE,QRadar-Archive,DR,2025-05-15
AST-000528,ENER-OT-00529,CSE-ENERGY-01,Energy,SERVER,OT,HIGH,Substation Monitoring,IT-OPS,YES,NETWORK|ENDPOINT|DATABASE,2026-08-04T11:09:51Z,ACTIVE,Splunk-ES,STAGING,2023-12-21
AST-000529,ENER-CORPORATE-00530,CSE-ENERGY-01,Energy,NETWORK_DEVICE,CORPORATE,LOW,Grid Operations,SOC,YES,EXFILTRATION|OT,2026-09-12T22:41:26Z,ACTIVE,Splunk-ES,STAGING,2022-11-27
AST-000530,ENER-CORPORATE-00531,CSE-ENERGY-01,Energy,NETWORK_DEVICE,CORPORATE,LOW,Billing,NETSEC,YES,ENDPOINT|OT,2026-09-02T08:37:11Z,ACTIVE,QRadar-Archive,PRODUCTION,2024-03-20
AST-000531,ENER-DC-00532,CSE-ENERGY-01,Energy,WORKSTATION,DC,MEDIUM,Identity,NETSEC,YES,OT|PRIVILEGE,2026-09-02T01:40:25Z,ACTIVE,Splunk-ES,PRODUCTION,2022-03-24
AST-000532,ENER-CORPORATE-00533,CSE-ENERGY-01,Energy,NETWORK_DEVICE,CORPORATE,MEDIUM,Billing,NETSEC,YES,EXFILTRATION|NETWORK,2026-07-10T16:21:07Z,ACTIVE,QRadar-Archive,DR,2022-06-21
AST-000533,ENER-CORPORATE-00534,CSE-ENERGY-01,Energy,APPLICATION,CORPORATE,HIGH,Billing,OT-OPS,YES,DATABASE|WEB|OT,2026-07-18T03:53:09Z,ACTIVE,QRadar-Archive,PRODUCTION,2022-07-18
AST-000534,ENER-DC-00535,CSE-ENERGY-01,Energy,WORKSTATION,DC,MEDIUM,Identity,NETSEC,YES,PRIVILEGE|EXFILTRATION,2026-08-06T03:48:47Z,ACTIVE,Sentinel-Bridge,STAGING,2024-10-02
AST-000535,ENER-DMZ-00536,CSE-ENERGY-01,Energy,NETWORK_DEVICE,DMZ,LOW,Identity,SOC,YES,PRIVILEGE|NETWORK,2026-08-14T07:18:14Z,ACTIVE,EDR-Collector,PRODUCTION,2025-05-01
AST-000536,ENER-SCADA-00537,CSE-ENERGY-01,Energy,PLC,SCADA,MEDIUM,Grid Operations,APPSEC,YES,NETWORK|EXFILTRATION,2026-09-09T16:23:04Z,ACTIVE,Sentinel-Bridge,STAGING,2023-12-06
AST-000537,ENER-DMZ-00538,CSE-ENERGY-01,Energy,WORKSTATION,DMZ,HIGH,Grid Operations,NETSEC,YES,DATABASE|EXFILTRATION|PRIVILEGE,2026-09-15T17:23:59Z,ACTIVE,Splunk-ES,PRODUCTION,2023-12-20
AST-000538,ENER-OT-00539,CSE-ENERGY-01,Energy,FIREWALL,OT,HIGH,Billing,OT-OPS,YES,NETWORK|OT|AUTH,2026-08-20T23:01:55Z,ACTIVE,QRadar-Archive,DR,2023-10-28
AST-000539,ENER-SCADA-00540,CSE-ENERGY-01,Energy,PLC,SCADA,LOW,Substation Monitoring,IT-OPS,YES,NETWORK|DATABASE,2026-07-19T11:31:54Z,MISSING,QRadar-Archive,PRODUCTION,2020-10-19
AST-000540,ENER-CORPORATE-00541,CSE-ENERGY-01,Energy,SERVER,CORPORATE,CRITICAL,Identity,APPSEC,YES,EXFILTRATION|PRIVILEGE|WEB,2026-08-07T23:40:57Z,ACTIVE,EDR-Collector,STAGING,2022-01-21
AST-000541,ENER-DMZ-00542,CSE-ENERGY-01,Energy,FIREWALL,DMZ,MEDIUM,Billing,IT-OPS,YES,NETWORK|OT,2026-09-06T02:52:40Z,ACTIVE,Sentinel-Bridge,DR,2026-02-14
AST-000542,ENER-DC-00543,CSE-ENERGY-01,Energy,APPLICATION,DC,HIGH,Billing,IT-OPS,YES,ENDPOINT|DATABASE|EXFILTRATION,2026-08-22T01:49:53Z,ACTIVE,Splunk-ES,STAGING,2024-09-06
AST-000543,ENER-OT-00544,CSE-ENERGY-01,Energy,NETWORK_DEVICE,OT,LOW,Identity,APPSEC,YES,EXFILTRATION|AUTH,2026-09-05T14:02:14Z,ACTIVE,Splunk-ES,PRODUCTION,2024-09-19
AST-000544,ENER-DMZ-00545,CSE-ENERGY-01,Energy,DATABASE,DMZ,MEDIUM,Substation Monitoring,IT-OPS,YES,EXFILTRATION|AUTH,2026-08-21T12:05:18Z,ACTIVE,Splunk-ES,DR,2024-02-20
AST-000545,ENER-DMZ-00546,CSE-ENERGY-01,Energy,DATABASE,DMZ,LOW,Grid Operations,SOC,YES,NETWORK|ENDPOINT,2026-07-15T07:06:08Z,ACTIVE,QRadar-Archive,PRODUCTION,2025-06-23
AST-000546,ENER-CORPORATE-00547,CSE-ENERGY-01,Energy,FIREWALL,CORPORATE,MEDIUM,Identity,NETSEC,YES,OT|AUTH,2026-07-02T07:28:23Z,ACTIVE,EDR-Collector,PRODUCTION,2025-02-01
AST-000547,ENER-SCADA-00548,CSE-ENERGY-01,Energy,HMI,SCADA,MEDIUM,Substation Monitoring,NETSEC,YES,AUTH|EXFILTRATION,2026-08-21T18:21:45Z,ACTIVE,Sentinel-Bridge,PRODUCTION,2024-01-29
AST-000548,ENER-OT-00549,CSE-ENERGY-01,Energy,DATABASE,OT,HIGH,Identity,SOC,YES,OT|WEB|EXFILTRATION,2026-08-06T00:44:36Z,ACTIVE,Splunk-ES,STAGING,2021-07-28
AST-000549,ENER-DC-00550,CSE-ENERGY-01,Energy,SERVER,DC,MEDIUM,Billing,SOC,YES,ENDPOINT|OT,2026-07-13T12:02:40Z,ACTIVE,QRadar-Archive,STAGING,2020-02-25
AST-000550,ENER-CORPORATE-00551,CSE-ENERGY-01,Energy,NETWORK_DEVICE,CORPORATE,HIGH,Identity,IT-OPS,YES,ENDPOINT|DATABASE|PRIVILEGE,2026-09-18T04:10:20Z,ACTIVE,QRadar-Archive,DR,2020-04-24
AST-000551,ENER-OT-00552,CSE-ENERGY-01,Energy,SERVER,OT,HIGH,Billing,IT-OPS,YES,NETWORK|ENDPOINT|PRIVILEGE,2026-08-08T07:27:50Z,ACTIVE,QRadar-Archive,DR,2024-03-04
AST-000552,ENER-CORPORATE-00553,CSE-ENERGY-01,Energy,APPLICATION,CORPORATE,HIGH,Billing,IT-OPS,YES,AUTH|EXFILTRATION|OT,2026-08-31T10:37:22Z,ACTIVE,EDR-Collector,DR,2025-11-15
AST-000553,ENER-SCADA-00554,CSE-ENERGY-01,Energy,PLC,SCADA,LOW,Substation Monitoring,OT-OPS,YES,DATABASE|ENDPOINT,2026-08-23T06:17:16Z,ACTIVE,QRadar-Archive,DR,2021-07-19
AST-000554,ENER-CORPORATE-00555,CSE-ENERGY-01,Energy,SERVER,CORPORATE,HIGH,Grid Operations,IT-OPS,YES,NETWORK|EXFILTRATION|ENDPOINT,2026-07-26T16:33:24Z,ACTIVE,EDR-Collector,STAGING,2026-02-24
AST-000555,ENER-DC-00556,CSE-ENERGY-01,Energy,NETWORK_DEVICE,DC,HIGH,Substation Monitoring,NETSEC,YES,PRIVILEGE|NETWORK|WEB,2026-08-24T20:59:37Z,ACTIVE,EDR-Collector,DR,2020-05-13
AST-000556,ENER-DC-00557,CSE-ENERGY-01,Energy,NETWORK_DEVICE,DC,MEDIUM,Billing,OT-OPS,YES,EXFILTRATION|DATABASE,2026-08-21T08:29:27Z,ACTIVE,Sentinel-Bridge,DR,2021-05-13
AST-000557,ENER-SCADA-00558,CSE-ENERGY-01,Energy,PLC,SCADA,HIGH,Substation Monitoring,SOC,YES,PRIVILEGE|WEB|ENDPOINT,2026-09-18T02:02:00Z,ACTIVE,QRadar-Archive,DR,2020-06-17
AST-000558,ENER-CORPORATE-00559,CSE-ENERGY-01,Energy,SERVER,CORPORATE,MEDIUM,Grid Operations,NETSEC,YES,EXFILTRATION|WEB,2026-08-26T03:30:39Z,ACTIVE,Sentinel-Bridge,STAGING,2020-11-23
AST-000559,ENER-OT-00560,CSE-ENERGY-01,Energy,WORKSTATION,OT,MEDIUM,Identity,SOC,YES,AUTH|NETWORK,2026-09-01T00:23:04Z,DEGRADED,QRadar-Archive,STAGING,2024-09-13
AST-000560,ENER-OT-00561,CSE-ENERGY-01,Energy,SERVER,OT,HIGH,Substation Monitoring,OT-OPS,YES,AUTH|OT|NETWORK,2026-08-01T22:06:33Z,ACTIVE,EDR-Collector,DR,2022-03-15
AST-000561,ENER-DMZ-00562,CSE-ENERGY-01,Energy,DATABASE,DMZ,MEDIUM,Grid Operations,APPSEC,YES,EXFILTRATION|ENDPOINT,2026-08-16T13:00:58Z,ACTIVE,QRadar-Archive,DR,2023-07-18
AST-000562,ENER-DC-00563,CSE-ENERGY-01,Energy,WORKSTATION,DC,HIGH,Identity,NETSEC,YES,OT|PRIVILEGE|EXFILTRATION,2026-07-08T23:55:50Z,ACTIVE,Splunk-ES,PRODUCTION,2024-11-18
AST-000563,ENER-DC-00564,CSE-ENERGY-01,Energy,WORKSTATION,DC,MEDIUM,Grid Operations,NETSEC,YES,WEB|ENDPOINT,2026-09-13T22:14:48Z,ACTIVE,QRadar-Archive,DR,2024-03-13
AST-000564,ENER-OT-00565,CSE-ENERGY-01,Energy,SERVER,OT,MEDIUM,Substation Monitoring,OT-OPS,YES,PRIVILEGE|EXFILTRATION,2026-08-23T09:30:11Z,ACTIVE,EDR-Collector,DR,2022-11-29
AST-000565,ENER-CORPORATE-00566,CSE-ENERGY-01,Energy,APPLICATION,CORPORATE,MEDIUM,Identity,IT-OPS,YES,OT|ENDPOINT,2026-07-03T21:47:04Z,ACTIVE,QRadar-Archive,DR,2021-03-01
AST-000566,ENER-CORPORATE-00567,CSE-ENERGY-01,Energy,FIREWALL,CORPORATE,MEDIUM,Substation Monitoring,APPSEC,YES,PRIVILEGE|EXFILTRATION,2026-07-16T05:09:10Z,ACTIVE,EDR-Collector,STAGING,2024-01-22
AST-000567,ENER-DC-00568,CSE-ENERGY-01,Energy,SERVER,DC,HIGH,Billing,SOC,YES,PRIVILEGE|ENDPOINT|AUTH,2026-09-30T20:30:20Z,ACTIVE,Sentinel-Bridge,STAGING,2026-02-14
AST-000568,ENER-CORPORATE-00569,CSE-ENERGY-01,Energy,NETWORK_DEVICE,CORPORATE,HIGH,Identity,APPSEC,YES,ENDPOINT|DATABASE|AUTH,2026-07-04T11:49:04Z,ACTIVE,QRadar-Archive,DR,2023-04-18
AST-000569,ENER-CORPORATE-00570,CSE-ENERGY-01,Energy,SERVER,CORPORATE,CRITICAL,Substation Monitoring,OT-OPS,YES,AUTH|NETWORK|OT,2026-09-22T10:59:19Z,ACTIVE,QRadar-Archive,PRODUCTION,2024-11-02
AST-000570,ENER-CORPORATE-00571,CSE-ENERGY-01,Energy,SERVER,CORPORATE,CRITICAL,Substation Monitoring,NETSEC,YES,DATABASE|WEB|EXFILTRATION,2026-08-10T18:38:57Z,ACTIVE,Sentinel-Bridge,STAGING,2021-05-20
AST-000571,ENER-CORPORATE-00572,CSE-ENERGY-01,Energy,NETWORK_DEVICE,CORPORATE,CRITICAL,Grid Operations,SOC,YES,OT|DATABASE|PRIVILEGE,2026-07-26T20:48:36Z,ACTIVE,QRadar-Archive,STAGING,2021-12-21
AST-000572,ENER-DMZ-00573,CSE-ENERGY-01,Energy,NETWORK_DEVICE,DMZ,HIGH,Billing,OT-OPS,YES,PRIVILEGE|OT|DATABASE,2026-08-20T00:00:12Z,ACTIVE,Sentinel-Bridge,STAGING,2024-11-13
AST-000573,ENER-DMZ-00574,CSE-ENERGY-01,Energy,DATABASE,DMZ,HIGH,Billing,SOC,YES,ENDPOINT|EXFILTRATION|WEB,2026-07-16T13:39:06Z,ACTIVE,Splunk-ES,STAGING,2023-03-31
AST-000574,ENER-DMZ-00575,CSE-ENERGY-01,Energy,WORKSTATION,DMZ,MEDIUM,Substation Monitoring,APPSEC,YES,WEB|DATABASE,2026-07-06T15:54:43Z,ACTIVE,EDR-Collector,PRODUCTION,2023-10-10
AST-000575,ENER-CORPORATE-00576,CSE-ENERGY-01,Energy,FIREWALL,CORPORATE,HIGH,Substation Monitoring,NETSEC,YES,NETWORK|OT|PRIVILEGE,2026-07-04T18:48:56Z,ACTIVE,EDR-Collector,STAGING,2022-04-18
AST-000576,ENER-CORPORATE-00577,CSE-ENERGY-01,Energy,WORKSTATION,CORPORATE,MEDIUM,Substation Monitoring,OT-OPS,YES,AUTH|WEB,2026-09-15T16:46:28Z,ACTIVE,EDR-Collector,STAGING,2023-05-20
AST-000577,ENER-SCADA-00578,CSE-ENERGY-01,Energy,HMI,SCADA,CRITICAL,Substation Monitoring,SOC,YES,DATABASE|NETWORK|PRIVILEGE,2026-07-12T01:10:04Z,ACTIVE,EDR-Collector,STAGING,2020-02-14
AST-000578,ENER-CORPORATE-00579,CSE-ENERGY-01,Energy,WORKSTATION,CORPORATE,MEDIUM,Substation Monitoring,APPSEC,YES,DATABASE|EXFILTRATION,2026-09-21T22:32:11Z,ACTIVE,EDR-Collector,PRODUCTION,2025-12-29
AST-000579,ENER-OT-00580,CSE-ENERGY-01,Energy,APPLICATION,OT,HIGH,Billing,OT-OPS,YES,PRIVILEGE|NETWORK|AUTH,2026-09-22T06:51:35Z,ACTIVE,EDR-Collector,STAGING,2023-08-10
AST-000580,ENER-SCADA-00581,CSE-ENERGY-01,Energy,NETWORK_DEVICE,SCADA,MEDIUM,Identity,IT-OPS,YES,DATABASE|EXFILTRATION,2026-08-11T01:39:10Z,DEGRADED,Sentinel-Bridge,STAGING,2023-11-11
AST-000581,ENER-SCADA-00582,CSE-ENERGY-01,Energy,PLC,SCADA,LOW,Identity,APPSEC,YES,OT|NETWORK,2026-07-31T17:16:39Z,ACTIVE,Sentinel-Bridge,STAGING,2024-06-14
AST-000582,ENER-CORPORATE-00583,CSE-ENERGY-01,Energy,WORKSTATION,CORPORATE,LOW,Substation Monitoring,APPSEC,YES,NETWORK|AUTH,2026-07-20T04:11:56Z,ACTIVE,EDR-Collector,STAGING,2020-07-23
AST-000583,ENER-CORPORATE-00584,CSE-ENERGY-01,Energy,NETWORK_DEVICE,CORPORATE,MEDIUM,Identity,APPSEC,YES,OT|EXFILTRATION,2026-09-01T12:23:24Z,ACTIVE,QRadar-Archive,PRODUCTION,2025-09-22
AST-000584,ENER-OT-00585,CSE-ENERGY-01,Energy,DATABASE,OT,HIGH,Billing,IT-OPS,YES,AUTH|NETWORK|DATABASE,2026-08-16T21:32:36Z,ACTIVE,QRadar-Archive,STAGING,2023-06-10
AST-000585,ENER-SCADA-00586,CSE-ENERGY-01,Energy,PLC,SCADA,MEDIUM,Identity,APPSEC,YES,EXFILTRATION|OT,2026-09-27T03:44:06Z,ACTIVE,Sentinel-Bridge,DR,2022-05-09
AST-000586,ENER-CORPORATE-00587,CSE-ENERGY-01,Energy,SERVER,CORPORATE,LOW,Billing,APPSEC,YES,ENDPOINT|AUTH,2026-09-05T11:26:51Z,ACTIVE,QRadar-Archive,DR,2022-11-01
AST-000587,ENER-CORPORATE-00588,CSE-ENERGY-01,Energy,WORKSTATION,CORPORATE,MEDIUM,Substation Monitoring,SOC,YES,EXFILTRATION|NETWORK,2026-08-21T17:44:04Z,ACTIVE,QRadar-Archive,STAGING,2023-04-13
AST-000588,ENER-DMZ-00589,CSE-ENERGY-01,Energy,WORKSTATION,DMZ,HIGH,Identity,IT-OPS,YES,AUTH|PRIVILEGE|EXFILTRATION,2026-07-10T10:05:24Z,ACTIVE,EDR-Collector,STAGING,2026-01-02
AST-000589,ENER-DC-00590,CSE-ENERGY-01,Energy,SERVER,DC,LOW,Substation Monitoring,APPSEC,YES,PRIVILEGE|NETWORK,2026-07-07T04:38:17Z,ACTIVE,QRadar-Archive,STAGING,2020-12-20
AST-000590,ENER-SCADA-00591,CSE-ENERGY-01,Energy,PLC,SCADA,MEDIUM,Substation Monitoring,SOC,YES,ENDPOINT|OT,2026-09-04T06:15:22Z,ACTIVE,QRadar-Archive,PRODUCTION,2020-12-31
AST-000591,ENER-CORPORATE-00592,CSE-ENERGY-01,Energy,APPLICATION,CORPORATE,MEDIUM,Substation Monitoring,IT-OPS,YES,AUTH|EXFILTRATION,2026-09-19T19:41:52Z,ACTIVE,Splunk-ES,STAGING,2023-03-30
AST-000592,ENER-OT-00593,CSE-ENERGY-01,Energy,WORKSTATION,OT,MEDIUM,Identity,APPSEC,YES,NETWORK|PRIVILEGE,2026-07-21T20:26:37Z,ACTIVE,QRadar-Archive,STAGING,2025-09-08
AST-000593,ENER-SCADA-00594,CSE-ENERGY-01,Energy,HMI,SCADA,CRITICAL,Grid Operations,NETSEC,YES,NETWORK|PRIVILEGE|AUTH,2026-07-03T09:55:25Z,ACTIVE,Splunk-ES,PRODUCTION,2022-07-16
AST-000594,ENER-CORPORATE-00595,CSE-ENERGY-01,Energy,WORKSTATION,CORPORATE,HIGH,Substation Monitoring,OT-OPS,YES,AUTH|DATABASE|NETWORK,2026-08-22T05:31:21Z,MISSING,Splunk-ES,STAGING,2025-03-19
AST-000595,ENER-CORPORATE-00596,CSE-ENERGY-01,Energy,SERVER,CORPORATE,MEDIUM,Identity,OT-OPS,YES,NETWORK|PRIVILEGE,2026-09-09T19:55:11Z,ACTIVE,EDR-Collector,DR,2023-09-21
AST-000596,ENER-DMZ-00597,CSE-ENERGY-01,Energy,WORKSTATION,DMZ,HIGH,Identity,NETSEC,YES,WEB|EXFILTRATION|NETWORK,2026-07-07T23:57:53Z,ACTIVE,Splunk-ES,PRODUCTION,2021-06-20
AST-000597,ENER-CORPORATE-00598,CSE-ENERGY-01,Energy,WORKSTATION,CORPORATE,HIGH,Substation Monitoring,OT-OPS,YES,ENDPOINT|WEB|DATABASE,2026-09-17T00:08:06Z,ACTIVE,QRadar-Archive,STAGING,2025-10-12
AST-000598,ENER-CORPORATE-00599,CSE-ENERGY-01,Energy,NETWORK_DEVICE,CORPORATE,MEDIUM,Grid Operations,APPSEC,YES,WEB|OT,2026-09-10T01:40:05Z,ACTIVE,Splunk-ES,DR,2025-11-20
AST-000599,ENER-SCADA-00600,CSE-ENERGY-01,Energy,HMI,SCADA,MEDIUM,Grid Operations,NETSEC,YES,DATABASE|NETWORK,2026-09-01T17:01:56Z,ACTIVE,EDR-Collector,DR,2019-12-22
AST-000600,ENER-CORPORATE-00601,CSE-ENERGY-01,Energy,NETWORK_DEVICE,CORPORATE,LOW,Grid Operations,NETSEC,YES,PRIVILEGE|DATABASE,2026-09-30T04:22:10Z,DEGRADED,Sentinel-Bridge,DR,2023-11-20
AST-000601,ENER-CORPORATE-00602,CSE-ENERGY-01,Energy,FIREWALL,CORPORATE,CRITICAL,Identity,IT-OPS,YES,PRIVILEGE|DATABASE|EXFILTRATION,2026-08-06T22:21:30Z,DEGRADED,EDR-Collector,PRODUCTION,2025-02-16
AST-000602,ENER-DC-00603,CSE-ENERGY-01,Energy,DATABASE,DC,LOW,Substation Monitoring,SOC,YES,DATABASE|PRIVILEGE,2026-08-18T13:32:53Z,ACTIVE,EDR-Collector,PRODUCTION,2024-04-18
AST-000603,ENER-CORPORATE-00604,CSE-ENERGY-01,Energy,SERVER,CORPORATE,CRITICAL,Grid Operations,IT-OPS,YES,AUTH|PRIVILEGE|NETWORK,2026-09-29T00:43:40Z,ACTIVE,Splunk-ES,STAGING,2025-06-10
AST-000604,ENER-SCADA-00605,CSE-ENERGY-01,Energy,PLC,SCADA,LOW,Billing,NETSEC,YES,WEB|OT,2026-08-31T21:09:33Z,ACTIVE,Splunk-ES,PRODUCTION,2025-09-17
AST-000605,ENER-DC-00606,CSE-ENERGY-01,Energy,DATABASE,DC,MEDIUM,Grid Operations,IT-OPS,YES,ENDPOINT|OT,2026-09-13T19:41:25Z,ACTIVE,QRadar-Archive,STAGING,2023-06-18
AST-000606,ENER-DMZ-00607,CSE-ENERGY-01,Energy,WORKSTATION,DMZ,MEDIUM,Substation Monitoring,IT-OPS,YES,EXFILTRATION|NETWORK,2026-08-29T07:24:05Z,ACTIVE,QRadar-Archive,DR,2025-02-14
AST-000607,ENER-CORPORATE-00608,CSE-ENERGY-01,Energy,WORKSTATION,CORPORATE,HIGH,Substation Monitoring,OT-OPS,YES,EXFILTRATION|OT|NETWORK,2026-08-24T00:57:55Z,ACTIVE,Sentinel-Bridge,STAGING,2020-07-17
AST-000608,ENER-CORPORATE-00609,CSE-ENERGY-01,Energy,FIREWALL,CORPORATE,HIGH,Grid Operations,NETSEC,YES,PRIVILEGE|NETWORK|WEB,2026-09-06T14:18:32Z,ACTIVE,QRadar-Archive,STAGING,2024-10-26
AST-000609,ENER-CORPORATE-00610,CSE-ENERGY-01,Energy,FIREWALL,CORPORATE,CRITICAL,Identity,NETSEC,YES,PRIVILEGE|AUTH|DATABASE,2026-09-21T06:48:09Z,DEGRADED,Sentinel-Bridge,STAGING,2023-11-30
AST-000610,ENER-DC-00611,CSE-ENERGY-01,Energy,DATABASE,DC,HIGH,Grid Operations,NETSEC,YES,ENDPOINT|EXFILTRATION|DATABASE,2026-08-09T03:49:46Z,ACTIVE,Sentinel-Bridge,PRODUCTION,2024-07-26
AST-000611,ENER-DMZ-00612,CSE-ENERGY-01,Energy,DATABASE,DMZ,LOW,Grid Operations,NETSEC,YES,PRIVILEGE|NETWORK,2026-07-15T08:06:42Z,ACTIVE,Sentinel-Bridge,PRODUCTION,2021-12-31
AST-000612,ENER-DMZ-00613,CSE-ENERGY-01,Energy,DATABASE,DMZ,LOW,Identity,SOC,YES,AUTH|DATABASE,2026-08-09T04:12:59Z,ACTIVE,EDR-Collector,STAGING,2025-02-24
AST-000613,ENER-CORPORATE-00614,CSE-ENERGY-01,Energy,SERVER,CORPORATE,CRITICAL,Substation Monitoring,APPSEC,YES,AUTH|WEB|PRIVILEGE,2026-09-21T10:57:15Z,ACTIVE,EDR-Collector,DR,2024-03-18
AST-000614,ENER-DMZ-00615,CSE-ENERGY-01,Energy,SERVER,DMZ,MEDIUM,Substation Monitoring,NETSEC,YES,DATABASE|NETWORK,2026-09-07T03:15:11Z,ACTIVE,Splunk-ES,STAGING,2025-04-29
AST-000615,ENER-CORPORATE-00616,CSE-ENERGY-01,Energy,WORKSTATION,CORPORATE,CRITICAL,Billing,IT-OPS,YES,OT|WEB|ENDPOINT,2026-09-30T05:57:22Z,ACTIVE,Splunk-ES,DR,2023-09-02
AST-000616,ENER-OT-00617,CSE-ENERGY-01,Energy,SERVER,OT,HIGH,Grid Operations,SOC,YES,ENDPOINT|AUTH|WEB,2026-09-28T03:14:39Z,ACTIVE,Splunk-ES,DR,2025-03-20
AST-000617,ENER-SCADA-00618,CSE-ENERGY-01,Energy,HMI,SCADA,MEDIUM,Identity,SOC,YES,OT|NETWORK,2026-08-18T20:09:21Z,ACTIVE,QRadar-Archive,STAGING,2023-01-27
AST-000618,ENER-CORPORATE-00619,CSE-ENERGY-01,Energy,SERVER,CORPORATE,CRITICAL,Substation Monitoring,APPSEC,YES,EXFILTRATION|NETWORK|OT,2026-08-04T15:35:26Z,ACTIVE,Sentinel-Bridge,STAGING,2023-07-23
AST-000619,ENER-DMZ-00620,CSE-ENERGY-01,Energy,SERVER,DMZ,HIGH,Grid Operations,NETSEC,YES,NETWORK|AUTH|OT,2026-07-19T19:34:27Z,MISSING,QRadar-Archive,DR,2025-08-03
AST-000620,ENER-CORPORATE-00621,CSE-ENERGY-01,Energy,WORKSTATION,CORPORATE,LOW,Grid Operations,NETSEC,YES,PRIVILEGE|WEB,2026-09-14T09:54:14Z,ACTIVE,EDR-Collector,DR,2025-02-05
AST-000621,ENER-DMZ-00622,CSE-ENERGY-01,Energy,WORKSTATION,DMZ,HIGH,Billing,IT-OPS,YES,OT|EXFILTRATION|WEB,2026-09-13T18:27:09Z,DEGRADED,EDR-Collector,PRODUCTION,2020-03-25
AST-000622,ENER-SCADA-00623,CSE-ENERGY-01,Energy,PLC,SCADA,HIGH,Substation Monitoring,SOC,YES,ENDPOINT|PRIVILEGE|WEB,2026-07-11T13:10:53Z,DEGRADED,Sentinel-Bridge,PRODUCTION,2021-02-16
AST-000623,ENER-OT-00624,CSE-ENERGY-01,Energy,WORKSTATION,OT,CRITICAL,Grid Operations,NETSEC,YES,PRIVILEGE|AUTH|ENDPOINT,2026-07-19T01:05:11Z,ACTIVE,QRadar-Archive,PRODUCTION,2021-09-06
AST-000624,ENER-SCADA-00625,CSE-ENERGY-01,Energy,WORKSTATION,SCADA,HIGH,Grid Operations,SOC,YES,PRIVILEGE|OT|WEB,2026-08-28T15:21:29Z,ACTIVE,Splunk-ES,PRODUCTION,2023-08-15
AST-000625,ENER-CORPORATE-00626,CSE-ENERGY-01,Energy,NETWORK_DEVICE,CORPORATE,CRITICAL,Substation Monitoring,OT-OPS,YES,ENDPOINT|DATABASE|WEB,2026-08-24T10:40:12Z,ACTIVE,EDR-Collector,DR,2025-11-14
AST-000626,ENER-CORPORATE-00627,CSE-ENERGY-01,Energy,APPLICATION,CORPORATE,HIGH,Identity,SOC,YES,PRIVILEGE|ENDPOINT|OT,2026-07-04T22:22:06Z,ACTIVE,Sentinel-Bridge,DR,2022-06-15
AST-000627,ENER-SCADA-00628,CSE-ENERGY-01,Energy,WORKSTATION,SCADA,LOW,Billing,IT-OPS,YES,OT|WEB,2026-08-03T20:50:25Z,ACTIVE,Sentinel-Bridge,DR,2021-06-30
AST-000628,ENER-OT-00629,CSE-ENERGY-01,Energy,APPLICATION,OT,HIGH,Billing,OT-OPS,YES,WEB|DATABASE|EXFILTRATION,2026-08-13T06:54:05Z,ACTIVE,QRadar-Archive,PRODUCTION,2020-05-23
AST-000629,ENER-OT-00630,CSE-ENERGY-01,Energy,WORKSTATION,OT,LOW,Billing,NETSEC,YES,OT|WEB,2026-09-11T12:59:10Z,ACTIVE,QRadar-Archive,DR,2021-04-09
AST-000630,ENER-DC-00631,CSE-ENERGY-01,Energy,WORKSTATION,DC,LOW,Substation Monitoring,OT-OPS,YES,EXFILTRATION|OT,2026-09-05T09:01:10Z,ACTIVE,QRadar-Archive,STAGING,2020-08-18
AST-000631,ENER-OT-00632,CSE-ENERGY-01,Energy,WORKSTATION,OT,LOW,Grid Operations,OT-OPS,YES,WEB|OT,2026-07-08T21:10:28Z,ACTIVE,QRadar-Archive,DR,2022-09-03
AST-000632,ENER-OT-00633,CSE-ENERGY-01,Energy,NETWORK_DEVICE,OT,MEDIUM,Identity,IT-OPS,YES,ENDPOINT|PRIVILEGE,2026-07-22T00:14:01Z,ACTIVE,Splunk-ES,STAGING,2021-04-01
AST-000633,ENER-CORPORATE-00634,CSE-ENERGY-01,Energy,DATABASE,CORPORATE,LOW,Billing,NETSEC,YES,PRIVILEGE|OT,2026-09-25T13:41:40Z,ACTIVE,QRadar-Archive,STAGING,2021-02-14
AST-000634,ENER-DC-00635,CSE-ENERGY-01,Energy,APPLICATION,DC,LOW,Grid Operations,OT-OPS,YES,AUTH|PRIVILEGE,2026-09-02T13:19:16Z,ACTIVE,Splunk-ES,DR,2024-01-03
AST-000635,ENER-OT-00636,CSE-ENERGY-01,Energy,WORKSTATION,OT,LOW,Grid Operations,IT-OPS,YES,NETWORK|OT,2026-07-20T01:18:02Z,ACTIVE,Sentinel-Bridge,PRODUCTION,2025-11-29
AST-000636,ENER-CORPORATE-00637,CSE-ENERGY-01,Energy,WORKSTATION,CORPORATE,LOW,Grid Operations,NETSEC,YES,AUTH|OT,2026-07-03T18:35:07Z,ACTIVE,QRadar-Archive,DR,2026-03-15
AST-000637,ENER-DC-00638,CSE-ENERGY-01,Energy,SERVER,DC,HIGH,Grid Operations,OT-OPS,YES,AUTH|EXFILTRATION|WEB,2026-08-29T12:42:20Z,ACTIVE,QRadar-Archive,STAGING,2023-01-10
AST-000638,ENER-CORPORATE-00639,CSE-ENERGY-01,Energy,FIREWALL,CORPORATE,HIGH,Billing,APPSEC,YES,ENDPOINT|NETWORK|EXFILTRATION,2026-09-06T12:49:52Z,ACTIVE,Splunk-ES,DR,2025-01-27
AST-000639,ENER-DMZ-00640,CSE-ENERGY-01,Energy,WORKSTATION,DMZ,CRITICAL,Grid Operations,APPSEC,YES,OT|PRIVILEGE|DATABASE,2026-07-13T19:41:32Z,ACTIVE,QRadar-Archive,DR,2025-01-08
AST-000640,ENER-DC-00641,CSE-ENERGY-01,Energy,APPLICATION,DC,HIGH,Grid Operations,APPSEC,YES,PRIVILEGE|DATABASE|WEB,2026-07-02T13:15:17Z,ACTIVE,Splunk-ES,STAGING,2025-03-07
AST-000641,ENER-DMZ-00642,CSE-ENERGY-01,Energy,SERVER,DMZ,HIGH,Identity,IT-OPS,YES,NETWORK|WEB|OT,2026-08-14T02:33:18Z,ACTIVE,Splunk-ES,PRODUCTION,2024-08-29
AST-000642,ENER-CORPORATE-00643,CSE-ENERGY-01,Energy,SERVER,CORPORATE,LOW,Billing,NETSEC,YES,DATABASE|ENDPOINT,2026-08-25T09:55:07Z,ACTIVE,Splunk-ES,STAGING,2025-03-15
AST-000643,ENER-CORPORATE-00644,CSE-ENERGY-01,Energy,WORKSTATION,CORPORATE,HIGH,Billing,SOC,YES,WEB|AUTH|DATABASE,2026-07-21T13:07:12Z,ACTIVE,Sentinel-Bridge,DR,2024-07-15
AST-000644,ENER-CORPORATE-00645,CSE-ENERGY-01,Energy,SERVER,CORPORATE,HIGH,Substation Monitoring,APPSEC,YES,ENDPOINT|DATABASE|NETWORK,2026-08-22T06:38:34Z,ACTIVE,Sentinel-Bridge,PRODUCTION,2022-09-09
AST-000645,ENER-DC-00646,CSE-ENERGY-01,Energy,SERVER,DC,CRITICAL,Grid Operations,IT-OPS,YES,PRIVILEGE|EXFILTRATION|NETWORK,2026-09-24T06:14:03Z,ACTIVE,Splunk-ES,PRODUCTION,2022-06-21
AST-000646,ENER-SCADA-00647,CSE-ENERGY-01,Energy,FIREWALL,SCADA,HIGH,Grid Operations,OT-OPS,YES,AUTH|OT|PRIVILEGE,2026-09-17T00:47:39Z,ACTIVE,EDR-Collector,STAGING,2024-07-21
AST-000647,ENER-DMZ-00648,CSE-ENERGY-01,Energy,SERVER,DMZ,LOW,Identity,SOC,YES,OT|ENDPOINT,2026-09-07T21:07:33Z,ACTIVE,EDR-Collector,DR,2022-02-20
AST-000648,ENER-OT-00649,CSE-ENERGY-01,Energy,SERVER,OT,HIGH,Billing,NETSEC,YES,NETWORK|ENDPOINT|OT,2026-09-17T11:52:01Z,ACTIVE,Splunk-ES,DR,2023-03-14
AST-000649,ENER-OT-00650,CSE-ENERGY-01,Energy,SERVER,OT,HIGH,Grid Operations,NETSEC,YES,WEB|OT|DATABASE,2026-07-15T11:02:01Z,ACTIVE,Sentinel-Bridge,PRODUCTION,2022-04-10
AST-000650,ENER-CORPORATE-00651,CSE-ENERGY-01,Energy,SERVER,CORPORATE,HIGH,Grid Operations,NETSEC,YES,NETWORK|EXFILTRATION|OT,2026-08-28T22:13:57Z,ACTIVE,Sentinel-Bridge,DR,2023-05-16
AST-000651,BANK-SCADA-00652,CSE-BANK-02,Banking,APPLICATION,SCADA,MEDIUM,Identity,APPSEC,YES,PRIVILEGE|EXFILTRATION,2026-08-13T22:53:15Z,ACTIVE,Splunk-ES,DR,2023-08-05
AST-000652,BANK-DMZ-00653,CSE-BANK-02,Banking,SERVER,DMZ,LOW,Core Banking,IT-OPS,YES,PRIVILEGE|ENDPOINT,2026-09-29T09:57:03Z,ACTIVE,EDR-Collector,STAGING,2023-07-15
AST-000653,BANK-OT-00654,CSE-BANK-02,Banking,SERVER,OT,LOW,ATM Network,IT-OPS,YES,DATABASE|ENDPOINT,2026-09-17T03:51:49Z,ACTIVE,Sentinel-Bridge,STAGING,2023-10-01
AST-000654,BANK-DMZ-00655,CSE-BANK-02,Banking,SERVER,DMZ,LOW,Payments,IT-OPS,YES,DATABASE|PRIVILEGE,2026-07-06T03:15:49Z,ACTIVE,QRadar-Archive,DR,2025-04-26
AST-000655,BANK-SCADA-00656,CSE-BANK-02,Banking,APPLICATION,SCADA,CRITICAL,ATM Network,OT-OPS,YES,PRIVILEGE|ENDPOINT|WEB,2026-09-20T23:59:59Z,ACTIVE,EDR-Collector,DR,2024-06-14
AST-000656,BANK-DC-00657,CSE-BANK-02,Banking,APPLICATION,DC,MEDIUM,Core Banking,SOC,YES,EXFILTRATION|WEB,2026-08-22T03:02:43Z,ACTIVE,Splunk-ES,STAGING,2022-12-17
AST-000657,BANK-CORPORATE-00658,CSE-BANK-02,Banking,WORKSTATION,CORPORATE,HIGH,ATM Network,OT-OPS,YES,AUTH|DATABASE|ENDPOINT,2026-08-25T08:35:13Z,ACTIVE,Splunk-ES,DR,2020-12-29
AST-000658,BANK-DC-00659,CSE-BANK-02,Banking,NETWORK_DEVICE,DC,CRITICAL,ATM Network,IT-OPS,YES,DATABASE|ENDPOINT|WEB,2026-08-23T16:07:15Z,ACTIVE,EDR-Collector,DR,2025-04-27
AST-000659,BANK-CORPORATE-00660,CSE-BANK-02,Banking,SERVER,CORPORATE,LOW,Identity,IT-OPS,YES,NETWORK|EXFILTRATION,2026-08-05T04:16:41Z,ACTIVE,Sentinel-Bridge,PRODUCTION,2020-05-27
AST-000660,BANK-CORPORATE-00661,CSE-BANK-02,Banking,WORKSTATION,CORPORATE,MEDIUM,Identity,OT-OPS,YES,ENDPOINT|WEB,2026-07-18T10:39:16Z,ACTIVE,Splunk-ES,PRODUCTION,2025-05-22
AST-000661,BANK-SCADA-00662,CSE-BANK-02,Banking,APPLICATION,SCADA,MEDIUM,Identity,SOC,YES,PRIVILEGE|DATABASE,2026-09-18T22:34:47Z,ACTIVE,Splunk-ES,STAGING,2023-10-19
AST-000662,BANK-DC-00663,CSE-BANK-02,Banking,SERVER,DC,LOW,Core Banking,IT-OPS,YES,PRIVILEGE|ENDPOINT,2026-08-14T18:52:07Z,ACTIVE,Splunk-ES,DR,2020-04-13
AST-000663,BANK-OT-00664,CSE-BANK-02,Banking,SERVER,OT,CRITICAL,Identity,NETSEC,YES,EXFILTRATION|AUTH|ENDPOINT,2026-09-27T14:51:39Z,DEGRADED,EDR-Collector,STAGING,2023-07-08
AST-000664,BANK-DC-00665,CSE-BANK-02,Banking,APPLICATION,DC,LOW,ATM Network,OT-OPS,YES,WEB|OT,2026-07-11T04:52:47Z,ACTIVE,Splunk-ES,STAGING,2019-12-14
AST-000665,BANK-CORPORATE-00666,CSE-BANK-02,Banking,NETWORK_DEVICE,CORPORATE,HIGH,Identity,APPSEC,YES,AUTH|NETWORK|DATABASE,2026-08-07T21:31:01Z,ACTIVE,QRadar-Archive,STAGING,2022-03-22
AST-000666,BANK-OT-00667,CSE-BANK-02,Banking,WORKSTATION,OT,MEDIUM,ATM Network,APPSEC,YES,NETWORK|AUTH,2026-09-03T05:07:43Z,DEGRADED,QRadar-Archive,STAGING,2024-09-22
AST-000667,BANK-OT-00668,CSE-BANK-02,Banking,HMI,OT,MEDIUM,Core Banking,SOC,YES,EXFILTRATION|AUTH,2026-07-12T01:06:20Z,ACTIVE,EDR-Collector,STAGING,2022-02-27
AST-000668,BANK-SCADA-00669,CSE-BANK-02,Banking,SERVER,SCADA,CRITICAL,Payments,APPSEC,YES,WEB|EXFILTRATION|AUTH,2026-08-29T18:41:00Z,ACTIVE,QRadar-Archive,PRODUCTION,2026-03-05
AST-000669,BANK-OT-00670,CSE-BANK-02,Banking,PLC,OT,CRITICAL,Payments,OT-OPS,YES,NETWORK|OT|WEB,2026-07-16T23:44:33Z,ACTIVE,EDR-Collector,STAGING,2023-08-30
AST-000670,BANK-DMZ-00671,CSE-BANK-02,Banking,SERVER,DMZ,HIGH,Payments,NETSEC,YES,DATABASE|EXFILTRATION|OT,2026-09-18T07:47:20Z,ACTIVE,QRadar-Archive,DR,2025-12-31
AST-000671,BANK-CORPORATE-00672,CSE-BANK-02,Banking,DATABASE,CORPORATE,HIGH,Payments,IT-OPS,YES,ENDPOINT|WEB|OT,2026-07-24T06:07:12Z,ACTIVE,Splunk-ES,PRODUCTION,2023-10-06
AST-000672,BANK-OT-00673,CSE-BANK-02,Banking,HMI,OT,HIGH,Payments,IT-OPS,YES,AUTH|DATABASE|OT,2026-07-16T20:39:34Z,ACTIVE,Sentinel-Bridge,PRODUCTION,2025-06-22
AST-000673,BANK-SCADA-00674,CSE-BANK-02,Banking,WORKSTATION,SCADA,HIGH,ATM Network,IT-OPS,YES,AUTH|ENDPOINT|NETWORK,2026-07-31T15:11:14Z,ACTIVE,Splunk-ES,STAGING,2021-11-24
AST-000674,BANK-DC-00675,CSE-BANK-02,Banking,WORKSTATION,DC,MEDIUM,ATM Network,SOC,YES,OT|NETWORK,2026-09-10T20:49:52Z,ACTIVE,Sentinel-Bridge,PRODUCTION,2021-08-31
AST-000675,BANK-DC-00676,CSE-BANK-02,Banking,SERVER,DC,LOW,ATM Network,OT-OPS,YES,ENDPOINT|PRIVILEGE,2026-09-13T09:56:17Z,ACTIVE,QRadar-Archive,DR,2024-04-21
AST-000676,BANK-DMZ-00677,CSE-BANK-02,Banking,NETWORK_DEVICE,DMZ,MEDIUM,Identity,SOC,YES,ENDPOINT|EXFILTRATION,2026-08-03T22:11:41Z,ACTIVE,EDR-Collector,STAGING,2023-12-04
AST-000677,BANK-DMZ-00678,CSE-BANK-02,Banking,SERVER,DMZ,MEDIUM,ATM Network,OT-OPS,YES,AUTH|EXFILTRATION,2026-07-19T06:08:41Z,ACTIVE,Sentinel-Bridge,STAGING,2023-08-05
AST-000678,BANK-OT-00679,CSE-BANK-02,Banking,HMI,OT,LOW,Core Banking,APPSEC,YES,PRIVILEGE|EXFILTRATION,2026-09-24T01:40:09Z,ACTIVE,QRadar-Archive,DR,2026-03-08
AST-000679,BANK-DMZ-00680,CSE-BANK-02,Banking,FIREWALL,DMZ,MEDIUM,Payments,APPSEC,YES,EXFILTRATION|NETWORK,2026-08-29T22:14:29Z,ACTIVE,Sentinel-Bridge,STAGING,2022-01-14
AST-000680,BANK-CORPORATE-00681,CSE-BANK-02,Banking,APPLICATION,CORPORATE,LOW,Identity,OT-OPS,YES,AUTH|OT,2026-07-06T07:12:40Z,ACTIVE,EDR-Collector,PRODUCTION,2020-09-21
AST-000681,BANK-CORPORATE-00682,CSE-BANK-02,Banking,APPLICATION,CORPORATE,MEDIUM,Core Banking,APPSEC,YES,NETWORK|AUTH,2026-09-28T06:35:31Z,ACTIVE,EDR-Collector,STAGING,2026-01-08
AST-000682,BANK-CORPORATE-00683,CSE-BANK-02,Banking,WORKSTATION,CORPORATE,HIGH,Payments,NETSEC,YES,EXFILTRATION|AUTH|WEB,2026-07-22T08:24:34Z,ACTIVE,EDR-Collector,DR,2021-04-28
AST-000683,BANK-SCADA-00684,CSE-BANK-02,Banking,APPLICATION,SCADA,HIGH,ATM Network,APPSEC,YES,OT|DATABASE|NETWORK,2026-07-21T06:54:59Z,ACTIVE,Sentinel-Bridge,STAGING,2024-10-31
AST-000684,BANK-CORPORATE-00685,CSE-BANK-02,Banking,WORKSTATION,CORPORATE,MEDIUM,Core Banking,NETSEC,YES,NETWORK|AUTH,2026-07-30T23:25:44Z,ACTIVE,EDR-Collector,PRODUCTION,2022-10-26
AST-000685,BANK-CORPORATE-00686,CSE-BANK-02,Banking,SERVER,CORPORATE,CRITICAL,Core Banking,SOC,YES,NETWORK|AUTH|DATABASE,2026-09-07T18:41:30Z,ACTIVE,Splunk-ES,STAGING,2024-09-25
AST-000686,BANK-OT-00687,CSE-BANK-02,Banking,SERVER,OT,LOW,Core Banking,OT-OPS,YES,PRIVILEGE|OT,2026-08-06T13:49:23Z,ACTIVE,QRadar-Archive,DR,2024-08-06
AST-000687,BANK-CORPORATE-00688,CSE-BANK-02,Banking,SERVER,CORPORATE,HIGH,Core Banking,SOC,YES,ENDPOINT|OT|PRIVILEGE,2026-09-22T23:25:05Z,ACTIVE,QRadar-Archive,STAGING,2022-06-11
AST-000688,BANK-CORPORATE-00689,CSE-BANK-02,Banking,NETWORK_DEVICE,CORPORATE,LOW,Payments,APPSEC,YES,NETWORK|DATABASE,2026-08-21T21:42:39Z,ACTIVE,EDR-Collector,PRODUCTION,2025-02-18
AST-000689,BANK-CORPORATE-00690,CSE-BANK-02,Banking,WORKSTATION,CORPORATE,LOW,ATM Network,SOC,YES,PRIVILEGE|NETWORK,2026-09-08T19:26:26Z,ACTIVE,QRadar-Archive,STAGING,2025-01-26
AST-000690,BANK-DC-00691,CSE-BANK-02,Banking,DATABASE,DC,HIGH,Payments,IT-OPS,YES,OT|WEB|PRIVILEGE,2026-07-05T16:15:48Z,ACTIVE,Sentinel-Bridge,PRODUCTION,2022-05-24
AST-000691,BANK-CORPORATE-00692,CSE-BANK-02,Banking,APPLICATION,CORPORATE,MEDIUM,Identity,SOC,YES,PRIVILEGE|NETWORK,2026-07-14T18:07:49Z,ACTIVE,Splunk-ES,DR,2023-10-03
AST-000692,BANK-CORPORATE-00693,CSE-BANK-02,Banking,DATABASE,CORPORATE,MEDIUM,ATM Network,SOC,YES,NETWORK|ENDPOINT,2026-07-14T19:28:37Z,ACTIVE,Sentinel-Bridge,PRODUCTION,2023-07-02
AST-000693,BANK-DMZ-00694,CSE-BANK-02,Banking,WORKSTATION,DMZ,MEDIUM,Core Banking,IT-OPS,YES,PRIVILEGE|EXFILTRATION,2026-07-20T13:30:35Z,ACTIVE,QRadar-Archive,DR,2024-04-20
AST-000694,BANK-CORPORATE-00695,CSE-BANK-02,Banking,SERVER,CORPORATE,MEDIUM,Core Banking,IT-OPS,YES,DATABASE|ENDPOINT,2026-09-26T16:56:55Z,DEGRADED,EDR-Collector,STAGING,2025-09-15
AST-000695,BANK-CORPORATE-00696,CSE-BANK-02,Banking,WORKSTATION,CORPORATE,HIGH,Identity,IT-OPS,YES,OT|PRIVILEGE|EXFILTRATION,2026-08-27T13:46:35Z,ACTIVE,EDR-Collector,PRODUCTION,2024-08-03
AST-000696,BANK-DC-00697,CSE-BANK-02,Banking,WORKSTATION,DC,HIGH,ATM Network,NETSEC,YES,OT|PRIVILEGE|EXFILTRATION,2026-08-03T06:08:04Z,ACTIVE,QRadar-Archive,PRODUCTION,2021-10-12
AST-000697,BANK-DMZ-00698,CSE-BANK-02,Banking,FIREWALL,DMZ,MEDIUM,ATM Network,APPSEC,YES,EXFILTRATION|WEB,2026-08-23T23:18:27Z,ACTIVE,Splunk-ES,DR,2023-03-04
AST-000698,BANK-DMZ-00699,CSE-BANK-02,Banking,WORKSTATION,DMZ,HIGH,Identity,SOC,YES,PRIVILEGE|NETWORK|DATABASE,2026-08-26T15:29:51Z,DEGRADED,EDR-Collector,PRODUCTION,2024-08-29
AST-000699,BANK-OT-00700,CSE-BANK-02,Banking,WORKSTATION,OT,HIGH,ATM Network,NETSEC,YES,PRIVILEGE|WEB|ENDPOINT,2026-08-02T06:17:43Z,ACTIVE,EDR-Collector,DR,2022-11-15
AST-000700,BANK-DC-00701,CSE-BANK-02,Banking,APPLICATION,DC,LOW,Core Banking,IT-OPS,YES,EXFILTRATION|OT,2026-07-16T13:03:58Z,ACTIVE,Sentinel-Bridge,DR,2026-02-12
AST-000701,BANK-CORPORATE-00702,CSE-BANK-02,Banking,WORKSTATION,CORPORATE,LOW,Payments,SOC,YES,ENDPOINT|DATABASE,2026-07-16T02:02:01Z,DEGRADED,Sentinel-Bridge,DR,2019-12-13
AST-000702,BANK-OT-00703,CSE-BANK-02,Banking,APPLICATION,OT,MEDIUM,Core Banking,IT-OPS,YES,OT|EXFILTRATION,2026-08-15T12:15:59Z,ACTIVE,QRadar-Archive,DR,2025-01-14
AST-000703,BANK-CORPORATE-00704,CSE-BANK-02,Banking,WORKSTATION,CORPORATE,MEDIUM,Payments,NETSEC,YES,DATABASE|ENDPOINT,2026-09-01T09:09:41Z,ACTIVE,EDR-Collector,DR,2025-10-18
AST-000704,BANK-CORPORATE-00705,CSE-BANK-02,Banking,WORKSTATION,CORPORATE,MEDIUM,Payments,IT-OPS,YES,DATABASE|EXFILTRATION,2026-08-10T09:23:08Z,ACTIVE,Sentinel-Bridge,DR,2024-12-25
AST-000705,BANK-CORPORATE-00706,CSE-BANK-02,Banking,SERVER,CORPORATE,HIGH,Payments,APPSEC,YES,EXFILTRATION|NETWORK|ENDPOINT,2026-07-26T18:31:24Z,ACTIVE,Splunk-ES,PRODUCTION,2024-10-23
AST-000706,BANK-DC-00707,CSE-BANK-02,Banking,WORKSTATION,DC,MEDIUM,Identity,IT-OPS,YES,AUTH|EXFILTRATION,2026-08-20T20:23:30Z,ACTIVE,EDR-Collector,PRODUCTION,2023-10-09
AST-000707,BANK-SCADA-00708,CSE-BANK-02,Banking,SERVER,SCADA,MEDIUM,Core Banking,OT-OPS,YES,ENDPOINT|PRIVILEGE,2026-08-17T07:36:37Z,DEGRADED,Splunk-ES,STAGING,2023-08-12
AST-000708,BANK-CORPORATE-00709,CSE-BANK-02,Banking,WORKSTATION,CORPORATE,HIGH,ATM Network,OT-OPS,YES,OT|WEB|ENDPOINT,2026-09-14T23:01:13Z,ACTIVE,Sentinel-Bridge,DR,2025-02-25
AST-000709,BANK-OT-00710,CSE-BANK-02,Banking,SERVER,OT,CRITICAL,Payments,IT-OPS,YES,EXFILTRATION|AUTH|ENDPOINT,2026-07-15T19:09:26Z,ACTIVE,QRadar-Archive,STAGING,2020-06-19
AST-000710,BANK-DMZ-00711,CSE-BANK-02,Banking,SERVER,DMZ,HIGH,ATM Network,NETSEC,YES,AUTH|WEB|OT,2026-09-07T14:27:15Z,DEGRADED,EDR-Collector,PRODUCTION,2024-02-14
AST-000711,BANK-SCADA-00712,CSE-BANK-02,Banking,NETWORK_DEVICE,SCADA,HIGH,Core Banking,NETSEC,YES,WEB|AUTH|ENDPOINT,2026-08-20T13:46:39Z,ACTIVE,Splunk-ES,STAGING,2023-06-18
AST-000712,BANK-CORPORATE-00713,CSE-BANK-02,Banking,SERVER,CORPORATE,HIGH,ATM Network,APPSEC,YES,OT|PRIVILEGE|DATABASE,2026-08-19T19:18:11Z,ACTIVE,QRadar-Archive,PRODUCTION,2021-10-14
AST-000713,BANK-CORPORATE-00714,CSE-BANK-02,Banking,FIREWALL,CORPORATE,MEDIUM,Core Banking,OT-OPS,YES,DATABASE|ENDPOINT,2026-07-13T02:25:46Z,ACTIVE,EDR-Collector,DR,2025-01-12
AST-000714,BANK-CORPORATE-00715,CSE-BANK-02,Banking,WORKSTATION,CORPORATE,MEDIUM,Payments,SOC,YES,DATABASE|NETWORK,2026-07-14T02:02:42Z,ACTIVE,Sentinel-Bridge,PRODUCTION,2020-09-14
AST-000715,BANK-DC-00716,CSE-BANK-02,Banking,FIREWALL,DC,CRITICAL,ATM Network,OT-OPS,YES,OT|ENDPOINT|NETWORK,2026-08-01T09:33:29Z,ACTIVE,EDR-Collector,DR,2024-06-19
AST-000716,BANK-DMZ-00717,CSE-BANK-02,Banking,SERVER,DMZ,MEDIUM,Identity,OT-OPS,YES,AUTH|EXFILTRATION,2026-08-19T17:15:12Z,ACTIVE,QRadar-Archive,STAGING,2022-06-14
AST-000717,BANK-SCADA-00718,CSE-BANK-02,Banking,DATABASE,SCADA,MEDIUM,Identity,NETSEC,YES,DATABASE|OT,2026-08-13T15:29:43Z,ACTIVE,Splunk-ES,PRODUCTION,2020-08-12
AST-000718,BANK-OT-00719,CSE-BANK-02,Banking,WORKSTATION,OT,MEDIUM,ATM Network,SOC,YES,NETWORK|DATABASE,2026-07-29T23:32:43Z,ACTIVE,Splunk-ES,STAGING,2021-12-07
AST-000719,BANK-DC-00720,CSE-BANK-02,Banking,WORKSTATION,DC,MEDIUM,Identity,IT-OPS,YES,WEB|OT,2026-09-21T20:59:58Z,ACTIVE,Sentinel-Bridge,PRODUCTION,2022-05-12
AST-000720,BANK-CORPORATE-00721,CSE-BANK-02,Banking,FIREWALL,CORPORATE,LOW,Payments,OT-OPS,YES,DATABASE|PRIVILEGE,2026-09-07T12:13:32Z,ACTIVE,QRadar-Archive,PRODUCTION,2024-02-05
AST-000721,BANK-SCADA-00722,CSE-BANK-02,Banking,FIREWALL,SCADA,LOW,Identity,IT-OPS,YES,NETWORK|AUTH,2026-09-29T06:17:55Z,ACTIVE,EDR-Collector,PRODUCTION,2023-07-21
AST-000722,BANK-OT-00723,CSE-BANK-02,Banking,HMI,OT,HIGH,Identity,APPSEC,YES,ENDPOINT|NETWORK|PRIVILEGE,2026-08-21T14:01:02Z,ACTIVE,QRadar-Archive,PRODUCTION,2021-11-12
AST-000723,BANK-CORPORATE-00724,CSE-BANK-02,Banking,WORKSTATION,CORPORATE,LOW,Payments,NETSEC,YES,EXFILTRATION|OT,2026-07-27T11:12:14Z,ACTIVE,Sentinel-Bridge,PRODUCTION,2025-11-13
AST-000724,BANK-CORPORATE-00725,CSE-BANK-02,Banking,WORKSTATION,CORPORATE,CRITICAL,ATM Network,IT-OPS,YES,NETWORK|OT|EXFILTRATION,2026-08-09T10:04:47Z,ACTIVE,Sentinel-Bridge,DR,2020-10-22
AST-000725,BANK-OT-00726,CSE-BANK-02,Banking,PLC,OT,MEDIUM,Payments,IT-OPS,YES,PRIVILEGE|NETWORK,2026-09-28T17:04:16Z,ACTIVE,Sentinel-Bridge,DR,2021-07-11
AST-000726,BANK-OT-00727,CSE-BANK-02,Banking,PLC,OT,HIGH,Identity,OT-OPS,YES,NETWORK|WEB|EXFILTRATION,2026-09-21T04:25:15Z,ACTIVE,EDR-Collector,STAGING,2022-10-02
AST-000727,BANK-SCADA-00728,CSE-BANK-02,Banking,APPLICATION,SCADA,MEDIUM,ATM Network,SOC,YES,ENDPOINT|EXFILTRATION,2026-09-02T20:58:41Z,ACTIVE,QRadar-Archive,PRODUCTION,2025-09-11
AST-000728,BANK-OT-00729,CSE-BANK-02,Banking,HMI,OT,CRITICAL,Payments,IT-OPS,YES,EXFILTRATION|WEB|DATABASE,2026-08-20T13:05:27Z,ACTIVE,QRadar-Archive,DR,2021-12-04
AST-000729,BANK-OT-00730,CSE-BANK-02,Banking,HMI,OT,MEDIUM,ATM Network,APPSEC,YES,NETWORK|AUTH,2026-08-30T04:04:56Z,ACTIVE,Sentinel-Bridge,STAGING,2020-03-06
AST-000730,BANK-DC-00731,CSE-BANK-02,Banking,APPLICATION,DC,HIGH,Core Banking,IT-OPS,YES,WEB|PRIVILEGE|EXFILTRATION,2026-09-09T14:25:28Z,ACTIVE,Splunk-ES,PRODUCTION,2024-05-02
AST-000731,BANK-DC-00732,CSE-BANK-02,Banking,SERVER,DC,MEDIUM,Identity,SOC,YES,AUTH|WEB,2026-07-31T23:11:02Z,ACTIVE,QRadar-Archive,STAGING,2022-07-09
AST-000732,BANK-DMZ-00733,CSE-BANK-02,Banking,FIREWALL,DMZ,MEDIUM,Payments,APPSEC,YES,OT|WEB,2026-08-07T21:40:13Z,ACTIVE,QRadar-Archive,PRODUCTION,2020-07-22
AST-000733,BANK-CORPORATE-00734,CSE-BANK-02,Banking,SERVER,CORPORATE,MEDIUM,Identity,APPSEC,YES,AUTH|PRIVILEGE,2026-07-15T05:02:59Z,ACTIVE,Splunk-ES,PRODUCTION,2021-05-17
AST-000734,BANK-OT-00735,CSE-BANK-02,Banking,DATABASE,OT,HIGH,Core Banking,NETSEC,YES,AUTH|PRIVILEGE|WEB,2026-08-31T06:07:42Z,ACTIVE,QRadar-Archive,DR,2025-08-01
AST-000735,BANK-DC-00736,CSE-BANK-02,Banking,DATABASE,DC,LOW,Identity,APPSEC,YES,EXFILTRATION|PRIVILEGE,2026-07-30T16:49:19Z,ACTIVE,Splunk-ES,PRODUCTION,2021-09-15
AST-000736,BANK-CORPORATE-00737,CSE-BANK-02,Banking,WORKSTATION,CORPORATE,HIGH,Core Banking,NETSEC,YES,AUTH|EXFILTRATION|PRIVILEGE,2026-09-09T17:39:48Z,ACTIVE,EDR-Collector,STAGING,2020-12-11
AST-000737,BANK-OT-00738,CSE-BANK-02,Banking,PLC,OT,HIGH,ATM Network,APPSEC,YES,ENDPOINT|AUTH|DATABASE,2026-07-31T12:26:32Z,ACTIVE,Sentinel-Bridge,DR,2021-08-05
AST-000738,BANK-DMZ-00739,CSE-BANK-02,Banking,APPLICATION,DMZ,HIGH,Core Banking,IT-OPS,YES,EXFILTRATION|OT|PRIVILEGE,2026-08-21T08:26:06Z,ACTIVE,EDR-Collector,PRODUCTION,2020-11-14
AST-000739,BANK-DC-00740,CSE-BANK-02,Banking,WORKSTATION,DC,HIGH,ATM Network,OT-OPS,YES,DATABASE|PRIVILEGE|WEB,2026-09-05T14:52:41Z,ACTIVE,EDR-Collector,STAGING,2023-11-03
AST-000740,BANK-DC-00741,CSE-BANK-02,Banking,SERVER,DC,LOW,Core Banking,OT-OPS,YES,OT|EXFILTRATION,2026-08-30T20:08:38Z,ACTIVE,EDR-Collector,STAGING,2024-11-09
AST-000741,BANK-CORPORATE-00742,CSE-BANK-02,Banking,WORKSTATION,CORPORATE,CRITICAL,Core Banking,NETSEC,YES,OT|PRIVILEGE|WEB,2026-08-21T18:06:49Z,ACTIVE,QRadar-Archive,STAGING,2021-05-22
AST-000742,BANK-SCADA-00743,CSE-BANK-02,Banking,NETWORK_DEVICE,SCADA,HIGH,Core Banking,IT-OPS,YES,PRIVILEGE|DATABASE|NETWORK,2026-09-10T10:19:25Z,ACTIVE,QRadar-Archive,DR,2020-06-24
AST-000743,BANK-CORPORATE-00744,CSE-BANK-02,Banking,WORKSTATION,CORPORATE,LOW,Core Banking,OT-OPS,YES,AUTH|DATABASE,2026-09-03T02:26:34Z,ACTIVE,Sentinel-Bridge,PRODUCTION,2020-06-14
AST-000744,BANK-OT-00745,CSE-BANK-02,Banking,HMI,OT,MEDIUM,Payments,APPSEC,YES,DATABASE|PRIVILEGE,2026-07-23T10:05:18Z,ACTIVE,QRadar-Archive,STAGING,2025-04-04
AST-000745,BANK-DMZ-00746,CSE-BANK-02,Banking,DATABASE,DMZ,MEDIUM,Identity,APPSEC,YES,PRIVILEGE|OT,2026-07-29T01:32:20Z,ACTIVE,EDR-Collector,PRODUCTION,2026-01-08
AST-000746,BANK-SCADA-00747,CSE-BANK-02,Banking,WORKSTATION,SCADA,MEDIUM,Identity,SOC,YES,EXFILTRATION|OT,2026-07-23T14:39:17Z,ACTIVE,EDR-Collector,STAGING,2020-06-12
AST-000747,BANK-DMZ-00748,CSE-BANK-02,Banking,DATABASE,DMZ,MEDIUM,ATM Network,IT-OPS,YES,EXFILTRATION|ENDPOINT,2026-08-15T18:19:45Z,ACTIVE,EDR-Collector,DR,2025-09-27
AST-000748,BANK-DC-00749,CSE-BANK-02,Banking,WORKSTATION,DC,MEDIUM,ATM Network,OT-OPS,YES,AUTH|DATABASE,2026-08-22T20:05:41Z,ACTIVE,EDR-Collector,DR,2020-12-23
AST-000749,BANK-OT-00750,CSE-BANK-02,Banking,NETWORK_DEVICE,OT,HIGH,Core Banking,NETSEC,YES,PRIVILEGE|DATABASE|EXFILTRATION,2026-08-20T07:39:32Z,ACTIVE,EDR-Collector,PRODUCTION,2020-08-24
AST-000750,BANK-DMZ-00751,CSE-BANK-02,Banking,SERVER,DMZ,CRITICAL,Core Banking,IT-OPS,YES,AUTH|ENDPOINT|EXFILTRATION,2026-07-30T11:41:01Z,ACTIVE,EDR-Collector,DR,2020-08-18
AST-000751,BANK-DC-00752,CSE-BANK-02,Banking,DATABASE,DC,HIGH,Core Banking,IT-OPS,YES,AUTH|EXFILTRATION|OT,2026-09-19T11:26:35Z,ACTIVE,EDR-Collector,STAGING,2023-06-27
AST-000752,BANK-DC-00753,CSE-BANK-02,Banking,WORKSTATION,DC,HIGH,Payments,NETSEC,YES,OT|NETWORK|DATABASE,2026-09-13T16:30:01Z,ACTIVE,Splunk-ES,DR,2020-08-01
AST-000753,BANK-SCADA-00754,CSE-BANK-02,Banking,FIREWALL,SCADA,HIGH,Identity,OT-OPS,YES,PRIVILEGE|EXFILTRATION|DATABASE,2026-09-09T20:00:45Z,ACTIVE,EDR-Collector,STAGING,2023-04-02
AST-000754,BANK-CORPORATE-00755,CSE-BANK-02,Banking,SERVER,CORPORATE,CRITICAL,Identity,APPSEC,YES,PRIVILEGE|ENDPOINT|OT,2026-08-31T17:40:17Z,ACTIVE,Splunk-ES,STAGING,2021-05-27
AST-000755,BANK-OT-00756,CSE-BANK-02,Banking,FIREWALL,OT,HIGH,Identity,NETSEC,YES,AUTH|PRIVILEGE|ENDPOINT,2026-09-18T14:38:23Z,ACTIVE,Splunk-ES,PRODUCTION,2022-06-10
AST-000756,BANK-OT-00757,CSE-BANK-02,Banking,SERVER,OT,HIGH,Identity,OT-OPS,YES,DATABASE|EXFILTRATION|WEB,2026-07-18T00:47:49Z,ACTIVE,Splunk-ES,PRODUCTION,2025-11-03
AST-000757,BANK-CORPORATE-00758,CSE-BANK-02,Banking,FIREWALL,CORPORATE,MEDIUM,Identity,IT-OPS,YES,WEB|EXFILTRATION,2026-07-17T08:06:41Z,ACTIVE,Splunk-ES,STAGING,2023-07-24
AST-000758,BANK-CORPORATE-00759,CSE-BANK-02,Banking,SERVER,CORPORATE,CRITICAL,ATM Network,NETSEC,YES,OT|WEB|EXFILTRATION,2026-07-16T05:37:53Z,ACTIVE,QRadar-Archive,STAGING,2021-08-22
AST-000759,BANK-SCADA-00760,CSE-BANK-02,Banking,DATABASE,SCADA,HIGH,Core Banking,SOC,YES,EXFILTRATION|NETWORK|ENDPOINT,2026-08-02T10:11:17Z,ACTIVE,Sentinel-Bridge,STAGING,2022-02-28
AST-000760,BANK-CORPORATE-00761,CSE-BANK-02,Banking,DATABASE,CORPORATE,HIGH,Payments,IT-OPS,YES,ENDPOINT|PRIVILEGE|WEB,2026-09-13T07:13:36Z,ACTIVE,QRadar-Archive,DR,2024-03-03
AST-000761,BANK-CORPORATE-00762,CSE-BANK-02,Banking,APPLICATION,CORPORATE,HIGH,Payments,IT-OPS,YES,AUTH|WEB|EXFILTRATION,2026-09-26T01:36:11Z,ACTIVE,Sentinel-Bridge,DR,2019-12-09
AST-000762,BANK-CORPORATE-00763,CSE-BANK-02,Banking,SERVER,CORPORATE,HIGH,Payments,OT-OPS,YES,AUTH|OT|PRIVILEGE,2026-08-13T17:28:50Z,ACTIVE,QRadar-Archive,PRODUCTION,2024-09-18
AST-000763,BANK-CORPORATE-00764,CSE-BANK-02,Banking,DATABASE,CORPORATE,MEDIUM,Identity,APPSEC,YES,ENDPOINT|NETWORK,2026-08-20T21:26:10Z,ACTIVE,QRadar-Archive,DR,2023-03-05
AST-000764,BANK-CORPORATE-00765,CSE-BANK-02,Banking,SERVER,CORPORATE,HIGH,ATM Network,IT-OPS,YES,DATABASE|AUTH|OT,2026-07-31T07:11:04Z,ACTIVE,Splunk-ES,STAGING,2024-05-02
AST-000765,BANK-DC-00766,CSE-BANK-02,Banking,SERVER,DC,HIGH,Core Banking,SOC,YES,AUTH|EXFILTRATION|ENDPOINT,2026-08-01T05:21:22Z,ACTIVE,QRadar-Archive,STAGING,2024-10-30
AST-000766,BANK-OT-00767,CSE-BANK-02,Banking,APPLICATION,OT,MEDIUM,Payments,NETSEC,YES,NETWORK|OT,2026-08-25T04:03:49Z,ACTIVE,EDR-Collector,STAGING,2025-11-10
AST-000767,BANK-OT-00768,CSE-BANK-02,Banking,DATABASE,OT,CRITICAL,Core Banking,IT-OPS,YES,ENDPOINT|AUTH|WEB,2026-07-18T12:31:25Z,ACTIVE,EDR-Collector,PRODUCTION,2021-01-23
AST-000768,BANK-SCADA-00769,CSE-BANK-02,Banking,WORKSTATION,SCADA,HIGH,ATM Network,IT-OPS,YES,AUTH|WEB|DATABASE,2026-09-30T13:21:23Z,DEGRADED,Splunk-ES,PRODUCTION,2024-12-16
AST-000769,BANK-OT-00770,CSE-BANK-02,Banking,DATABASE,OT,HIGH,Core Banking,APPSEC,YES,DATABASE|EXFILTRATION|PRIVILEGE,2026-07-01T14:45:12Z,ACTIVE,Sentinel-Bridge,DR,2020-04-08
AST-000770,BANK-DMZ-00771,CSE-BANK-02,Banking,SERVER,DMZ,LOW,ATM Network,NETSEC,YES,WEB|DATABASE,2026-08-17T12:52:54Z,ACTIVE,Splunk-ES,DR,2023-11-18
AST-000771,BANK-DC-00772,CSE-BANK-02,Banking,FIREWALL,DC,HIGH,Core Banking,SOC,YES,WEB|AUTH|PRIVILEGE,2026-07-27T11:06:49Z,ACTIVE,Sentinel-Bridge,DR,2024-05-17
AST-000772,BANK-OT-00773,CSE-BANK-02,Banking,SERVER,OT,CRITICAL,Payments,NETSEC,YES,EXFILTRATION|WEB|ENDPOINT,2026-08-20T14:09:42Z,ACTIVE,EDR-Collector,STAGING,2025-06-08
AST-000773,BANK-OT-00774,CSE-BANK-02,Banking,PLC,OT,MEDIUM,Payments,APPSEC,YES,DATABASE|WEB,2026-09-07T08:26:34Z,ACTIVE,QRadar-Archive,PRODUCTION,2020-11-15
AST-000774,BANK-CORPORATE-00775,CSE-BANK-02,Banking,SERVER,CORPORATE,CRITICAL,ATM Network,IT-OPS,YES,NETWORK|DATABASE|ENDPOINT,2026-08-24T00:38:34Z,ACTIVE,Splunk-ES,DR,2024-01-21
AST-000775,BANK-CORPORATE-00776,CSE-BANK-02,Banking,NETWORK_DEVICE,CORPORATE,HIGH,Core Banking,IT-OPS,YES,DATABASE|OT|AUTH,2026-07-11T13:04:57Z,DEGRADED,QRadar-Archive,DR,2021-02-28
AST-000776,BANK-OT-00777,CSE-BANK-02,Banking,FIREWALL,OT,MEDIUM,Payments,SOC,YES,ENDPOINT|WEB,2026-07-11T10:58:21Z,ACTIVE,Sentinel-Bridge,STAGING,2023-01-30
AST-000777,BANK-DMZ-00778,CSE-BANK-02,Banking,NETWORK_DEVICE,DMZ,LOW,Payments,APPSEC,YES,NETWORK|WEB,2026-08-03T14:13:19Z,ACTIVE,QRadar-Archive,DR,2023-05-29
AST-000778,BANK-OT-00779,CSE-BANK-02,Banking,NETWORK_DEVICE,OT,MEDIUM,Payments,IT-OPS,YES,DATABASE|OT,2026-07-18T12:17:50Z,DEGRADED,EDR-Collector,STAGING,2023-04-22
AST-000779,BANK-CORPORATE-00780,CSE-BANK-02,Banking,NETWORK_DEVICE,CORPORATE,MEDIUM,Identity,SOC,YES,NETWORK|ENDPOINT,2026-07-02T05:10:56Z,ACTIVE,Splunk-ES,DR,2023-12-10
AST-000780,BANK-DC-00781,CSE-BANK-02,Banking,SERVER,DC,HIGH,Core Banking,OT-OPS,YES,PRIVILEGE|ENDPOINT|EXFILTRATION,2026-07-20T03:20:02Z,ACTIVE,QRadar-Archive,PRODUCTION,2024-04-15
AST-000781,BANK-CORPORATE-00782,CSE-BANK-02,Banking,FIREWALL,CORPORATE,LOW,Identity,OT-OPS,YES,AUTH|NETWORK,2026-09-12T17:18:25Z,ACTIVE,EDR-Collector,PRODUCTION,2020-04-02
AST-000782,BANK-DMZ-00783,CSE-BANK-02,Banking,NETWORK_DEVICE,DMZ,CRITICAL,ATM Network,APPSEC,YES,OT|AUTH|ENDPOINT,2026-08-29T06:22:22Z,ACTIVE,QRadar-Archive,DR,2021-03-15
AST-000783,BANK-DMZ-00784,CSE-BANK-02,Banking,SERVER,DMZ,CRITICAL,Payments,NETSEC,YES,DATABASE|NETWORK|EXFILTRATION,2026-08-27T08:27:50Z,ACTIVE,EDR-Collector,STAGING,2021-12-03
AST-000784,BANK-DC-00785,CSE-BANK-02,Banking,NETWORK_DEVICE,DC,HIGH,Core Banking,IT-OPS,YES,OT|DATABASE|ENDPOINT,2026-08-28T15:06:37Z,ACTIVE,EDR-Collector,STAGING,2022-09-22
AST-000785,BANK-CORPORATE-00786,CSE-BANK-02,Banking,SERVER,CORPORATE,HIGH,Identity,OT-OPS,YES,ENDPOINT|OT|NETWORK,2026-08-26T02:39:11Z,ACTIVE,Sentinel-Bridge,STAGING,2022-11-03
AST-000786,BANK-DMZ-00787,CSE-BANK-02,Banking,SERVER,DMZ,CRITICAL,Payments,SOC,YES,ENDPOINT|EXFILTRATION|OT,2026-09-17T14:07:25Z,ACTIVE,QRadar-Archive,DR,2025-01-14
AST-000787,BANK-DC-00788,CSE-BANK-02,Banking,WORKSTATION,DC,HIGH,Payments,NETSEC,YES,NETWORK|ENDPOINT|EXFILTRATION,2026-08-21T01:30:42Z,ACTIVE,EDR-Collector,PRODUCTION,2022-02-08
AST-000788,BANK-CORPORATE-00789,CSE-BANK-02,Banking,SERVER,CORPORATE,MEDIUM,Core Banking,IT-OPS,YES,AUTH|DATABASE,2026-07-08T01:24:04Z,ACTIVE,Splunk-ES,PRODUCTION,2020-07-31
AST-000789,BANK-OT-00790,CSE-BANK-02,Banking,NETWORK_DEVICE,OT,CRITICAL,Payments,IT-OPS,YES,OT|EXFILTRATION|DATABASE,2026-09-14T06:26:43Z,ACTIVE,Splunk-ES,STAGING,2025-04-07
AST-000790,BANK-CORPORATE-00791,CSE-BANK-02,Banking,NETWORK_DEVICE,CORPORATE,HIGH,Identity,OT-OPS,YES,PRIVILEGE|NETWORK|AUTH,2026-09-25T15:24:48Z,ACTIVE,Sentinel-Bridge,PRODUCTION,2025-04-03
AST-000791,BANK-CORPORATE-00792,CSE-BANK-02,Banking,FIREWALL,CORPORATE,HIGH,Identity,NETSEC,YES,OT|PRIVILEGE|WEB,2026-09-18T16:06:04Z,ACTIVE,QRadar-Archive,PRODUCTION,2023-01-18
AST-000792,BANK-DMZ-00793,CSE-BANK-02,Banking,SERVER,DMZ,HIGH,ATM Network,SOC,YES,PRIVILEGE|NETWORK|ENDPOINT,2026-08-12T08:10:10Z,ACTIVE,Splunk-ES,PRODUCTION,2023-10-21
AST-000793,BANK-SCADA-00794,CSE-BANK-02,Banking,DATABASE,SCADA,HIGH,ATM Network,NETSEC,YES,PRIVILEGE|AUTH|NETWORK,2026-07-09T15:35:37Z,ACTIVE,EDR-Collector,DR,2022-08-31
AST-000794,BANK-DMZ-00795,CSE-BANK-02,Banking,DATABASE,DMZ,HIGH,Core Banking,OT-OPS,YES,PRIVILEGE|DATABASE|EXFILTRATION,2026-08-26T13:33:05Z,ACTIVE,Sentinel-Bridge,PRODUCTION,2023-10-01
AST-000795,BANK-SCADA-00796,CSE-BANK-02,Banking,SERVER,SCADA,MEDIUM,Payments,APPSEC,YES,DATABASE|PRIVILEGE,2026-07-29T20:30:28Z,ACTIVE,Splunk-ES,PRODUCTION,2020-09-30
AST-000796,BANK-CORPORATE-00797,CSE-BANK-02,Banking,NETWORK_DEVICE,CORPORATE,LOW,ATM Network,NETSEC,YES,NETWORK|WEB,2026-09-28T09:26:13Z,ACTIVE,EDR-Collector,DR,2021-06-16
AST-000797,BANK-DMZ-00798,CSE-BANK-02,Banking,SERVER,DMZ,HIGH,Identity,NETSEC,YES,WEB|PRIVILEGE|EXFILTRATION,2026-07-05T15:29:52Z,ACTIVE,QRadar-Archive,DR,2020-06-30
AST-000798,BANK-DMZ-00799,CSE-BANK-02,Banking,SERVER,DMZ,CRITICAL,Identity,NETSEC,YES,WEB|OT|AUTH,2026-09-24T02:39:57Z,ACTIVE,Sentinel-Bridge,PRODUCTION,2020-05-05
AST-000799,BANK-DC-00800,CSE-BANK-02,Banking,SERVER,DC,HIGH,Core Banking,OT-OPS,YES,EXFILTRATION|AUTH|NETWORK,2026-09-08T19:46:19Z,ACTIVE,Sentinel-Bridge,STAGING,2024-12-05
AST-000800,BANK-DC-00801,CSE-BANK-02,Banking,SERVER,DC,HIGH,Core Banking,SOC,YES,DATABASE|PRIVILEGE|OT,2026-09-15T07:29:15Z,ACTIVE,Splunk-ES,STAGING,2024-07-28
AST-000801,BANK-DMZ-00802,CSE-BANK-02,Banking,APPLICATION,DMZ,HIGH,Payments,OT-OPS,YES,AUTH|OT|WEB,2026-08-29T20:50:00Z,ACTIVE,Sentinel-Bridge,PRODUCTION,2024-10-03
AST-000802,BANK-OT-00803,CSE-BANK-02,Banking,SERVER,OT,HIGH,Core Banking,OT-OPS,YES,DATABASE|PRIVILEGE|EXFILTRATION,2026-07-02T03:31:30Z,ACTIVE,QRadar-Archive,STAGING,2022-07-05
AST-000803,BANK-DMZ-00804,CSE-BANK-02,Banking,FIREWALL,DMZ,CRITICAL,Identity,IT-OPS,YES,AUTH|DATABASE|WEB,2026-07-17T19:54:36Z,ACTIVE,QRadar-Archive,PRODUCTION,2025-01-20
AST-000804,BANK-DC-00805,CSE-BANK-02,Banking,NETWORK_DEVICE,DC,HIGH,ATM Network,IT-OPS,YES,ENDPOINT|DATABASE|PRIVILEGE,2026-09-01T20:32:40Z,ACTIVE,EDR-Collector,DR,2021-03-31
AST-000805,BANK-CORPORATE-00806,CSE-BANK-02,Banking,APPLICATION,CORPORATE,LOW,ATM Network,APPSEC,YES,WEB|ENDPOINT,2026-08-16T03:50:58Z,ACTIVE,Splunk-ES,PRODUCTION,2022-11-10
AST-000806,BANK-DMZ-00807,CSE-BANK-02,Banking,NETWORK_DEVICE,DMZ,HIGH,ATM Network,IT-OPS,YES,NETWORK|WEB|DATABASE,2026-08-24T15:17:18Z,ACTIVE,Splunk-ES,DR,2021-05-09
AST-000807,BANK-DMZ-00808,CSE-BANK-02,Banking,DATABASE,DMZ,MEDIUM,ATM Network,IT-OPS,YES,EXFILTRATION|NETWORK,2026-08-20T17:42:21Z,ACTIVE,EDR-Collector,STAGING,2021-07-10
AST-000808,BANK-CORPORATE-00809,CSE-BANK-02,Banking,SERVER,CORPORATE,MEDIUM,ATM Network,NETSEC,YES,ENDPOINT|EXFILTRATION,2026-08-13T16:21:08Z,ACTIVE,QRadar-Archive,DR,2024-12-20
AST-000809,BANK-CORPORATE-00810,CSE-BANK-02,Banking,WORKSTATION,CORPORATE,HIGH,Payments,APPSEC,YES,NETWORK|DATABASE|PRIVILEGE,2026-07-03T17:56:58Z,ACTIVE,QRadar-Archive,DR,2022-08-09
AST-000810,BANK-SCADA-00811,CSE-BANK-02,Banking,SERVER,SCADA,LOW,Core Banking,SOC,YES,EXFILTRATION|AUTH,2026-07-19T21:47:34Z,ACTIVE,QRadar-Archive,STAGING,2025-12-15
AST-000811,BANK-OT-00812,CSE-BANK-02,Banking,SERVER,OT,MEDIUM,Identity,SOC,YES,NETWORK|EXFILTRATION,2026-07-26T01:59:00Z,ACTIVE,QRadar-Archive,PRODUCTION,2024-08-07
AST-000812,BANK-OT-00813,CSE-BANK-02,Banking,PLC,OT,CRITICAL,Payments,IT-OPS,YES,NETWORK|ENDPOINT|AUTH,2026-07-06T16:23:40Z,ACTIVE,Sentinel-Bridge,STAGING,2023-03-30
AST-000813,BANK-DMZ-00814,CSE-BANK-02,Banking,DATABASE,DMZ,CRITICAL,ATM Network,IT-OPS,YES,AUTH|OT|EXFILTRATION,2026-08-16T03:49:22Z,ACTIVE,EDR-Collector,STAGING,2020-11-07
AST-000814,BANK-OT-00815,CSE-BANK-02,Banking,FIREWALL,OT,LOW,ATM Network,OT-OPS,YES,EXFILTRATION|AUTH,2026-07-24T15:00:11Z,ACTIVE,EDR-Collector,STAGING,2021-09-14
AST-000815,BANK-OT-00816,CSE-BANK-02,Banking,APPLICATION,OT,MEDIUM,ATM Network,APPSEC,YES,PRIVILEGE|NETWORK,2026-08-17T00:22:40Z,ACTIVE,Splunk-ES,STAGING,2024-08-25
AST-000816,BANK-CORPORATE-00817,CSE-BANK-02,Banking,WORKSTATION,CORPORATE,MEDIUM,Payments,NETSEC,YES,NETWORK|AUTH,2026-09-29T00:43:49Z,ACTIVE,Splunk-ES,STAGING,2023-06-25
AST-000817,BANK-DMZ-00818,CSE-BANK-02,Banking,SERVER,DMZ,MEDIUM,Identity,SOC,YES,WEB|DATABASE,2026-08-16T06:28:33Z,DEGRADED,Sentinel-Bridge,STAGING,2024-10-29
AST-000818,BANK-DC-00819,CSE-BANK-02,Banking,APPLICATION,DC,HIGH,Payments,IT-OPS,YES,EXFILTRATION|PRIVILEGE|ENDPOINT,2026-08-30T11:47:19Z,ACTIVE,Sentinel-Bridge,STAGING,2021-09-14
AST-000819,BANK-OT-00820,CSE-BANK-02,Banking,HMI,OT,HIGH,ATM Network,NETSEC,YES,AUTH|ENDPOINT|DATABASE,2026-08-22T21:11:46Z,ACTIVE,EDR-Collector,PRODUCTION,2021-11-05
AST-000820,BANK-DMZ-00821,CSE-BANK-02,Banking,DATABASE,DMZ,CRITICAL,ATM Network,OT-OPS,YES,OT|ENDPOINT|EXFILTRATION,2026-09-19T15:28:43Z,ACTIVE,QRadar-Archive,PRODUCTION,2020-07-24
AST-000821,BANK-DMZ-00822,CSE-BANK-02,Banking,SERVER,DMZ,HIGH,ATM Network,APPSEC,YES,DATABASE|WEB|ENDPOINT,2026-08-05T13:49:02Z,ACTIVE,QRadar-Archive,STAGING,2021-07-12
AST-000822,BANK-CORPORATE-00823,CSE-BANK-02,Banking,APPLICATION,CORPORATE,HIGH,Identity,IT-OPS,YES,DATABASE|WEB|ENDPOINT,2026-09-21T11:34:09Z,ACTIVE,EDR-Collector,PRODUCTION,2020-12-14
AST-000823,BANK-CORPORATE-00824,CSE-BANK-02,Banking,SERVER,CORPORATE,HIGH,Core Banking,NETSEC,YES,PRIVILEGE|NETWORK|WEB,2026-09-07T02:45:03Z,ACTIVE,Sentinel-Bridge,PRODUCTION,2023-06-09
AST-000824,BANK-OT-00825,CSE-BANK-02,Banking,PLC,OT,HIGH,Payments,APPSEC,YES,OT|PRIVILEGE|ENDPOINT,2026-07-22T08:13:59Z,ACTIVE,Sentinel-Bridge,DR,2024-01-20
AST-000825,BANK-CORPORATE-00826,CSE-BANK-02,Banking,NETWORK_DEVICE,CORPORATE,MEDIUM,Identity,SOC,YES,DATABASE|WEB,2026-07-19T22:59:51Z,ACTIVE,Splunk-ES,STAGING,2025-01-25
AST-000826,BANK-CORPORATE-00827,CSE-BANK-02,Banking,SERVER,CORPORATE,HIGH,Payments,OT-OPS,YES,PRIVILEGE|AUTH|ENDPOINT,2026-08-01T21:16:31Z,ACTIVE,Sentinel-Bridge,DR,2025-05-22
AST-000827,BANK-OT-00828,CSE-BANK-02,Banking,WORKSTATION,OT,HIGH,Core Banking,APPSEC,YES,ENDPOINT|AUTH|OT,2026-09-12T19:14:38Z,ACTIVE,QRadar-Archive,PRODUCTION,2023-08-25
AST-000828,BANK-OT-00829,CSE-BANK-02,Banking,SERVER,OT,HIGH,Payments,IT-OPS,YES,EXFILTRATION|PRIVILEGE|DATABASE,2026-08-04T02:43:09Z,ACTIVE,Sentinel-Bridge,DR,2020-03-05
AST-000829,BANK-CORPORATE-00830,CSE-BANK-02,Banking,WORKSTATION,CORPORATE,MEDIUM,ATM Network,SOC,YES,ENDPOINT|EXFILTRATION,2026-09-06T13:27:17Z,ACTIVE,QRadar-Archive,STAGING,2024-06-19
AST-000830,BANK-CORPORATE-00831,CSE-BANK-02,Banking,WORKSTATION,CORPORATE,HIGH,Core Banking,APPSEC,YES,WEB|NETWORK|DATABASE,2026-08-07T11:54:17Z,ACTIVE,Sentinel-Bridge,PRODUCTION,2022-11-21
AST-000831,BANK-CORPORATE-00832,CSE-BANK-02,Banking,SERVER,CORPORATE,HIGH,Payments,IT-OPS,YES,OT|EXFILTRATION|AUTH,2026-07-06T17:48:21Z,ACTIVE,Sentinel-Bridge,DR,2020-10-30
AST-000832,BANK-CORPORATE-00833,CSE-BANK-02,Banking,WORKSTATION,CORPORATE,MEDIUM,Core Banking,OT-OPS,YES,ENDPOINT|NETWORK,2026-07-21T22:23:51Z,ACTIVE,Splunk-ES,PRODUCTION,2022-08-01
AST-000833,BANK-SCADA-00834,CSE-BANK-02,Banking,APPLICATION,SCADA,HIGH,Identity,OT-OPS,YES,EXFILTRATION|AUTH|OT,2026-09-22T09:35:55Z,ACTIVE,QRadar-Archive,PRODUCTION,2024-05-09
AST-000834,BANK-CORPORATE-00835,CSE-BANK-02,Banking,DATABASE,CORPORATE,HIGH,Payments,IT-OPS,YES,DATABASE|OT|WEB,2026-09-19T03:18:23Z,ACTIVE,QRadar-Archive,STAGING,2021-10-05
AST-000835,BANK-CORPORATE-00836,CSE-BANK-02,Banking,NETWORK_DEVICE,CORPORATE,LOW,Payments,NETSEC,YES,NETWORK|OT,2026-08-28T11:39:19Z,ACTIVE,EDR-Collector,DR,2020-01-27
AST-000836,BANK-CORPORATE-00837,CSE-BANK-02,Banking,SERVER,CORPORATE,LOW,Identity,SOC,YES,AUTH|OT,2026-07-30T21:50:34Z,ACTIVE,QRadar-Archive,DR,2022-10-23
AST-000837,BANK-OT-00838,CSE-BANK-02,Banking,NETWORK_DEVICE,OT,HIGH,Payments,APPSEC,YES,ENDPOINT|PRIVILEGE|WEB,2026-07-05T22:59:04Z,ACTIVE,QRadar-Archive,DR,2025-09-13
AST-000838,BANK-OT-00839,CSE-BANK-02,Banking,HMI,OT,HIGH,ATM Network,IT-OPS,YES,AUTH|EXFILTRATION|OT,2026-09-20T18:08:36Z,ACTIVE,EDR-Collector,STAGING,2021-04-03
AST-000839,BANK-DC-00840,CSE-BANK-02,Banking,SERVER,DC,HIGH,ATM Network,SOC,YES,EXFILTRATION|DATABASE|AUTH,2026-08-24T22:37:21Z,ACTIVE,EDR-Collector,DR,2022-04-15
AST-000840,BANK-CORPORATE-00841,CSE-BANK-02,Banking,SERVER,CORPORATE,MEDIUM,Core Banking,IT-OPS,YES,NETWORK|EXFILTRATION,2026-09-15T10:23:11Z,DEGRADED,Splunk-ES,DR,2025-09-21
AST-000841,BANK-DC-00842,CSE-BANK-02,Banking,WORKSTATION,DC,MEDIUM,Core Banking,OT-OPS,YES,OT|ENDPOINT,2026-09-18T09:27:33Z,ACTIVE,Splunk-ES,STAGING,2021-04-07
AST-000842,BANK-CORPORATE-00843,CSE-BANK-02,Banking,FIREWALL,CORPORATE,MEDIUM,Payments,IT-OPS,YES,ENDPOINT|EXFILTRATION,2026-08-01T05:53:35Z,ACTIVE,QRadar-Archive,STAGING,2023-07-20
AST-000843,BANK-DC-00844,CSE-BANK-02,Banking,WORKSTATION,DC,HIGH,ATM Network,IT-OPS,YES,WEB|EXFILTRATION|ENDPOINT,2026-09-23T17:04:51Z,DEGRADED,QRadar-Archive,DR,2024-05-17
AST-000844,BANK-CORPORATE-00845,CSE-BANK-02,Banking,FIREWALL,CORPORATE,HIGH,Identity,APPSEC,YES,NETWORK|ENDPOINT|AUTH,2026-08-29T03:58:49Z,ACTIVE,Sentinel-Bridge,DR,2026-03-19
AST-000845,BANK-OT-00846,CSE-BANK-02,Banking,PLC,OT,HIGH,Core Banking,NETSEC,YES,ENDPOINT|EXFILTRATION|DATABASE,2026-08-28T06:12:52Z,ACTIVE,Sentinel-Bridge,DR,2025-05-04
AST-000846,BANK-DC-00847,CSE-BANK-02,Banking,APPLICATION,DC,HIGH,Payments,OT-OPS,YES,WEB|EXFILTRATION|OT,2026-08-30T07:35:15Z,DEGRADED,Sentinel-Bridge,PRODUCTION,2024-03-08
AST-000847,BANK-SCADA-00848,CSE-BANK-02,Banking,WORKSTATION,SCADA,HIGH,Payments,IT-OPS,YES,WEB|PRIVILEGE|ENDPOINT,2026-07-07T10:47:51Z,ACTIVE,Splunk-ES,PRODUCTION,2025-10-14
AST-000848,BANK-CORPORATE-00849,CSE-BANK-02,Banking,SERVER,CORPORATE,MEDIUM,Core Banking,APPSEC,YES,WEB|EXFILTRATION,2026-08-05T06:46:29Z,ACTIVE,QRadar-Archive,DR,2025-03-20
AST-000849,BANK-CORPORATE-00850,CSE-BANK-02,Banking,WORKSTATION,CORPORATE,MEDIUM,Identity,APPSEC,YES,AUTH|NETWORK,2026-08-26T17:25:17Z,ACTIVE,Splunk-ES,DR,2021-10-28
AST-000850,BANK-CORPORATE-00851,CSE-BANK-02,Banking,FIREWALL,CORPORATE,CRITICAL,Payments,APPSEC,YES,PRIVILEGE|WEB|OT,2026-08-23T07:46:29Z,ACTIVE,EDR-Collector,DR,2024-07-15
AST-000851,BANK-CORPORATE-00852,CSE-BANK-02,Banking,NETWORK_DEVICE,CORPORATE,MEDIUM,Identity,APPSEC,YES,AUTH|DATABASE,2026-08-28T18:42:39Z,ACTIVE,QRadar-Archive,PRODUCTION,2021-03-12
AST-000852,BANK-DC-00853,CSE-BANK-02,Banking,NETWORK_DEVICE,DC,HIGH,Core Banking,APPSEC,YES,OT|WEB|PRIVILEGE,2026-08-25T07:21:22Z,ACTIVE,Sentinel-Bridge,STAGING,2023-06-26
AST-000853,BANK-OT-00854,CSE-BANK-02,Banking,SERVER,OT,HIGH,Core Banking,APPSEC,YES,ENDPOINT|EXFILTRATION|AUTH,2026-08-23T03:39:22Z,ACTIVE,QRadar-Archive,PRODUCTION,2026-03-19
AST-000854,BANK-DMZ-00855,CSE-BANK-02,Banking,FIREWALL,DMZ,MEDIUM,ATM Network,OT-OPS,YES,NETWORK|PRIVILEGE,2026-08-12T23:09:33Z,ACTIVE,Splunk-ES,PRODUCTION,2020-04-29
AST-000855,BANK-OT-00856,CSE-BANK-02,Banking,HMI,OT,MEDIUM,ATM Network,IT-OPS,YES,ENDPOINT|WEB,2026-08-14T19:14:39Z,ACTIVE,QRadar-Archive,STAGING,2024-02-21
AST-000856,BANK-CORPORATE-00857,CSE-BANK-02,Banking,FIREWALL,CORPORATE,HIGH,Payments,APPSEC,YES,PRIVILEGE|ENDPOINT|NETWORK,2026-09-06T08:52:47Z,ACTIVE,Sentinel-Bridge,DR,2022-12-29
AST-000857,BANK-CORPORATE-00858,CSE-BANK-02,Banking,SERVER,CORPORATE,CRITICAL,ATM Network,IT-OPS,YES,AUTH|OT|EXFILTRATION,2026-08-02T15:54:30Z,ACTIVE,Splunk-ES,DR,2023-01-20
AST-000858,BANK-CORPORATE-00859,CSE-BANK-02,Banking,DATABASE,CORPORATE,CRITICAL,Identity,NETSEC,YES,PRIVILEGE|OT|ENDPOINT,2026-09-21T23:59:59Z,ACTIVE,EDR-Collector,STAGING,2025-04-02
AST-000859,BANK-OT-00860,CSE-BANK-02,Banking,HMI,OT,MEDIUM,Identity,OT-OPS,YES,OT|DATABASE,2026-09-19T04:38:34Z,ACTIVE,Sentinel-Bridge,STAGING,2020-07-22
AST-000860,BANK-CORPORATE-00861,CSE-BANK-02,Banking,NETWORK_DEVICE,CORPORATE,HIGH,Payments,NETSEC,YES,ENDPOINT|OT|DATABASE,2026-08-06T21:55:46Z,ACTIVE,EDR-Collector,DR,2023-09-12
AST-000861,BANK-CORPORATE-00862,CSE-BANK-02,Banking,WORKSTATION,CORPORATE,MEDIUM,ATM Network,SOC,YES,NETWORK|WEB,2026-09-12T12:29:48Z,ACTIVE,EDR-Collector,PRODUCTION,2024-10-10
AST-000862,BANK-SCADA-00863,CSE-BANK-02,Banking,DATABASE,SCADA,CRITICAL,Core Banking,OT-OPS,YES,ENDPOINT|DATABASE|PRIVILEGE,2026-08-12T04:49:19Z,ACTIVE,EDR-Collector,DR,2021-04-07
AST-000863,BANK-OT-00864,CSE-BANK-02,Banking,SERVER,OT,MEDIUM,Payments,NETSEC,YES,EXFILTRATION|PRIVILEGE,2026-07-29T18:08:25Z,ACTIVE,Splunk-ES,DR,2024-01-05
AST-000864,BANK-OT-00865,CSE-BANK-02,Banking,HMI,OT,MEDIUM,Core Banking,SOC,YES,PRIVILEGE|AUTH,2026-08-20T21:13:44Z,ACTIVE,Splunk-ES,DR,2024-05-02
AST-000865,BANK-OT-00866,CSE-BANK-02,Banking,PLC,OT,CRITICAL,ATM Network,IT-OPS,YES,DATABASE|PRIVILEGE|AUTH,2026-07-07T07:04:46Z,ACTIVE,Splunk-ES,DR,2025-02-21
AST-000866,BANK-OT-00867,CSE-BANK-02,Banking,WORKSTATION,OT,MEDIUM,Payments,IT-OPS,YES,OT|PRIVILEGE,2026-09-25T08:12:40Z,ACTIVE,Splunk-ES,PRODUCTION,2024-08-21
AST-000867,BANK-OT-00868,CSE-BANK-02,Banking,HMI,OT,HIGH,Identity,NETSEC,YES,NETWORK|EXFILTRATION|OT,2026-07-22T08:37:27Z,ACTIVE,Splunk-ES,DR,2023-01-25
AST-000868,BANK-DMZ-00869,CSE-BANK-02,Banking,NETWORK_DEVICE,DMZ,MEDIUM,Payments,APPSEC,YES,ENDPOINT|PRIVILEGE,2026-08-10T13:48:41Z,ACTIVE,Splunk-ES,STAGING,2024-12-15
AST-000869,BANK-SCADA-00870,CSE-BANK-02,Banking,FIREWALL,SCADA,MEDIUM,Payments,IT-OPS,YES,ENDPOINT|DATABASE,2026-07-14T02:24:49Z,ACTIVE,Splunk-ES,PRODUCTION,2026-01-16
AST-000870,BANK-DC-00871,CSE-BANK-02,Banking,DATABASE,DC,MEDIUM,ATM Network,OT-OPS,YES,OT|NETWORK,2026-09-12T21:11:07Z,ACTIVE,Sentinel-Bridge,PRODUCTION,2025-10-03
AST-000871,BANK-SCADA-00872,CSE-BANK-02,Banking,SERVER,SCADA,CRITICAL,ATM Network,IT-OPS,YES,WEB|OT|PRIVILEGE,2026-09-19T00:07:11Z,ACTIVE,EDR-Collector,PRODUCTION,2023-09-06
AST-000872,BANK-SCADA-00873,CSE-BANK-02,Banking,NETWORK_DEVICE,SCADA,HIGH,Identity,OT-OPS,YES,DATABASE|ENDPOINT|NETWORK,2026-08-20T04:49:35Z,ACTIVE,QRadar-Archive,DR,2020-07-16
AST-000873,BANK-OT-00874,CSE-BANK-02,Banking,PLC,OT,HIGH,ATM Network,OT-OPS,YES,AUTH|ENDPOINT|DATABASE,2026-09-06T02:50:08Z,ACTIVE,EDR-Collector,PRODUCTION,2021-01-12
AST-000874,BANK-CORPORATE-00875,CSE-BANK-02,Banking,WORKSTATION,CORPORATE,HIGH,ATM Network,NETSEC,YES,WEB|DATABASE|AUTH,2026-07-13T23:24:27Z,DEGRADED,Splunk-ES,DR,2025-04-03
AST-000875,BANK-DMZ-00876,CSE-BANK-02,Banking,SERVER,DMZ,LOW,Identity,OT-OPS,YES,OT|PRIVILEGE,2026-08-28T15:52:59Z,ACTIVE,QRadar-Archive,DR,2023-09-13
AST-000876,BANK-CORPORATE-00877,CSE-BANK-02,Banking,APPLICATION,CORPORATE,HIGH,Payments,IT-OPS,YES,OT|WEB|AUTH,2026-07-30T16:44:10Z,ACTIVE,QRadar-Archive,DR,2024-01-11
AST-000877,BANK-DMZ-00878,CSE-BANK-02,Banking,SERVER,DMZ,HIGH,Core Banking,IT-OPS,YES,ENDPOINT|WEB|PRIVILEGE,2026-08-18T20:39:28Z,ACTIVE,Sentinel-Bridge,STAGING,2023-07-24
AST-000878,BANK-CORPORATE-00879,CSE-BANK-02,Banking,SERVER,CORPORATE,LOW,Identity,IT-OPS,YES,EXFILTRATION|DATABASE,2026-07-01T01:45:47Z,ACTIVE,EDR-Collector,DR,2019-12-30
AST-000879,BANK-CORPORATE-00880,CSE-BANK-02,Banking,NETWORK_DEVICE,CORPORATE,MEDIUM,Identity,SOC,YES,OT|WEB,2026-09-19T14:04:04Z,DEGRADED,Sentinel-Bridge,DR,2022-07-12
AST-000880,BANK-DMZ-00881,CSE-BANK-02,Banking,FIREWALL,DMZ,HIGH,Payments,NETSEC,YES,OT|AUTH|ENDPOINT,2026-07-08T22:09:53Z,ACTIVE,Sentinel-Bridge,DR,2024-02-10
AST-000881,BANK-DMZ-00882,CSE-BANK-02,Banking,FIREWALL,DMZ,HIGH,Core Banking,OT-OPS,YES,WEB|DATABASE|EXFILTRATION,2026-09-17T07:15:53Z,ACTIVE,Splunk-ES,STAGING,2024-03-18
AST-000882,BANK-OT-00883,CSE-BANK-02,Banking,PLC,OT,MEDIUM,Identity,OT-OPS,YES,NETWORK|EXFILTRATION,2026-09-05T13:15:41Z,ACTIVE,EDR-Collector,STAGING,2022-08-31
AST-000883,BANK-CORPORATE-00884,CSE-BANK-02,Banking,NETWORK_DEVICE,CORPORATE,HIGH,Core Banking,OT-OPS,YES,PRIVILEGE|WEB|EXFILTRATION,2026-08-06T05:37:58Z,ACTIVE,Sentinel-Bridge,STAGING,2021-11-05
AST-000884,BANK-DC-00885,CSE-BANK-02,Banking,SERVER,DC,LOW,Payments,OT-OPS,YES,ENDPOINT|WEB,2026-07-29T19:47:55Z,ACTIVE,Sentinel-Bridge,PRODUCTION,2024-03-06
AST-000885,BANK-CORPORATE-00886,CSE-BANK-02,Banking,NETWORK_DEVICE,CORPORATE,HIGH,Core Banking,IT-OPS,YES,EXFILTRATION|ENDPOINT|DATABASE,2026-08-27T03:21:42Z,ACTIVE,QRadar-Archive,PRODUCTION,2025-01-14
AST-000886,BANK-CORPORATE-00887,CSE-BANK-02,Banking,NETWORK_DEVICE,CORPORATE,LOW,Payments,SOC,YES,OT|WEB,2026-09-11T22:38:25Z,ACTIVE,EDR-Collector,STAGING,2022-02-05
AST-000887,BANK-DMZ-00888,CSE-BANK-02,Banking,SERVER,DMZ,HIGH,ATM Network,SOC,YES,WEB|AUTH|ENDPOINT,2026-08-28T22:08:54Z,ACTIVE,Sentinel-Bridge,PRODUCTION,2022-03-26
AST-000888,BANK-CORPORATE-00889,CSE-BANK-02,Banking,NETWORK_DEVICE,CORPORATE,MEDIUM,Payments,NETSEC,YES,NETWORK|ENDPOINT,2026-09-05T06:23:45Z,ACTIVE,QRadar-Archive,DR,2025-06-06
AST-000889,BANK-OT-00890,CSE-BANK-02,Banking,WORKSTATION,OT,HIGH,Payments,NETSEC,YES,EXFILTRATION|DATABASE|PRIVILEGE,2026-09-20T12:32:12Z,ACTIVE,QRadar-Archive,STAGING,2024-04-13
AST-000890,BANK-SCADA-00891,CSE-BANK-02,Banking,APPLICATION,SCADA,HIGH,Identity,OT-OPS,YES,DATABASE|PRIVILEGE|NETWORK,2026-08-04T20:07:44Z,ACTIVE,QRadar-Archive,DR,2022-05-09
AST-000891,BANK-CORPORATE-00892,CSE-BANK-02,Banking,NETWORK_DEVICE,CORPORATE,MEDIUM,ATM Network,IT-OPS,YES,ENDPOINT|AUTH,2026-09-29T06:35:35Z,ACTIVE,Splunk-ES,PRODUCTION,2020-04-30
AST-000892,BANK-DC-00893,CSE-BANK-02,Banking,FIREWALL,DC,HIGH,ATM Network,OT-OPS,YES,PRIVILEGE|ENDPOINT|WEB,2026-07-09T01:29:16Z,ACTIVE,Sentinel-Bridge,DR,2024-09-27
AST-000893,BANK-DC-00894,CSE-BANK-02,Banking,SERVER,DC,CRITICAL,ATM Network,APPSEC,YES,ENDPOINT|WEB|NETWORK,2026-09-12T04:36:26Z,ACTIVE,Sentinel-Bridge,DR,2020-10-13
AST-000894,BANK-CORPORATE-00895,CSE-BANK-02,Banking,NETWORK_DEVICE,CORPORATE,HIGH,ATM Network,IT-OPS,YES,NETWORK|OT|WEB,2026-09-22T16:07:03Z,ACTIVE,Splunk-ES,DR,2023-01-25
AST-000895,BANK-CORPORATE-00896,CSE-BANK-02,Banking,WORKSTATION,CORPORATE,CRITICAL,Payments,NETSEC,YES,WEB|NETWORK|AUTH,2026-09-19T04:18:41Z,ACTIVE,EDR-Collector,PRODUCTION,2021-12-21
AST-000896,BANK-OT-00897,CSE-BANK-02,Banking,PLC,OT,HIGH,ATM Network,IT-OPS,YES,AUTH|PRIVILEGE|OT,2026-09-05T21:42:31Z,ACTIVE,QRadar-Archive,DR,2023-07-18
AST-000897,BANK-CORPORATE-00898,CSE-BANK-02,Banking,SERVER,CORPORATE,HIGH,Payments,NETSEC,YES,DATABASE|ENDPOINT|AUTH,2026-07-07T11:41:54Z,ACTIVE,EDR-Collector,STAGING,2024-06-10
AST-000898,BANK-OT-00899,CSE-BANK-02,Banking,FIREWALL,OT,MEDIUM,Core Banking,SOC,YES,DATABASE|NETWORK,2026-08-28T13:48:41Z,ACTIVE,QRadar-Archive,DR,2020-03-24
AST-000899,BANK-DC-00900,CSE-BANK-02,Banking,WORKSTATION,DC,HIGH,Core Banking,SOC,YES,OT|AUTH|WEB,2026-08-11T05:34:58Z,ACTIVE,Sentinel-Bridge,STAGING,2025-12-03
AST-000900,BANK-DC-00901,CSE-BANK-02,Banking,SERVER,DC,CRITICAL,Core Banking,OT-OPS,YES,DATABASE|PRIVILEGE|AUTH,2026-07-09T02:39:07Z,ACTIVE,QRadar-Archive,STAGING,2020-07-19
AST-000901,BANK-CORPORATE-00902,CSE-BANK-02,Banking,SERVER,CORPORATE,MEDIUM,Core Banking,NETSEC,YES,DATABASE|WEB,2026-09-19T06:51:06Z,ACTIVE,Sentinel-Bridge,PRODUCTION,2024-03-15
AST-000902,BANK-DMZ-00903,CSE-BANK-02,Banking,DATABASE,DMZ,CRITICAL,ATM Network,OT-OPS,YES,NETWORK|DATABASE|WEB,2026-09-20T23:04:56Z,ACTIVE,QRadar-Archive,STAGING,2024-09-27
AST-000903,BANK-OT-00904,CSE-BANK-02,Banking,PLC,OT,HIGH,Identity,NETSEC,YES,PRIVILEGE|ENDPOINT|DATABASE,2026-07-27T05:04:16Z,ACTIVE,QRadar-Archive,PRODUCTION,2025-08-30
AST-000904,BANK-DC-00905,CSE-BANK-02,Banking,APPLICATION,DC,HIGH,Payments,SOC,YES,PRIVILEGE|AUTH|DATABASE,2026-07-21T17:04:55Z,ACTIVE,EDR-Collector,DR,2022-09-10
AST-000905,BANK-DC-00906,CSE-BANK-02,Banking,WORKSTATION,DC,HIGH,Payments,SOC,YES,WEB|PRIVILEGE|EXFILTRATION,2026-08-06T22:39:41Z,ACTIVE,Splunk-ES,STAGING,2021-05-08
AST-000906,BANK-CORPORATE-00907,CSE-BANK-02,Banking,SERVER,CORPORATE,HIGH,ATM Network,IT-OPS,YES,WEB|DATABASE|NETWORK,2026-08-13T21:54:18Z,MISSING,QRadar-Archive,DR,2020-10-23
AST-000907,BANK-OT-00908,CSE-BANK-02,Banking,NETWORK_DEVICE,OT,LOW,Payments,NETSEC,YES,WEB|AUTH,2026-08-09T20:15:01Z,ACTIVE,Sentinel-Bridge,STAGING,2022-10-19
AST-000908,BANK-SCADA-00909,CSE-BANK-02,Banking,DATABASE,SCADA,HIGH,Identity,NETSEC,YES,ENDPOINT|OT|WEB,2026-07-14T04:27:55Z,ACTIVE,EDR-Collector,STAGING,2023-02-22
AST-000909,BANK-OT-00910,CSE-BANK-02,Banking,PLC,OT,LOW,Identity,SOC,YES,AUTH|DATABASE,2026-07-03T08:55:40Z,ACTIVE,EDR-Collector,PRODUCTION,2020-06-01
AST-000910,BANK-DC-00911,CSE-BANK-02,Banking,APPLICATION,DC,LOW,Payments,NETSEC,YES,WEB|DATABASE,2026-07-19T16:56:14Z,ACTIVE,EDR-Collector,PRODUCTION,2021-08-01
AST-000911,BANK-DMZ-00912,CSE-BANK-02,Banking,DATABASE,DMZ,HIGH,ATM Network,NETSEC,YES,ENDPOINT|PRIVILEGE|EXFILTRATION,2026-09-11T14:15:40Z,ACTIVE,EDR-Collector,STAGING,2022-11-22
AST-000912,BANK-SCADA-00913,CSE-BANK-02,Banking,SERVER,SCADA,MEDIUM,Payments,SOC,YES,OT|ENDPOINT,2026-09-18T01:19:26Z,ACTIVE,Splunk-ES,STAGING,2020-02-06
AST-000913,BANK-CORPORATE-00914,CSE-BANK-02,Banking,FIREWALL,CORPORATE,HIGH,ATM Network,OT-OPS,YES,OT|WEB|NETWORK,2026-07-16T05:32:32Z,ACTIVE,QRadar-Archive,DR,2021-11-16
AST-000914,BANK-DC-00915,CSE-BANK-02,Banking,SERVER,DC,LOW,Payments,IT-OPS,YES,DATABASE|WEB,2026-07-08T05:23:20Z,DEGRADED,Sentinel-Bridge,PRODUCTION,2022-04-13
AST-000915,BANK-OT-00916,CSE-BANK-02,Banking,PLC,OT,MEDIUM,Identity,IT-OPS,YES,DATABASE|PRIVILEGE,2026-07-06T07:36:10Z,ACTIVE,QRadar-Archive,STAGING,2020-02-19
AST-000916,BANK-CORPORATE-00917,CSE-BANK-02,Banking,SERVER,CORPORATE,MEDIUM,Core Banking,IT-OPS,YES,NETWORK|WEB,2026-08-05T17:09:54Z,ACTIVE,QRadar-Archive,DR,2024-10-22
AST-000917,BANK-CORPORATE-00918,CSE-BANK-02,Banking,SERVER,CORPORATE,MEDIUM,ATM Network,IT-OPS,YES,ENDPOINT|WEB,2026-07-19T15:19:58Z,DEGRADED,Splunk-ES,DR,2025-01-30
AST-000918,BANK-OT-00919,CSE-BANK-02,Banking,PLC,OT,HIGH,Core Banking,NETSEC,YES,EXFILTRATION|PRIVILEGE|OT,2026-07-28T22:38:02Z,DEGRADED,Splunk-ES,PRODUCTION,2020-03-08
AST-000919,BANK-CORPORATE-00920,CSE-BANK-02,Banking,NETWORK_DEVICE,CORPORATE,MEDIUM,Identity,SOC,YES,AUTH|EXFILTRATION,2026-09-16T06:29:31Z,DEGRADED,QRadar-Archive,DR,2026-01-03
AST-000920,BANK-CORPORATE-00921,CSE-BANK-02,Banking,WORKSTATION,CORPORATE,CRITICAL,Identity,IT-OPS,YES,OT|NETWORK|DATABASE,2026-07-21T08:15:17Z,ACTIVE,Splunk-ES,PRODUCTION,2023-12-30
AST-000921,BANK-DMZ-00922,CSE-BANK-02,Banking,APPLICATION,DMZ,MEDIUM,Core Banking,IT-OPS,YES,DATABASE|PRIVILEGE,2026-08-13T07:57:33Z,ACTIVE,QRadar-Archive,PRODUCTION,2023-07-22
AST-000922,BANK-CORPORATE-00923,CSE-BANK-02,Banking,NETWORK_DEVICE,CORPORATE,MEDIUM,ATM Network,OT-OPS,YES,DATABASE|WEB,2026-08-04T21:10:34Z,ACTIVE,Sentinel-Bridge,STAGING,2021-04-19
AST-000923,BANK-SCADA-00924,CSE-BANK-02,Banking,DATABASE,SCADA,HIGH,ATM Network,OT-OPS,YES,WEB|PRIVILEGE|ENDPOINT,2026-08-18T22:24:00Z,ACTIVE,Sentinel-Bridge,PRODUCTION,2021-05-23
AST-000924,BANK-OT-00925,CSE-BANK-02,Banking,APPLICATION,OT,MEDIUM,Core Banking,OT-OPS,YES,EXFILTRATION|WEB,2026-07-13T08:26:16Z,ACTIVE,EDR-Collector,PRODUCTION,2022-12-30
AST-000925,BANK-CORPORATE-00926,CSE-BANK-02,Banking,WORKSTATION,CORPORATE,MEDIUM,Identity,NETSEC,YES,ENDPOINT|AUTH,2026-08-12T17:18:17Z,ACTIVE,Splunk-ES,STAGING,2023-06-16
AST-000926,BANK-CORPORATE-00927,CSE-BANK-02,Banking,WORKSTATION,CORPORATE,LOW,Payments,SOC,YES,NETWORK|AUTH,2026-08-14T16:48:21Z,ACTIVE,QRadar-Archive,STAGING,2022-07-23
AST-000927,BANK-CORPORATE-00928,CSE-BANK-02,Banking,NETWORK_DEVICE,CORPORATE,LOW,Payments,APPSEC,YES,WEB|DATABASE,2026-07-25T05:06:44Z,ACTIVE,QRadar-Archive,DR,2022-09-20
AST-000928,BANK-OT-00929,CSE-BANK-02,Banking,WORKSTATION,OT,CRITICAL,Core Banking,NETSEC,YES,EXFILTRATION|OT|PRIVILEGE,2026-09-14T23:59:59Z,ACTIVE,Splunk-ES,STAGING,2022-11-20
AST-000929,BANK-SCADA-00930,CSE-BANK-02,Banking,NETWORK_DEVICE,SCADA,LOW,Core Banking,NETSEC,YES,OT|ENDPOINT,2026-09-21T07:38:54Z,ACTIVE,Sentinel-Bridge,DR,2022-01-31
AST-000930,BANK-DC-00931,CSE-BANK-02,Banking,WORKSTATION,DC,MEDIUM,Core Banking,APPSEC,YES,EXFILTRATION|WEB,2026-09-07T13:51:33Z,DEGRADED,EDR-Collector,DR,2025-06-10
AST-000931,BANK-DMZ-00932,CSE-BANK-02,Banking,NETWORK_DEVICE,DMZ,CRITICAL,Identity,APPSEC,YES,AUTH|OT|DATABASE,2026-07-16T14:35:10Z,ACTIVE,QRadar-Archive,PRODUCTION,2021-11-27
AST-000932,BANK-DC-00933,CSE-BANK-02,Banking,APPLICATION,DC,CRITICAL,Payments,APPSEC,YES,DATABASE|OT|EXFILTRATION,2026-09-13T23:59:59Z,ACTIVE,Sentinel-Bridge,DR,2020-03-12
AST-000933,BANK-CORPORATE-00934,CSE-BANK-02,Banking,DATABASE,CORPORATE,MEDIUM,Identity,APPSEC,YES,DATABASE|WEB,2026-08-15T02:12:01Z,ACTIVE,QRadar-Archive,STAGING,2021-03-02
AST-000934,BANK-CORPORATE-00935,CSE-BANK-02,Banking,FIREWALL,CORPORATE,MEDIUM,Core Banking,OT-OPS,YES,PRIVILEGE|AUTH,2026-09-11T09:34:40Z,ACTIVE,EDR-Collector,PRODUCTION,2022-07-14
AST-000935,BANK-CORPORATE-00936,CSE-BANK-02,Banking,APPLICATION,CORPORATE,MEDIUM,Payments,NETSEC,YES,PRIVILEGE|WEB,2026-09-20T11:59:39Z,ACTIVE,QRadar-Archive,PRODUCTION,2025-06-19
AST-000936,BANK-DMZ-00937,CSE-BANK-02,Banking,APPLICATION,DMZ,MEDIUM,Identity,OT-OPS,YES,DATABASE|EXFILTRATION,2026-08-27T01:07:40Z,ACTIVE,EDR-Collector,PRODUCTION,2022-06-02
AST-000937,BANK-CORPORATE-00938,CSE-BANK-02,Banking,FIREWALL,CORPORATE,HIGH,Payments,OT-OPS,YES,WEB|ENDPOINT|OT,2026-07-09T04:38:03Z,ACTIVE,QRadar-Archive,PRODUCTION,2022-07-15
AST-000938,BANK-OT-00939,CSE-BANK-02,Banking,PLC,OT,LOW,Payments,SOC,YES,OT|NETWORK,2026-09-16T14:07:58Z,ACTIVE,Sentinel-Bridge,PRODUCTION,2021-04-23
AST-000939,BANK-SCADA-00940,CSE-BANK-02,Banking,DATABASE,SCADA,HIGH,Payments,IT-OPS,YES,EXFILTRATION|ENDPOINT|OT,2026-07-05T21:36:05Z,ACTIVE,Splunk-ES,STAGING,2022-02-15
AST-000940,BANK-DC-00941,CSE-BANK-02,Banking,WORKSTATION,DC,MEDIUM,Core Banking,APPSEC,YES,OT|PRIVILEGE,2026-08-01T18:18:35Z,ACTIVE,Splunk-ES,DR,2023-04-19
AST-000941,BANK-CORPORATE-00942,CSE-BANK-02,Banking,DATABASE,CORPORATE,MEDIUM,Identity,OT-OPS,YES,DATABASE|WEB,2026-07-03T13:54:41Z,ACTIVE,QRadar-Archive,PRODUCTION,2023-04-21
AST-000942,BANK-CORPORATE-00943,CSE-BANK-02,Banking,NETWORK_DEVICE,CORPORATE,CRITICAL,Identity,OT-OPS,YES,WEB|EXFILTRATION|PRIVILEGE,2026-09-10T23:59:59Z,DEGRADED,QRadar-Archive,DR,2022-02-22
AST-000943,BANK-DC-00944,CSE-BANK-02,Banking,WORKSTATION,DC,HIGH,ATM Network,SOC,YES,AUTH|EXFILTRATION|WEB,2026-08-21T17:53:38Z,DEGRADED,Splunk-ES,STAGING,2025-03-13
AST-000944,BANK-SCADA-00945,CSE-BANK-02,Banking,FIREWALL,SCADA,LOW,Identity,APPSEC,YES,NETWORK|DATABASE,2026-09-07T17:02:19Z,ACTIVE,Splunk-ES,DR,2019-12-07
AST-000945,BANK-CORPORATE-00946,CSE-BANK-02,Banking,SERVER,CORPORATE,CRITICAL,Identity,APPSEC,YES,AUTH|EXFILTRATION|NETWORK,2026-09-22T10:26:02Z,ACTIVE,EDR-Collector,STAGING,2023-10-08
AST-000946,BANK-OT-00947,CSE-BANK-02,Banking,HMI,OT,HIGH,Identity,IT-OPS,YES,EXFILTRATION|AUTH|PRIVILEGE,2026-08-29T18:21:39Z,ACTIVE,Sentinel-Bridge,DR,2024-02-02
AST-000947,BANK-DMZ-00948,CSE-BANK-02,Banking,FIREWALL,DMZ,HIGH,Identity,NETSEC,YES,NETWORK|EXFILTRATION|PRIVILEGE,2026-07-30T19:51:47Z,ACTIVE,EDR-Collector,DR,2022-10-04
AST-000948,BANK-OT-00949,CSE-BANK-02,Banking,HMI,OT,HIGH,Core Banking,NETSEC,YES,ENDPOINT|AUTH|EXFILTRATION,2026-08-15T02:30:11Z,ACTIVE,Sentinel-Bridge,DR,2020-03-14
AST-000949,BANK-DC-00950,CSE-BANK-02,Banking,WORKSTATION,DC,CRITICAL,Identity,SOC,YES,DATABASE|EXFILTRATION|ENDPOINT,2026-07-16T13:44:05Z,ACTIVE,EDR-Collector,STAGING,2023-04-17
AST-000950,BANK-CORPORATE-00951,CSE-BANK-02,Banking,DATABASE,CORPORATE,MEDIUM,Identity,APPSEC,YES,OT|NETWORK,2026-07-27T13:04:38Z,ACTIVE,Splunk-ES,STAGING,2022-11-13
AST-000951,BANK-CORPORATE-00952,CSE-BANK-02,Banking,SERVER,CORPORATE,MEDIUM,Core Banking,IT-OPS,YES,WEB|EXFILTRATION,2026-07-29T01:57:32Z,ACTIVE,EDR-Collector,DR,2021-05-15
AST-000952,BANK-CORPORATE-00953,CSE-BANK-02,Banking,WORKSTATION,CORPORATE,CRITICAL,Identity,SOC,YES,EXFILTRATION|NETWORK|OT,2026-08-17T10:46:14Z,ACTIVE,EDR-Collector,DR,2023-05-25
AST-000953,BANK-OT-00954,CSE-BANK-02,Banking,PLC,OT,MEDIUM,Payments,APPSEC,YES,DATABASE|PRIVILEGE,2026-08-31T23:46:13Z,ACTIVE,EDR-Collector,DR,2022-07-19
AST-000954,BANK-OT-00955,CSE-BANK-02,Banking,SERVER,OT,HIGH,Payments,APPSEC,YES,EXFILTRATION|NETWORK|PRIVILEGE,2026-09-24T10:25:30Z,ACTIVE,EDR-Collector,DR,2022-11-12
AST-000955,BANK-CORPORATE-00956,CSE-BANK-02,Banking,NETWORK_DEVICE,CORPORATE,CRITICAL,Core Banking,IT-OPS,YES,WEB|DATABASE|EXFILTRATION,2026-07-10T04:46:48Z,ACTIVE,Splunk-ES,PRODUCTION,2021-05-10
AST-000956,BANK-DMZ-00957,CSE-BANK-02,Banking,SERVER,DMZ,LOW,Payments,APPSEC,YES,EXFILTRATION|AUTH,2026-07-15T03:18:32Z,ACTIVE,EDR-Collector,PRODUCTION,2025-03-01
AST-000957,BANK-DMZ-00958,CSE-BANK-02,Banking,APPLICATION,DMZ,LOW,Payments,OT-OPS,YES,ENDPOINT|AUTH,2026-07-18T13:20:34Z,DEGRADED,QRadar-Archive,PRODUCTION,2022-05-12
AST-000958,BANK-OT-00959,CSE-BANK-02,Banking,SERVER,OT,HIGH,ATM Network,NETSEC,YES,ENDPOINT|OT|PRIVILEGE,2026-08-16T11:27:45Z,ACTIVE,Sentinel-Bridge,STAGING,2022-09-21
AST-000959,BANK-DC-00960,CSE-BANK-02,Banking,SERVER,DC,LOW,Core Banking,NETSEC,YES,WEB|OT,2026-07-20T04:01:51Z,ACTIVE,QRadar-Archive,STAGING,2023-02-27
AST-000960,BANK-CORPORATE-00961,CSE-BANK-02,Banking,DATABASE,CORPORATE,LOW,ATM Network,OT-OPS,YES,ENDPOINT|NETWORK,2026-08-19T01:17:19Z,ACTIVE,EDR-Collector,STAGING,2025-07-23
AST-000961,BANK-DMZ-00962,CSE-BANK-02,Banking,NETWORK_DEVICE,DMZ,CRITICAL,Core Banking,IT-OPS,YES,NETWORK|OT|WEB,2026-09-10T00:55:21Z,ACTIVE,Splunk-ES,STAGING,2021-01-02
AST-000962,BANK-CORPORATE-00963,CSE-BANK-02,Banking,APPLICATION,CORPORATE,LOW,Core Banking,IT-OPS,YES,ENDPOINT|AUTH,2026-08-29T16:04:21Z,ACTIVE,EDR-Collector,STAGING,2024-03-23
AST-000963,BANK-CORPORATE-00964,CSE-BANK-02,Banking,NETWORK_DEVICE,CORPORATE,HIGH,ATM Network,OT-OPS,YES,ENDPOINT|PRIVILEGE|AUTH,2026-09-10T12:18:14Z,ACTIVE,Splunk-ES,DR,2023-03-31
AST-000964,BANK-CORPORATE-00965,CSE-BANK-02,Banking,WORKSTATION,CORPORATE,MEDIUM,Core Banking,OT-OPS,YES,OT|PRIVILEGE,2026-08-27T12:05:56Z,ACTIVE,QRadar-Archive,PRODUCTION,2025-06-07
AST-000965,BANK-OT-00966,CSE-BANK-02,Banking,DATABASE,OT,MEDIUM,ATM Network,OT-OPS,YES,DATABASE|AUTH,2026-08-24T00:22:43Z,ACTIVE,Splunk-ES,STAGING,2026-03-01
AST-000966,BANK-OT-00967,CSE-BANK-02,Banking,NETWORK_DEVICE,OT,HIGH,Identity,SOC,YES,WEB|PRIVILEGE|OT,2026-09-02T11:14:24Z,ACTIVE,Splunk-ES,DR,2025-12-03
AST-000967,BANK-DMZ-00968,CSE-BANK-02,Banking,SERVER,DMZ,MEDIUM,ATM Network,OT-OPS,YES,NETWORK|AUTH,2026-08-11T00:12:50Z,ACTIVE,Splunk-ES,DR,2025-06-03
AST-000968,BANK-CORPORATE-00969,CSE-BANK-02,Banking,FIREWALL,CORPORATE,LOW,Payments,IT-OPS,YES,NETWORK|ENDPOINT,2026-09-09T06:04:20Z,ACTIVE,Sentinel-Bridge,DR,2020-02-12
AST-000969,BANK-DC-00970,CSE-BANK-02,Banking,SERVER,DC,MEDIUM,ATM Network,SOC,YES,EXFILTRATION|OT,2026-08-03T17:38:21Z,ACTIVE,Splunk-ES,DR,2025-05-04
AST-000970,BANK-CORPORATE-00971,CSE-BANK-02,Banking,SERVER,CORPORATE,LOW,Core Banking,OT-OPS,YES,WEB|NETWORK,2026-09-06T07:14:33Z,MISSING,Splunk-ES,DR,2022-06-06
AST-000971,BANK-OT-00972,CSE-BANK-02,Banking,PLC,OT,MEDIUM,Core Banking,SOC,YES,EXFILTRATION|ENDPOINT,2026-07-07T00:12:39Z,MISSING,EDR-Collector,DR,2026-02-16
AST-000972,BANK-DMZ-00973,CSE-BANK-02,Banking,SERVER,DMZ,HIGH,Payments,OT-OPS,YES,EXFILTRATION|AUTH|WEB,2026-09-05T05:19:52Z,ACTIVE,Sentinel-Bridge,STAGING,2024-06-06
AST-000973,BANK-OT-00974,CSE-BANK-02,Banking,PLC,OT,LOW,Payments,SOC,YES,OT|EXFILTRATION,2026-07-29T14:08:46Z,ACTIVE,Splunk-ES,DR,2022-01-01
AST-000974,BANK-OT-00975,CSE-BANK-02,Banking,PLC,OT,HIGH,Identity,SOC,YES,NETWORK|EXFILTRATION|WEB,2026-08-10T17:33:51Z,ACTIVE,QRadar-Archive,PRODUCTION,2025-02-02
AST-000975,BANK-CORPORATE-00976,CSE-BANK-02,Banking,FIREWALL,CORPORATE,MEDIUM,Core Banking,OT-OPS,YES,EXFILTRATION|PRIVILEGE,2026-09-17T15:17:32Z,ACTIVE,Sentinel-Bridge,DR,2023-03-09
AST-000976,BANK-DC-00977,CSE-BANK-02,Banking,WORKSTATION,DC,HIGH,Payments,OT-OPS,YES,ENDPOINT|PRIVILEGE|NETWORK,2026-07-06T14:23:19Z,ACTIVE,Splunk-ES,STAGING,2021-10-02
AST-000977,BANK-CORPORATE-00978,CSE-BANK-02,Banking,DATABASE,CORPORATE,LOW,ATM Network,APPSEC,YES,DATABASE|NETWORK,2026-07-16T04:52:19Z,MISSING,QRadar-Archive,STAGING,2021-03-30
AST-000978,BANK-DMZ-00979,CSE-BANK-02,Banking,SERVER,DMZ,LOW,Identity,OT-OPS,YES,DATABASE|NETWORK,2026-08-30T01:03:56Z,ACTIVE,QRadar-Archive,STAGING,2021-03-14
AST-000979,BANK-SCADA-00980,CSE-BANK-02,Banking,FIREWALL,SCADA,MEDIUM,Core Banking,NETSEC,YES,DATABASE|WEB,2026-08-06T00:23:19Z,ACTIVE,Sentinel-Bridge,PRODUCTION,2025-03-05
AST-000980,BANK-SCADA-00981,CSE-BANK-02,Banking,FIREWALL,SCADA,MEDIUM,Core Banking,IT-OPS,YES,NETWORK|AUTH,2026-09-28T03:29:33Z,ACTIVE,EDR-Collector,DR,2023-09-19
AST-000981,BANK-DMZ-00982,CSE-BANK-02,Banking,APPLICATION,DMZ,HIGH,Identity,OT-OPS,YES,EXFILTRATION|ENDPOINT|WEB,2026-07-02T09:44:47Z,ACTIVE,Sentinel-Bridge,PRODUCTION,2024-05-23
AST-000982,BANK-CORPORATE-00983,CSE-BANK-02,Banking,NETWORK_DEVICE,CORPORATE,HIGH,Identity,IT-OPS,YES,AUTH|WEB|DATABASE,2026-07-29T21:00:27Z,ACTIVE,Splunk-ES,PRODUCTION,2021-02-28
AST-000983,BANK-DMZ-00984,CSE-BANK-02,Banking,APPLICATION,DMZ,LOW,Identity,APPSEC,YES,DATABASE|EXFILTRATION,2026-09-20T20:13:46Z,ACTIVE,Sentinel-Bridge,PRODUCTION,2024-03-05
AST-000984,BANK-CORPORATE-00985,CSE-BANK-02,Banking,WORKSTATION,CORPORATE,HIGH,Payments,IT-OPS,YES,PRIVILEGE|OT|EXFILTRATION,2026-07-31T06:35:39Z,ACTIVE,Sentinel-Bridge,PRODUCTION,2024-03-07
AST-000985,BANK-DC-00986,CSE-BANK-02,Banking,SERVER,DC,HIGH,Core Banking,NETSEC,YES,OT|WEB|EXFILTRATION,2026-07-11T08:19:09Z,ACTIVE,Sentinel-Bridge,DR,2025-01-19
AST-000986,BANK-DC-00987,CSE-BANK-02,Banking,FIREWALL,DC,HIGH,ATM Network,IT-OPS,YES,EXFILTRATION|OT|PRIVILEGE,2026-07-27T08:11:20Z,ACTIVE,EDR-Collector,STAGING,2021-05-11
AST-000987,BANK-OT-00988,CSE-BANK-02,Banking,PLC,OT,HIGH,Core Banking,APPSEC,YES,PRIVILEGE|DATABASE|WEB,2026-07-04T10:15:45Z,ACTIVE,Sentinel-Bridge,DR,2024-07-12
AST-000988,BANK-CORPORATE-00989,CSE-BANK-02,Banking,APPLICATION,CORPORATE,LOW,Identity,NETSEC,YES,EXFILTRATION|WEB,2026-07-20T03:45:33Z,ACTIVE,EDR-Collector,STAGING,2023-08-23
AST-000989,BANK-DC-00990,CSE-BANK-02,Banking,SERVER,DC,HIGH,Core Banking,SOC,YES,ENDPOINT|NETWORK|PRIVILEGE,2026-08-21T14:24:58Z,ACTIVE,QRadar-Archive,STAGING,2023-08-09
AST-000990,BANK-DMZ-00991,CSE-BANK-02,Banking,DATABASE,DMZ,HIGH,Core Banking,SOC,YES,OT|PRIVILEGE|ENDPOINT,2026-07-02T20:35:16Z,ACTIVE,Sentinel-Bridge,STAGING,2021-05-18
AST-000991,BANK-CORPORATE-00992,CSE-BANK-02,Banking,WORKSTATION,CORPORATE,HIGH,Core Banking,OT-OPS,YES,PRIVILEGE|DATABASE|ENDPOINT,2026-09-18T22:23:19Z,ACTIVE,QRadar-Archive,PRODUCTION,2023-12-08
AST-000992,BANK-DMZ-00993,CSE-BANK-02,Banking,NETWORK_DEVICE,DMZ,HIGH,Identity,IT-OPS,YES,NETWORK|OT|DATABASE,2026-07-28T02:03:59Z,ACTIVE,Sentinel-Bridge,DR,2021-10-05
AST-000993,BANK-DMZ-00994,CSE-BANK-02,Banking,FIREWALL,DMZ,MEDIUM,Payments,APPSEC,YES,AUTH|PRIVILEGE,2026-09-04T08:21:05Z,DEGRADED,QRadar-Archive,DR,2022-04-16
AST-000994,BANK-CORPORATE-00995,CSE-BANK-02,Banking,APPLICATION,CORPORATE,MEDIUM,Identity,APPSEC,YES,WEB|OT,2026-09-10T12:24:10Z,ACTIVE,Sentinel-Bridge,DR,2023-06-21
AST-000995,BANK-DMZ-00996,CSE-BANK-02,Banking,FIREWALL,DMZ,MEDIUM,Payments,OT-OPS,YES,DATABASE|WEB,2026-09-08T16:03:10Z,ACTIVE,EDR-Collector,STAGING,2020-05-07
AST-000996,BANK-CORPORATE-00997,CSE-BANK-02,Banking,NETWORK_DEVICE,CORPORATE,CRITICAL,Core Banking,SOC,YES,AUTH|WEB|NETWORK,2026-08-20T09:06:05Z,DEGRADED,QRadar-Archive,STAGING,2024-06-04
AST-000997,BANK-DC-00998,CSE-BANK-02,Banking,DATABASE,DC,HIGH,Core Banking,NETSEC,YES,NETWORK|DATABASE|EXFILTRATION,2026-08-17T03:15:48Z,ACTIVE,Splunk-ES,STAGING,2024-07-09
AST-000998,BANK-CORPORATE-00999,CSE-BANK-02,Banking,WORKSTATION,CORPORATE,MEDIUM,Payments,NETSEC,YES,PRIVILEGE|WEB,2026-08-02T22:16:20Z,ACTIVE,EDR-Collector,DR,2025-07-21
AST-000999,BANK-CORPORATE-01000,CSE-BANK-02,Banking,APPLICATION,CORPORATE,LOW,Payments,APPSEC,YES,EXFILTRATION|WEB,2026-09-25T04:47:17Z,ACTIVE,QRadar-Archive,PRODUCTION,2024-10-08
AST-001000,BANK-SCADA-01001,CSE-BANK-02,Banking,SERVER,SCADA,MEDIUM,Payments,IT-OPS,YES,EXFILTRATION|DATABASE,2026-09-01T22:31:51Z,ACTIVE,Sentinel-Bridge,PRODUCTION,2020-04-14
AST-001001,BANK-OT-01002,CSE-BANK-02,Banking,WORKSTATION,OT,HIGH,Core Banking,NETSEC,YES,AUTH|WEB|DATABASE,2026-08-01T16:48:28Z,DEGRADED,EDR-Collector,PRODUCTION,2021-09-15
AST-001002,BANK-CORPORATE-01003,CSE-BANK-02,Banking,APPLICATION,CORPORATE,MEDIUM,ATM Network,APPSEC,YES,AUTH|ENDPOINT,2026-08-06T15:04:22Z,ACTIVE,QRadar-Archive,DR,2020-06-30
AST-001003,BANK-DMZ-01004,CSE-BANK-02,Banking,NETWORK_DEVICE,DMZ,HIGH,Payments,APPSEC,YES,PRIVILEGE|AUTH|WEB,2026-07-09T22:58:34Z,ACTIVE,EDR-Collector,PRODUCTION,2022-06-14
AST-001004,BANK-CORPORATE-01005,CSE-BANK-02,Banking,SERVER,CORPORATE,CRITICAL,Core Banking,APPSEC,YES,OT|DATABASE|EXFILTRATION,2026-09-27T08:59:38Z,ACTIVE,QRadar-Archive,PRODUCTION,2020-04-09
AST-001005,BANK-OT-01006,CSE-BANK-02,Banking,SERVER,OT,LOW,Payments,APPSEC,YES,ENDPOINT|AUTH,2026-07-10T13:07:18Z,ACTIVE,EDR-Collector,PRODUCTION,2021-03-10
AST-001006,BANK-CORPORATE-01007,CSE-BANK-02,Banking,APPLICATION,CORPORATE,HIGH,ATM Network,IT-OPS,YES,PRIVILEGE|WEB|OT,2026-07-30T21:43:03Z,ACTIVE,Sentinel-Bridge,DR,2019-12-26
AST-001007,BANK-DMZ-01008,CSE-BANK-02,Banking,SERVER,DMZ,MEDIUM,Payments,IT-OPS,YES,PRIVILEGE|AUTH,2026-09-01T05:32:45Z,ACTIVE,EDR-Collector,PRODUCTION,2023-11-16
AST-001008,BANK-DMZ-01009,CSE-BANK-02,Banking,SERVER,DMZ,HIGH,Payments,NETSEC,YES,WEB|NETWORK|DATABASE,2026-07-11T19:30:18Z,ACTIVE,QRadar-Archive,DR,2024-01-05
AST-001009,BANK-CORPORATE-01010,CSE-BANK-02,Banking,SERVER,CORPORATE,MEDIUM,ATM Network,IT-OPS,YES,EXFILTRATION|WEB,2026-09-08T13:57:35Z,ACTIVE,QRadar-Archive,PRODUCTION,2025-09-20
AST-001010,BANK-OT-01011,CSE-BANK-02,Banking,WORKSTATION,OT,HIGH,Payments,SOC,YES,PRIVILEGE|OT|AUTH,2026-08-27T18:17:00Z,ACTIVE,Splunk-ES,STAGING,2023-04-17
AST-001011,BANK-OT-01012,CSE-BANK-02,Banking,WORKSTATION,OT,MEDIUM,Payments,APPSEC,YES,OT|NETWORK,2026-08-07T22:05:18Z,DEGRADED,Splunk-ES,STAGING,2024-07-21
AST-001012,BANK-CORPORATE-01013,CSE-BANK-02,Banking,NETWORK_DEVICE,CORPORATE,HIGH,ATM Network,NETSEC,YES,WEB|DATABASE|EXFILTRATION,2026-08-04T11:06:47Z,ACTIVE,Sentinel-Bridge,PRODUCTION,2021-07-05
AST-001013,BANK-SCADA-01014,CSE-BANK-02,Banking,FIREWALL,SCADA,MEDIUM,Identity,OT-OPS,YES,DATABASE|ENDPOINT,2026-07-27T06:01:00Z,ACTIVE,Sentinel-Bridge,STAGING,2025-02-25
AST-001014,BANK-CORPORATE-01015,CSE-BANK-02,Banking,SERVER,CORPORATE,MEDIUM,Payments,NETSEC,YES,EXFILTRATION|DATABASE,2026-09-17T10:46:45Z,ACTIVE,EDR-Collector,DR,2023-01-05
AST-001015,BANK-DC-01016,CSE-BANK-02,Banking,WORKSTATION,DC,MEDIUM,Identity,APPSEC,YES,EXFILTRATION|PRIVILEGE,2026-08-01T17:14:19Z,ACTIVE,Splunk-ES,PRODUCTION,2023-08-10
AST-001016,BANK-DC-01017,CSE-BANK-02,Banking,SERVER,DC,LOW,Core Banking,APPSEC,YES,EXFILTRATION|AUTH,2026-07-15T15:43:19Z,ACTIVE,QRadar-Archive,PRODUCTION,2023-08-11
AST-001017,BANK-DMZ-01018,CSE-BANK-02,Banking,APPLICATION,DMZ,HIGH,Identity,IT-OPS,YES,EXFILTRATION|AUTH|ENDPOINT,2026-09-26T04:54:16Z,ACTIVE,Splunk-ES,PRODUCTION,2023-03-07
AST-001018,BANK-DC-01019,CSE-BANK-02,Banking,DATABASE,DC,LOW,Core Banking,SOC,YES,OT|PRIVILEGE,2026-07-09T10:45:39Z,DEGRADED,Sentinel-Bridge,PRODUCTION,2021-01-18
AST-001019,BANK-DC-01020,CSE-BANK-02,Banking,WORKSTATION,DC,MEDIUM,Payments,NETSEC,YES,NETWORK|AUTH,2026-07-25T00:39:29Z,ACTIVE,Splunk-ES,STAGING,2025-04-10
AST-001020,BANK-SCADA-01021,CSE-BANK-02,Banking,NETWORK_DEVICE,SCADA,CRITICAL,Identity,IT-OPS,YES,OT|ENDPOINT|EXFILTRATION,2026-09-05T23:59:59Z,ACTIVE,Sentinel-Bridge,STAGING,2023-08-03
AST-001021,BANK-CORPORATE-01022,CSE-BANK-02,Banking,SERVER,CORPORATE,LOW,Identity,OT-OPS,YES,NETWORK|DATABASE,2026-07-29T19:10:13Z,ACTIVE,Splunk-ES,PRODUCTION,2020-09-17
AST-001022,BANK-DC-01023,CSE-BANK-02,Banking,NETWORK_DEVICE,DC,LOW,Payments,NETSEC,YES,AUTH|PRIVILEGE,2026-09-28T13:14:53Z,ACTIVE,QRadar-Archive,PRODUCTION,2025-07-29
AST-001023,BANK-CORPORATE-01024,CSE-BANK-02,Banking,APPLICATION,CORPORATE,LOW,Payments,NETSEC,YES,PRIVILEGE|ENDPOINT,2026-08-22T21:40:48Z,ACTIVE,Splunk-ES,DR,2023-05-14
AST-001024,BANK-SCADA-01025,CSE-BANK-02,Banking,WORKSTATION,SCADA,LOW,Core Banking,APPSEC,YES,EXFILTRATION|WEB,2026-07-05T09:06:56Z,ACTIVE,Sentinel-Bridge,STAGING,2022-02-18
AST-001025,BANK-DMZ-01026,CSE-BANK-02,Banking,DATABASE,DMZ,MEDIUM,Core Banking,OT-OPS,YES,ENDPOINT|WEB,2026-07-21T17:07:47Z,ACTIVE,Sentinel-Bridge,DR,2023-04-09
AST-001026,BANK-OT-01027,CSE-BANK-02,Banking,APPLICATION,OT,HIGH,Payments,NETSEC,YES,WEB|AUTH|EXFILTRATION,2026-09-24T17:01:16Z,DEGRADED,Sentinel-Bridge,DR,2020-11-20
AST-001027,BANK-OT-01028,CSE-BANK-02,Banking,PLC,OT,HIGH,ATM Network,APPSEC,YES,EXFILTRATION|PRIVILEGE|ENDPOINT,2026-08-01T11:45:11Z,ACTIVE,EDR-Collector,STAGING,2024-09-11
AST-001028,BANK-DC-01029,CSE-BANK-02,Banking,SERVER,DC,CRITICAL,Identity,OT-OPS,YES,PRIVILEGE|WEB|ENDPOINT,2026-09-25T18:31:34Z,ACTIVE,Splunk-ES,STAGING,2025-05-22
AST-001029,BANK-DMZ-01030,CSE-BANK-02,Banking,WORKSTATION,DMZ,MEDIUM,ATM Network,APPSEC,YES,PRIVILEGE|NETWORK,2026-07-17T17:48:09Z,ACTIVE,Splunk-ES,DR,2022-09-23
AST-001030,BANK-CORPORATE-01031,CSE-BANK-02,Banking,NETWORK_DEVICE,CORPORATE,MEDIUM,Core Banking,APPSEC,YES,NETWORK|OT,2026-07-02T00:50:04Z,ACTIVE,Sentinel-Bridge,DR,2021-02-02
AST-001031,BANK-CORPORATE-01032,CSE-BANK-02,Banking,WORKSTATION,CORPORATE,LOW,Payments,IT-OPS,YES,AUTH|OT,2026-07-28T02:54:10Z,ACTIVE,EDR-Collector,PRODUCTION,2024-08-13
AST-001032,BANK-DC-01033,CSE-BANK-02,Banking,WORKSTATION,DC,CRITICAL,Core Banking,NETSEC,YES,EXFILTRATION|AUTH|DATABASE,2026-07-10T22:02:37Z,ACTIVE,Splunk-ES,DR,2022-12-17
AST-001033,BANK-OT-01034,CSE-BANK-02,Banking,APPLICATION,OT,LOW,Core Banking,NETSEC,YES,EXFILTRATION|AUTH,2026-09-12T10:08:01Z,ACTIVE,EDR-Collector,DR,2021-08-22
AST-001034,BANK-CORPORATE-01035,CSE-BANK-02,Banking,NETWORK_DEVICE,CORPORATE,HIGH,Payments,NETSEC,YES,AUTH|ENDPOINT|DATABASE,2026-09-07T15:51:48Z,ACTIVE,EDR-Collector,PRODUCTION,2020-08-20
AST-001035,BANK-DMZ-01036,CSE-BANK-02,Banking,FIREWALL,DMZ,LOW,Identity,OT-OPS,YES,NETWORK|ENDPOINT,2026-09-19T17:38:12Z,ACTIVE,EDR-Collector,STAGING,2020-11-28
AST-001036,BANK-OT-01037,CSE-BANK-02,Banking,FIREWALL,OT,HIGH,Identity,SOC,YES,AUTH|DATABASE|PRIVILEGE,2026-07-18T12:29:12Z,ACTIVE,QRadar-Archive,DR,2024-01-14
AST-001037,BANK-DMZ-01038,CSE-BANK-02,Banking,WORKSTATION,DMZ,MEDIUM,Identity,OT-OPS,YES,OT|AUTH,2026-07-22T06:38:46Z,ACTIVE,EDR-Collector,DR,2023-11-13
AST-001038,BANK-OT-01039,CSE-BANK-02,Banking,WORKSTATION,OT,HIGH,Identity,NETSEC,YES,OT|EXFILTRATION|DATABASE,2026-08-03T05:48:59Z,ACTIVE,QRadar-Archive,PRODUCTION,2026-01-30
AST-001039,BANK-DC-01040,CSE-BANK-02,Banking,WORKSTATION,DC,LOW,Identity,NETSEC,YES,AUTH|DATABASE,2026-09-10T13:21:27Z,ACTIVE,Sentinel-Bridge,STAGING,2022-06-09
AST-001040,BANK-OT-01041,CSE-BANK-02,Banking,DATABASE,OT,HIGH,Payments,APPSEC,YES,DATABASE|EXFILTRATION|NETWORK,2026-08-19T19:50:07Z,ACTIVE,Splunk-ES,PRODUCTION,2025-04-05
AST-001041,BANK-DC-01042,CSE-BANK-02,Banking,FIREWALL,DC,MEDIUM,Core Banking,OT-OPS,YES,PRIVILEGE|NETWORK,2026-08-01T22:32:24Z,ACTIVE,Sentinel-Bridge,STAGING,2021-01-12
AST-001042,BANK-DMZ-01043,CSE-BANK-02,Banking,DATABASE,DMZ,HIGH,Identity,IT-OPS,YES,OT|EXFILTRATION|AUTH,2026-08-09T18:32:29Z,ACTIVE,Sentinel-Bridge,STAGING,2025-09-17
AST-001043,BANK-DMZ-01044,CSE-BANK-02,Banking,SERVER,DMZ,HIGH,Payments,IT-OPS,YES,DATABASE|AUTH|EXFILTRATION,2026-07-13T11:24:42Z,ACTIVE,Sentinel-Bridge,STAGING,2023-09-09
AST-001044,BANK-SCADA-01045,CSE-BANK-02,Banking,DATABASE,SCADA,LOW,Payments,APPSEC,YES,NETWORK|WEB,2026-07-18T01:00:18Z,ACTIVE,Splunk-ES,STAGING,2021-04-11
AST-001045,BANK-OT-01046,CSE-BANK-02,Banking,PLC,OT,HIGH,Identity,NETSEC,YES,WEB|NETWORK|ENDPOINT,2026-09-27T19:42:03Z,ACTIVE,QRadar-Archive,STAGING,2025-02-26
AST-001046,BANK-CORPORATE-01047,CSE-BANK-02,Banking,SERVER,CORPORATE,CRITICAL,ATM Network,NETSEC,YES,EXFILTRATION|OT|PRIVILEGE,2026-07-05T01:09:48Z,ACTIVE,QRadar-Archive,STAGING,2022-06-16
AST-001047,BANK-CORPORATE-01048,CSE-BANK-02,Banking,WORKSTATION,CORPORATE,MEDIUM,ATM Network,SOC,YES,EXFILTRATION|DATABASE,2026-08-07T13:41:49Z,ACTIVE,QRadar-Archive,STAGING,2024-11-09
AST-001048,BANK-OT-01049,CSE-BANK-02,Banking,DATABASE,OT,HIGH,Identity,IT-OPS,YES,NETWORK|ENDPOINT|PRIVILEGE,2026-07-24T02:31:47Z,ACTIVE,Splunk-ES,PRODUCTION,2024-08-12
AST-001049,BANK-SCADA-01050,CSE-BANK-02,Banking,DATABASE,SCADA,HIGH,Core Banking,OT-OPS,YES,ENDPOINT|AUTH|WEB,2026-09-23T15:08:25Z,ACTIVE,Splunk-ES,DR,2023-02-08
AST-001050,BANK-OT-01051,CSE-BANK-02,Banking,SERVER,OT,HIGH,Identity,IT-OPS,YES,DATABASE|PRIVILEGE|WEB,2026-08-07T09:51:01Z,ACTIVE,Sentinel-Bridge,STAGING,2020-05-28
AST-001051,BANK-CORPORATE-01052,CSE-BANK-02,Banking,SERVER,CORPORATE,MEDIUM,Identity,NETSEC,YES,ENDPOINT|WEB,2026-08-13T06:59:39Z,ACTIVE,QRadar-Archive,DR,2024-01-13
AST-001052,BANK-CORPORATE-01053,CSE-BANK-02,Banking,SERVER,CORPORATE,LOW,Payments,SOC,YES,EXFILTRATION|NETWORK,2026-09-18T21:03:39Z,ACTIVE,Splunk-ES,DR,2023-01-03
AST-001053,BANK-CORPORATE-01054,CSE-BANK-02,Banking,SERVER,CORPORATE,MEDIUM,Core Banking,NETSEC,YES,NETWORK|PRIVILEGE,2026-07-31T05:10:20Z,ACTIVE,Splunk-ES,STAGING,2020-08-17
AST-001054,BANK-OT-01055,CSE-BANK-02,Banking,SERVER,OT,HIGH,Payments,IT-OPS,YES,OT|AUTH|NETWORK,2026-08-04T01:27:23Z,ACTIVE,Sentinel-Bridge,PRODUCTION,2024-06-09
AST-001055,BANK-CORPORATE-01056,CSE-BANK-02,Banking,SERVER,CORPORATE,LOW,Payments,SOC,YES,EXFILTRATION|ENDPOINT,2026-07-05T15:05:28Z,ACTIVE,Sentinel-Bridge,PRODUCTION,2025-12-12
AST-001056,BANK-OT-01057,CSE-BANK-02,Banking,WORKSTATION,OT,MEDIUM,Payments,SOC,YES,OT|WEB,2026-07-11T23:58:30Z,ACTIVE,EDR-Collector,PRODUCTION,2023-02-08
AST-001057,BANK-DMZ-01058,CSE-BANK-02,Banking,DATABASE,DMZ,MEDIUM,Payments,OT-OPS,YES,DATABASE|WEB,2026-08-05T22:05:40Z,ACTIVE,QRadar-Archive,STAGING,2024-08-26
AST-001058,BANK-DMZ-01059,CSE-BANK-02,Banking,WORKSTATION,DMZ,MEDIUM,ATM Network,SOC,YES,DATABASE|EXFILTRATION,2026-07-21T01:42:42Z,ACTIVE,Sentinel-Bridge,STAGING,2025-06-16
AST-001059,BANK-DC-01060,CSE-BANK-02,Banking,APPLICATION,DC,HIGH,Core Banking,SOC,YES,ENDPOINT|PRIVILEGE|WEB,2026-09-29T02:58:06Z,ACTIVE,QRadar-Archive,STAGING,2021-02-01
AST-001060,BANK-DMZ-01061,CSE-BANK-02,Banking,WORKSTATION,DMZ,HIGH,Payments,OT-OPS,YES,ENDPOINT|DATABASE|PRIVILEGE,2026-08-12T04:24:46Z,ACTIVE,QRadar-Archive,DR,2021-01-30
AST-001061,BANK-CORPORATE-01062,CSE-BANK-02,Banking,WORKSTATION,CORPORATE,LOW,Identity,APPSEC,YES,EXFILTRATION|ENDPOINT,2026-09-19T01:16:11Z,ACTIVE,Splunk-ES,STAGING,2024-12-27
AST-001062,BANK-DMZ-01063,CSE-BANK-02,Banking,DATABASE,DMZ,MEDIUM,ATM Network,APPSEC,YES,PRIVILEGE|WEB,2026-08-29T22:36:14Z,ACTIVE,QRadar-Archive,DR,2022-03-15
AST-001063,BANK-DMZ-01064,CSE-BANK-02,Banking,APPLICATION,DMZ,HIGH,Identity,NETSEC,YES,AUTH|DATABASE|OT,2026-07-10T17:49:24Z,DEGRADED,QRadar-Archive,STAGING,2020-01-19
AST-001064,BANK-DMZ-01065,CSE-BANK-02,Banking,NETWORK_DEVICE,DMZ,CRITICAL,Identity,NETSEC,YES,NETWORK|DATABASE|AUTH,2026-07-27T18:05:55Z,ACTIVE,QRadar-Archive,DR,2021-01-02
AST-001065,BANK-CORPORATE-01066,CSE-BANK-02,Banking,WORKSTATION,CORPORATE,LOW,Core Banking,OT-OPS,YES,ENDPOINT|AUTH,2026-09-23T21:25:53Z,ACTIVE,EDR-Collector,PRODUCTION,2023-03-22
AST-001066,BANK-DMZ-01067,CSE-BANK-02,Banking,WORKSTATION,DMZ,LOW,Payments,NETSEC,YES,EXFILTRATION|DATABASE,2026-07-09T06:29:27Z,ACTIVE,QRadar-Archive,PRODUCTION,2023-05-17
AST-001067,BANK-DC-01068,CSE-BANK-02,Banking,APPLICATION,DC,MEDIUM,Identity,SOC,YES,WEB|OT,2026-09-02T06:53:44Z,ACTIVE,QRadar-Archive,DR,2025-10-30
AST-001068,BANK-CORPORATE-01069,CSE-BANK-02,Banking,SERVER,CORPORATE,MEDIUM,Identity,NETSEC,YES,EXFILTRATION|NETWORK,2026-08-12T12:15:14Z,ACTIVE,Sentinel-Bridge,DR,2023-03-15
AST-001069,BANK-DC-01070,CSE-BANK-02,Banking,DATABASE,DC,HIGH,Payments,SOC,YES,DATABASE|WEB|AUTH,2026-09-19T15:43:54Z,DEGRADED,QRadar-Archive,DR,2020-10-22
AST-001070,BANK-OT-01071,CSE-BANK-02,Banking,PLC,OT,LOW,Core Banking,NETSEC,YES,DATABASE|AUTH,2026-08-02T15:23:50Z,ACTIVE,QRadar-Archive,DR,2024-09-28
AST-001071,BANK-CORPORATE-01072,CSE-BANK-02,Banking,APPLICATION,CORPORATE,CRITICAL,Identity,SOC,YES,PRIVILEGE|WEB|ENDPOINT,2026-08-03T18:41:36Z,ACTIVE,Splunk-ES,DR,2021-12-27
AST-001072,BANK-DMZ-01073,CSE-BANK-02,Banking,DATABASE,DMZ,LOW,Identity,IT-OPS,YES,NETWORK|WEB,2026-08-25T16:22:57Z,DEGRADED,EDR-Collector,DR,2026-03-11
AST-001073,BANK-DMZ-01074,CSE-BANK-02,Banking,WORKSTATION,DMZ,HIGH,Payments,APPSEC,YES,PRIVILEGE|WEB|DATABASE,2026-07-30T13:14:10Z,ACTIVE,EDR-Collector,PRODUCTION,2021-07-15
AST-001074,BANK-SCADA-01075,CSE-BANK-02,Banking,SERVER,SCADA,LOW,ATM Network,IT-OPS,YES,WEB|OT,2026-09-30T02:59:26Z,ACTIVE,Sentinel-Bridge,DR,2024-12-29
AST-001075,BANK-CORPORATE-01076,CSE-BANK-02,Banking,APPLICATION,CORPORATE,HIGH,Core Banking,NETSEC,YES,DATABASE|WEB|EXFILTRATION,2026-08-12T13:24:27Z,DEGRADED,Sentinel-Bridge,PRODUCTION,2022-03-23
AST-001076,BANK-CORPORATE-01077,CSE-BANK-02,Banking,SERVER,CORPORATE,LOW,Core Banking,OT-OPS,YES,NETWORK|WEB,2026-08-23T12:48:11Z,ACTIVE,Splunk-ES,STAGING,2023-04-16
AST-001077,BANK-CORPORATE-01078,CSE-BANK-02,Banking,SERVER,CORPORATE,MEDIUM,Payments,SOC,YES,EXFILTRATION|PRIVILEGE,2026-09-22T19:26:30Z,ACTIVE,Splunk-ES,DR,2025-11-01
AST-001078,BANK-DMZ-01079,CSE-BANK-02,Banking,WORKSTATION,DMZ,HIGH,Payments,SOC,YES,EXFILTRATION|DATABASE|NETWORK,2026-07-26T07:43:26Z,MISSING,QRadar-Archive,DR,2023-06-10
AST-001079,BANK-OT-01080,CSE-BANK-02,Banking,NETWORK_DEVICE,OT,HIGH,Identity,SOC,YES,AUTH|DATABASE|PRIVILEGE,2026-07-05T14:50:21Z,ACTIVE,Splunk-ES,PRODUCTION,2022-05-30
AST-001080,BANK-CORPORATE-01081,CSE-BANK-02,Banking,NETWORK_DEVICE,CORPORATE,CRITICAL,Payments,NETSEC,YES,NETWORK|DATABASE|OT,2026-09-05T01:36:42Z,ACTIVE,EDR-Collector,STAGING,2026-03-01
AST-001081,BANK-OT-01082,CSE-BANK-02,Banking,PLC,OT,CRITICAL,Identity,IT-OPS,YES,NETWORK|WEB|EXFILTRATION,2026-09-12T04:36:02Z,ACTIVE,QRadar-Archive,PRODUCTION,2021-05-05
AST-001082,BANK-OT-01083,CSE-BANK-02,Banking,WORKSTATION,OT,HIGH,ATM Network,IT-OPS,YES,PRIVILEGE|EXFILTRATION|ENDPOINT,2026-08-25T12:22:38Z,DEGRADED,QRadar-Archive,STAGING,2021-11-28
AST-001083,BANK-DMZ-01084,CSE-BANK-02,Banking,SERVER,DMZ,HIGH,ATM Network,APPSEC,YES,EXFILTRATION|DATABASE|OT,2026-09-21T06:20:06Z,ACTIVE,Sentinel-Bridge,STAGING,2021-09-06
AST-001084,BANK-OT-01085,CSE-BANK-02,Banking,APPLICATION,OT,HIGH,ATM Network,IT-OPS,YES,OT|WEB|NETWORK,2026-09-21T12:38:38Z,ACTIVE,Splunk-ES,DR,2023-10-12
AST-001085,BANK-SCADA-01086,CSE-BANK-02,Banking,NETWORK_DEVICE,SCADA,CRITICAL,Payments,OT-OPS,YES,OT|NETWORK|WEB,2026-08-20T10:16:10Z,DEGRADED,QRadar-Archive,STAGING,2020-04-26
AST-001086,BANK-CORPORATE-01087,CSE-BANK-02,Banking,APPLICATION,CORPORATE,HIGH,Core Banking,IT-OPS,YES,ENDPOINT|AUTH|DATABASE,2026-09-14T04:28:59Z,ACTIVE,Splunk-ES,DR,2024-08-25
AST-001087,BANK-OT-01088,CSE-BANK-02,Banking,PLC,OT,CRITICAL,Core Banking,IT-OPS,YES,NETWORK|ENDPOINT|PRIVILEGE,2026-09-10T15:33:54Z,ACTIVE,Splunk-ES,STAGING,2020-01-21
AST-001088,BANK-CORPORATE-01089,CSE-BANK-02,Banking,WORKSTATION,CORPORATE,CRITICAL,Payments,APPSEC,YES,OT|ENDPOINT|EXFILTRATION,2026-08-19T17:38:19Z,DEGRADED,Splunk-ES,DR,2024-04-12
AST-001089,BANK-OT-01090,CSE-BANK-02,Banking,PLC,OT,MEDIUM,Payments,NETSEC,YES,OT|DATABASE,2026-07-14T12:21:00Z,ACTIVE,Splunk-ES,DR,2024-12-31
AST-001090,BANK-DMZ-01091,CSE-BANK-02,Banking,DATABASE,DMZ,LOW,Identity,IT-OPS,YES,ENDPOINT|DATABASE,2026-09-23T07:12:38Z,ACTIVE,Splunk-ES,DR,2021-10-09
AST-001091,BANK-OT-01092,CSE-BANK-02,Banking,PLC,OT,MEDIUM,Core Banking,SOC,YES,DATABASE|OT,2026-08-20T09:24:00Z,ACTIVE,Splunk-ES,DR,2021-07-16
AST-001092,BANK-CORPORATE-01093,CSE-BANK-02,Banking,SERVER,CORPORATE,HIGH,Identity,IT-OPS,YES,AUTH|WEB|NETWORK,2026-08-31T05:41:53Z,ACTIVE,Splunk-ES,DR,2020-04-28
AST-001093,BANK-CORPORATE-01094,CSE-BANK-02,Banking,SERVER,CORPORATE,HIGH,ATM Network,APPSEC,YES,NETWORK|PRIVILEGE|DATABASE,2026-07-22T23:18:37Z,DEGRADED,QRadar-Archive,PRODUCTION,2022-10-19
AST-001094,BANK-CORPORATE-01095,CSE-BANK-02,Banking,NETWORK_DEVICE,CORPORATE,MEDIUM,Identity,NETSEC,YES,ENDPOINT|AUTH,2026-07-21T01:30:28Z,ACTIVE,EDR-Collector,PRODUCTION,2023-01-14
AST-001095,BANK-OT-01096,CSE-BANK-02,Banking,HMI,OT,HIGH,ATM Network,APPSEC,YES,PRIVILEGE|DATABASE|ENDPOINT,2026-08-20T17:17:05Z,ACTIVE,QRadar-Archive,STAGING,2024-12-31
AST-001096,BANK-DC-01097,CSE-BANK-02,Banking,SERVER,DC,LOW,ATM Network,OT-OPS,YES,EXFILTRATION|DATABASE,2026-08-10T07:57:31Z,ACTIVE,Splunk-ES,STAGING,2022-02-12
AST-001097,BANK-CORPORATE-01098,CSE-BANK-02,Banking,FIREWALL,CORPORATE,MEDIUM,Core Banking,OT-OPS,YES,EXFILTRATION|AUTH,2026-08-19T15:14:19Z,ACTIVE,QRadar-Archive,STAGING,2023-11-24
AST-001098,BANK-CORPORATE-01099,CSE-BANK-02,Banking,SERVER,CORPORATE,HIGH,Identity,SOC,YES,ENDPOINT|EXFILTRATION|AUTH,2026-09-18T13:41:14Z,ACTIVE,EDR-Collector,PRODUCTION,2025-10-07
AST-001099,BANK-DMZ-01100,CSE-BANK-02,Banking,APPLICATION,DMZ,LOW,Identity,APPSEC,YES,AUTH|DATABASE,2026-09-11T05:50:25Z,ACTIVE,Sentinel-Bridge,STAGING,2025-11-09
AST-001100,BANK-CORPORATE-01101,CSE-BANK-02,Banking,DATABASE,CORPORATE,MEDIUM,ATM Network,OT-OPS,YES,EXFILTRATION|AUTH,2026-08-09T19:12:27Z,ACTIVE,QRadar-Archive,STAGING,2025-12-23
AST-001101,BANK-DMZ-01102,CSE-BANK-02,Banking,WORKSTATION,DMZ,CRITICAL,Core Banking,APPSEC,YES,DATABASE|ENDPOINT|NETWORK,2026-07-29T00:53:11Z,ACTIVE,Splunk-ES,STAGING,2022-01-25
AST-001102,BANK-CORPORATE-01103,CSE-BANK-02,Banking,APPLICATION,CORPORATE,HIGH,Payments,SOC,YES,PRIVILEGE|EXFILTRATION|AUTH,2026-08-18T04:12:16Z,ACTIVE,EDR-Collector,PRODUCTION,2020-08-14
AST-001103,BANK-CORPORATE-01104,CSE-BANK-02,Banking,NETWORK_DEVICE,CORPORATE,HIGH,Identity,NETSEC,YES,WEB|PRIVILEGE|AUTH,2026-08-19T13:08:31Z,ACTIVE,Sentinel-Bridge,PRODUCTION,2024-09-30
AST-001104,BANK-DC-01105,CSE-BANK-02,Banking,NETWORK_DEVICE,DC,HIGH,Core Banking,IT-OPS,YES,EXFILTRATION|ENDPOINT|NETWORK,2026-09-04T13:07:22Z,MISSING,Splunk-ES,STAGING,2023-03-28
AST-001105,BANK-CORPORATE-01106,CSE-BANK-02,Banking,SERVER,CORPORATE,LOW,Identity,NETSEC,YES,NETWORK|PRIVILEGE,2026-07-15T23:52:32Z,ACTIVE,Splunk-ES,DR,2022-09-02
AST-001106,BANK-OT-01107,CSE-BANK-02,Banking,HMI,OT,MEDIUM,Identity,OT-OPS,YES,NETWORK|WEB,2026-09-10T06:28:01Z,ACTIVE,Sentinel-Bridge,DR,2020-10-02
AST-001107,BANK-CORPORATE-01108,CSE-BANK-02,Banking,NETWORK_DEVICE,CORPORATE,LOW,ATM Network,OT-OPS,YES,NETWORK|AUTH,2026-08-11T04:22:02Z,MISSING,EDR-Collector,STAGING,2024-08-27
AST-001108,BANK-OT-01109,CSE-BANK-02,Banking,WORKSTATION,OT,LOW,Payments,NETSEC,YES,NETWORK|DATABASE,2026-08-12T13:49:14Z,ACTIVE,Sentinel-Bridge,DR,2021-04-08
AST-001109,BANK-CORPORATE-01110,CSE-BANK-02,Banking,APPLICATION,CORPORATE,CRITICAL,ATM Network,NETSEC,YES,PRIVILEGE|EXFILTRATION|NETWORK,2026-09-16T21:12:24Z,ACTIVE,Splunk-ES,PRODUCTION,2021-11-23
AST-001110,BANK-CORPORATE-01111,CSE-BANK-02,Banking,SERVER,CORPORATE,CRITICAL,Identity,NETSEC,YES,OT|AUTH|EXFILTRATION,2026-09-25T07:44:01Z,ACTIVE,Splunk-ES,STAGING,2021-04-04
AST-001111,BANK-CORPORATE-01112,CSE-BANK-02,Banking,APPLICATION,CORPORATE,MEDIUM,ATM Network,NETSEC,YES,WEB|OT,2026-09-03T05:04:31Z,ACTIVE,Sentinel-Bridge,DR,2023-07-27
AST-001112,BANK-CORPORATE-01113,CSE-BANK-02,Banking,SERVER,CORPORATE,MEDIUM,Identity,APPSEC,YES,EXFILTRATION|NETWORK,2026-08-17T00:48:55Z,DEGRADED,EDR-Collector,DR,2024-03-25
AST-001113,BANK-CORPORATE-01114,CSE-BANK-02,Banking,WORKSTATION,CORPORATE,CRITICAL,Core Banking,IT-OPS,YES,NETWORK|DATABASE|OT,2026-07-10T06:28:38Z,ACTIVE,EDR-Collector,DR,2023-06-08
AST-001114,BANK-DC-01115,CSE-BANK-02,Banking,SERVER,DC,HIGH,Core Banking,NETSEC,YES,EXFILTRATION|WEB|NETWORK,2026-08-18T11:56:29Z,ACTIVE,Splunk-ES,PRODUCTION,2023-04-08
AST-001115,BANK-OT-01116,CSE-BANK-02,Banking,APPLICATION,OT,MEDIUM,Payments,NETSEC,YES,PRIVILEGE|AUTH,2026-08-21T00:01:15Z,ACTIVE,QRadar-Archive,DR,2023-08-02
AST-001116,BANK-CORPORATE-01117,CSE-BANK-02,Banking,WORKSTATION,CORPORATE,MEDIUM,Identity,SOC,YES,OT|DATABASE,2026-07-04T05:10:23Z,ACTIVE,Splunk-ES,PRODUCTION,2025-01-21
AST-001117,BANK-DMZ-01118,CSE-BANK-02,Banking,FIREWALL,DMZ,HIGH,Core Banking,SOC,YES,PRIVILEGE|NETWORK|OT,2026-09-30T02:14:14Z,ACTIVE,Sentinel-Bridge,STAGING,2024-10-21
AST-001118,BANK-CORPORATE-01119,CSE-BANK-02,Banking,SERVER,CORPORATE,LOW,Payments,OT-OPS,YES,AUTH|ENDPOINT,2026-07-10T06:46:50Z,DEGRADED,Splunk-ES,DR,2022-04-17
AST-001119,BANK-DC-01120,CSE-BANK-02,Banking,NETWORK_DEVICE,DC,MEDIUM,Identity,APPSEC,YES,EXFILTRATION|OT,2026-09-07T12:43:50Z,ACTIVE,Sentinel-Bridge,PRODUCTION,2023-08-03
AST-001120,BANK-CORPORATE-01121,CSE-BANK-02,Banking,WORKSTATION,CORPORATE,MEDIUM,Identity,IT-OPS,YES,DATABASE|EXFILTRATION,2026-09-25T07:33:38Z,ACTIVE,EDR-Collector,STAGING,2024-10-27
AST-001121,BANK-DC-01122,CSE-BANK-02,Banking,SERVER,DC,MEDIUM,Core Banking,SOC,YES,NETWORK|OT,2026-07-14T21:35:21Z,ACTIVE,Sentinel-Bridge,DR,2021-12-14
AST-001122,BANK-DC-01123,CSE-BANK-02,Banking,WORKSTATION,DC,LOW,Identity,APPSEC,YES,PRIVILEGE|AUTH,2026-08-17T03:45:54Z,MISSING,QRadar-Archive,DR,2026-02-03
AST-001123,BANK-OT-01124,CSE-BANK-02,Banking,PLC,OT,MEDIUM,Core Banking,NETSEC,YES,DATABASE|ENDPOINT,2026-08-18T08:01:44Z,ACTIVE,Sentinel-Bridge,STAGING,2026-03-13
AST-001124,BANK-DMZ-01125,CSE-BANK-02,Banking,NETWORK_DEVICE,DMZ,MEDIUM,ATM Network,APPSEC,YES,DATABASE|ENDPOINT,2026-07-29T21:41:53Z,ACTIVE,EDR-Collector,PRODUCTION,2021-07-21
AST-001125,BANK-CORPORATE-01126,CSE-BANK-02,Banking,FIREWALL,CORPORATE,HIGH,Core Banking,OT-OPS,YES,PRIVILEGE|OT|ENDPOINT,2026-08-30T02:51:27Z,ACTIVE,EDR-Collector,STAGING,2025-02-25
AST-001126,BANK-CORPORATE-01127,CSE-BANK-02,Banking,WORKSTATION,CORPORATE,CRITICAL,Payments,APPSEC,YES,PRIVILEGE|DATABASE|NETWORK,2026-07-07T15:20:25Z,DEGRADED,Sentinel-Bridge,STAGING,2019-12-30
AST-001127,BANK-OT-01128,CSE-BANK-02,Banking,NETWORK_DEVICE,OT,CRITICAL,Identity,NETSEC,YES,AUTH|DATABASE|ENDPOINT,2026-07-10T09:53:58Z,ACTIVE,QRadar-Archive,PRODUCTION,2024-03-28
AST-001128,BANK-DMZ-01129,CSE-BANK-02,Banking,SERVER,DMZ,LOW,Payments,SOC,YES,PRIVILEGE|DATABASE,2026-09-12T11:50:30Z,ACTIVE,QRadar-Archive,DR,2024-03-16
AST-001129,BANK-CORPORATE-01130,CSE-BANK-02,Banking,FIREWALL,CORPORATE,HIGH,Identity,APPSEC,YES,NETWORK|AUTH|OT,2026-07-18T19:33:42Z,ACTIVE,Sentinel-Bridge,DR,2024-11-18
AST-001130,BANK-CORPORATE-01131,CSE-BANK-02,Banking,DATABASE,CORPORATE,LOW,ATM Network,NETSEC,YES,EXFILTRATION|AUTH,2026-09-01T01:01:43Z,ACTIVE,Splunk-ES,DR,2021-09-11
AST-001131,BANK-DC-01132,CSE-BANK-02,Banking,WORKSTATION,DC,MEDIUM,Core Banking,SOC,YES,WEB|PRIVILEGE,2026-07-31T15:40:36Z,ACTIVE,Sentinel-Bridge,PRODUCTION,2024-11-20
AST-001132,BANK-DMZ-01133,CSE-BANK-02,Banking,NETWORK_DEVICE,DMZ,LOW,Core Banking,OT-OPS,YES,EXFILTRATION|WEB,2026-09-12T08:44:21Z,ACTIVE,QRadar-Archive,DR,2024-06-28
AST-001133,BANK-CORPORATE-01134,CSE-BANK-02,Banking,WORKSTATION,CORPORATE,HIGH,ATM Network,OT-OPS,YES,AUTH|OT|DATABASE,2026-09-16T23:02:02Z,ACTIVE,Sentinel-Bridge,PRODUCTION,2023-11-30
AST-001134,BANK-DMZ-01135,CSE-BANK-02,Banking,FIREWALL,DMZ,MEDIUM,Identity,IT-OPS,YES,PRIVILEGE|ENDPOINT,2026-09-11T03:46:52Z,ACTIVE,Sentinel-Bridge,DR,2025-05-02
AST-001135,BANK-CORPORATE-01136,CSE-BANK-02,Banking,SERVER,CORPORATE,HIGH,Core Banking,IT-OPS,YES,OT|AUTH|ENDPOINT,2026-07-31T01:55:09Z,ACTIVE,EDR-Collector,PRODUCTION,2025-03-21
AST-001136,BANK-CORPORATE-01137,CSE-BANK-02,Banking,APPLICATION,CORPORATE,HIGH,ATM Network,NETSEC,YES,EXFILTRATION|DATABASE|AUTH,2026-08-11T16:34:48Z,ACTIVE,EDR-Collector,PRODUCTION,2020-02-15
AST-001137,BANK-CORPORATE-01138,CSE-BANK-02,Banking,NETWORK_DEVICE,CORPORATE,HIGH,Identity,SOC,YES,WEB|PRIVILEGE|OT,2026-07-04T14:17:32Z,ACTIVE,Sentinel-Bridge,PRODUCTION,2024-07-21
AST-001138,BANK-SCADA-01139,CSE-BANK-02,Banking,SERVER,SCADA,CRITICAL,Payments,APPSEC,YES,PRIVILEGE|AUTH|NETWORK,2026-09-17T11:32:08Z,ACTIVE,QRadar-Archive,DR,2022-07-11
AST-001139,BANK-DC-01140,CSE-BANK-02,Banking,WORKSTATION,DC,LOW,Core Banking,SOC,YES,NETWORK|ENDPOINT,2026-09-23T05:24:10Z,ACTIVE,Sentinel-Bridge,DR,2023-01-01
AST-001140,BANK-SCADA-01141,CSE-BANK-02,Banking,WORKSTATION,SCADA,MEDIUM,Identity,NETSEC,YES,EXFILTRATION|AUTH,2026-07-06T01:34:39Z,DEGRADED,Sentinel-Bridge,DR,2021-09-28
AST-001141,BANK-DMZ-01142,CSE-BANK-02,Banking,WORKSTATION,DMZ,CRITICAL,Core Banking,NETSEC,YES,OT|ENDPOINT|AUTH,2026-09-10T12:55:00Z,ACTIVE,Splunk-ES,DR,2022-01-14
AST-001142,BANK-DMZ-01143,CSE-BANK-02,Banking,DATABASE,DMZ,LOW,Payments,APPSEC,YES,ENDPOINT|NETWORK,2026-07-01T19:53:57Z,ACTIVE,EDR-Collector,DR,2023-03-03
AST-001143,BANK-DC-01144,CSE-BANK-02,Banking,SERVER,DC,CRITICAL,Core Banking,IT-OPS,YES,AUTH|PRIVILEGE|WEB,2026-08-18T18:06:36Z,DEGRADED,Sentinel-Bridge,DR,2021-03-14
AST-001144,BANK-DMZ-01145,CSE-BANK-02,Banking,APPLICATION,DMZ,MEDIUM,ATM Network,APPSEC,YES,EXFILTRATION|PRIVILEGE,2026-08-12T17:36:31Z,ACTIVE,Sentinel-Bridge,STAGING,2020-08-10
AST-001145,BANK-OT-01146,CSE-BANK-02,Banking,PLC,OT,CRITICAL,ATM Network,SOC,YES,ENDPOINT|PRIVILEGE|EXFILTRATION,2026-09-05T23:59:59Z,ACTIVE,EDR-Collector,DR,2021-07-31
AST-001146,BANK-DC-01147,CSE-BANK-02,Banking,WORKSTATION,DC,MEDIUM,ATM Network,SOC,YES,WEB|ENDPOINT,2026-08-01T06:20:35Z,ACTIVE,QRadar-Archive,STAGING,2020-02-21
AST-001147,BANK-OT-01148,CSE-BANK-02,Banking,PLC,OT,MEDIUM,ATM Network,NETSEC,YES,PRIVILEGE|OT,2026-09-18T16:08:47Z,ACTIVE,EDR-Collector,PRODUCTION,2023-12-29
AST-001148,BANK-OT-01149,CSE-BANK-02,Banking,PLC,OT,LOW,Core Banking,APPSEC,YES,PRIVILEGE|OT,2026-09-02T04:49:05Z,ACTIVE,Splunk-ES,PRODUCTION,2025-02-07
AST-001149,BANK-DMZ-01150,CSE-BANK-02,Banking,WORKSTATION,DMZ,MEDIUM,Payments,APPSEC,YES,OT|WEB,2026-07-06T19:57:22Z,ACTIVE,Sentinel-Bridge,STAGING,2024-05-08
AST-001150,BANK-CORPORATE-01151,CSE-BANK-02,Banking,WORKSTATION,CORPORATE,MEDIUM,Payments,OT-OPS,YES,AUTH|DATABASE,2026-09-13T20:04:35Z,ACTIVE,EDR-Collector,STAGING,2020-04-03
AST-001151,BANK-OT-01152,CSE-BANK-02,Banking,HMI,OT,MEDIUM,ATM Network,SOC,YES,OT|ENDPOINT,2026-08-01T18:36:42Z,ACTIVE,Sentinel-Bridge,STAGING,2024-07-06
AST-001152,BANK-CORPORATE-01153,CSE-BANK-02,Banking,DATABASE,CORPORATE,MEDIUM,Identity,OT-OPS,YES,EXFILTRATION|AUTH,2026-07-14T18:26:24Z,ACTIVE,EDR-Collector,STAGING,2020-05-06
AST-001153,BANK-DMZ-01154,CSE-BANK-02,Banking,SERVER,DMZ,LOW,Identity,OT-OPS,YES,AUTH|ENDPOINT,2026-08-31T01:48:46Z,ACTIVE,EDR-Collector,DR,2021-02-10
AST-001154,BANK-OT-01155,CSE-BANK-02,Banking,PLC,OT,HIGH,ATM Network,NETSEC,YES,ENDPOINT|AUTH|PRIVILEGE,2026-07-08T05:46:13Z,ACTIVE,QRadar-Archive,STAGING,2023-03-08
AST-001155,BANK-DC-01156,CSE-BANK-02,Banking,SERVER,DC,MEDIUM,Identity,NETSEC,YES,DATABASE|OT,2026-09-02T06:52:13Z,ACTIVE,EDR-Collector,PRODUCTION,2023-10-08
AST-001156,BANK-DMZ-01157,CSE-BANK-02,Banking,SERVER,DMZ,MEDIUM,Core Banking,IT-OPS,YES,WEB|OT,2026-08-23T13:50:24Z,MISSING,EDR-Collector,PRODUCTION,2020-10-08
AST-001157,BANK-CORPORATE-01158,CSE-BANK-02,Banking,WORKSTATION,CORPORATE,CRITICAL,Payments,APPSEC,YES,WEB|EXFILTRATION|DATABASE,2026-08-22T15:44:03Z,ACTIVE,Splunk-ES,STAGING,2025-07-22
AST-001158,BANK-DC-01159,CSE-BANK-02,Banking,SERVER,DC,CRITICAL,Core Banking,SOC,YES,AUTH|EXFILTRATION|OT,2026-07-12T07:07:43Z,DEGRADED,QRadar-Archive,STAGING,2025-01-31
AST-001159,BANK-DMZ-01160,CSE-BANK-02,Banking,APPLICATION,DMZ,MEDIUM,Payments,SOC,YES,EXFILTRATION|PRIVILEGE,2026-07-31T06:46:12Z,ACTIVE,Sentinel-Bridge,PRODUCTION,2021-05-06
AST-001160,BANK-DC-01161,CSE-BANK-02,Banking,WORKSTATION,DC,CRITICAL,Core Banking,IT-OPS,YES,OT|AUTH|NETWORK,2026-09-18T19:10:15Z,ACTIVE,Sentinel-Bridge,STAGING,2022-04-30
AST-001161,BANK-DC-01162,CSE-BANK-02,Banking,SERVER,DC,HIGH,Core Banking,SOC,YES,EXFILTRATION|AUTH|PRIVILEGE,2026-07-29T10:06:40Z,ACTIVE,EDR-Collector,DR,2021-08-22
AST-001162,BANK-DC-01163,CSE-BANK-02,Banking,SERVER,DC,MEDIUM,ATM Network,APPSEC,YES,DATABASE|OT,2026-07-31T07:34:36Z,ACTIVE,Splunk-ES,DR,2024-06-13
AST-001163,BANK-OT-01164,CSE-BANK-02,Banking,NETWORK_DEVICE,OT,HIGH,Core Banking,NETSEC,YES,ENDPOINT|OT|EXFILTRATION,2026-08-26T04:29:05Z,ACTIVE,Splunk-ES,STAGING,2020-08-29
AST-001164,BANK-DC-01165,CSE-BANK-02,Banking,SERVER,DC,MEDIUM,Payments,IT-OPS,YES,OT|AUTH,2026-08-14T13:23:32Z,ACTIVE,Sentinel-Bridge,PRODUCTION,2021-03-02
AST-001165,BANK-OT-01166,CSE-BANK-02,Banking,PLC,OT,HIGH,Identity,SOC,YES,EXFILTRATION|PRIVILEGE|WEB,2026-09-22T20:49:08Z,DEGRADED,Splunk-ES,PRODUCTION,2024-05-02
AST-001166,BANK-OT-01167,CSE-BANK-02,Banking,DATABASE,OT,HIGH,Payments,IT-OPS,YES,AUTH|NETWORK|WEB,2026-09-15T23:28:01Z,ACTIVE,QRadar-Archive,DR,2024-09-24
AST-001167,BANK-DC-01168,CSE-BANK-02,Banking,DATABASE,DC,HIGH,ATM Network,IT-OPS,YES,EXFILTRATION|AUTH|PRIVILEGE,2026-07-19T10:50:08Z,ACTIVE,Sentinel-Bridge,PRODUCTION,2020-07-02
AST-001168,BANK-CORPORATE-01169,CSE-BANK-02,Banking,WORKSTATION,CORPORATE,HIGH,Identity,IT-OPS,YES,AUTH|ENDPOINT|DATABASE,2026-08-22T23:31:30Z,ACTIVE,EDR-Collector,PRODUCTION,2025-11-12
AST-001169,BANK-DMZ-01170,CSE-BANK-02,Banking,APPLICATION,DMZ,LOW,Core Banking,SOC,YES,OT|WEB,2026-07-15T13:05:00Z,ACTIVE,Sentinel-Bridge,DR,2021-11-20
AST-001170,BANK-DC-01171,CSE-BANK-02,Banking,NETWORK_DEVICE,DC,LOW,Identity,OT-OPS,YES,NETWORK|WEB,2026-08-02T05:51:30Z,ACTIVE,QRadar-Archive,PRODUCTION,2025-10-04
AST-001171,BANK-CORPORATE-01172,CSE-BANK-02,Banking,WORKSTATION,CORPORATE,HIGH,ATM Network,SOC,YES,AUTH|DATABASE|WEB,2026-09-30T15:50:43Z,ACTIVE,Sentinel-Bridge,PRODUCTION,2020-01-16
AST-001172,BANK-DMZ-01173,CSE-BANK-02,Banking,SERVER,DMZ,HIGH,Core Banking,APPSEC,YES,WEB|PRIVILEGE|OT,2026-08-26T07:00:40Z,ACTIVE,EDR-Collector,STAGING,2025-01-06
AST-001173,BANK-CORPORATE-01174,CSE-BANK-02,Banking,WORKSTATION,CORPORATE,MEDIUM,Payments,NETSEC,YES,AUTH|ENDPOINT,2026-08-16T21:07:58Z,ACTIVE,Sentinel-Bridge,DR,2021-11-14
AST-001174,BANK-OT-01175,CSE-BANK-02,Banking,NETWORK_DEVICE,OT,HIGH,Core Banking,OT-OPS,YES,ENDPOINT|PRIVILEGE|AUTH,2026-08-07T21:43:57Z,DEGRADED,Sentinel-Bridge,PRODUCTION,2026-01-24
AST-001175,BANK-CORPORATE-01176,CSE-BANK-02,Banking,FIREWALL,CORPORATE,MEDIUM,ATM Network,SOC,YES,OT|NETWORK,2026-07-15T13:13:15Z,ACTIVE,EDR-Collector,PRODUCTION,2025-10-04
AST-001176,BANK-DMZ-01177,CSE-BANK-02,Banking,APPLICATION,DMZ,HIGH,ATM Network,NETSEC,YES,PRIVILEGE|AUTH|ENDPOINT,2026-08-13T18:45:41Z,ACTIVE,Sentinel-Bridge,PRODUCTION,2021-02-21
AST-001177,BANK-OT-01178,CSE-BANK-02,Banking,HMI,OT,HIGH,ATM Network,IT-OPS,YES,DATABASE|EXFILTRATION|PRIVILEGE,2026-07-28T22:01:39Z,ACTIVE,EDR-Collector,DR,2020-01-10
AST-001178,BANK-CORPORATE-01179,CSE-BANK-02,Banking,NETWORK_DEVICE,CORPORATE,LOW,Identity,APPSEC,YES,WEB|DATABASE,2026-08-14T03:24:45Z,ACTIVE,Splunk-ES,STAGING,2025-01-29
AST-001179,BANK-CORPORATE-01180,CSE-BANK-02,Banking,WORKSTATION,CORPORATE,LOW,Payments,APPSEC,YES,OT|EXFILTRATION,2026-07-20T15:17:43Z,ACTIVE,QRadar-Archive,DR,2026-03-01
AST-001180,BANK-CORPORATE-01181,CSE-BANK-02,Banking,SERVER,CORPORATE,HIGH,Identity,NETSEC,YES,AUTH|PRIVILEGE|NETWORK,2026-09-04T01:49:00Z,ACTIVE,Splunk-ES,PRODUCTION,2024-02-12
AST-001181,BANK-CORPORATE-01182,CSE-BANK-02,Banking,WORKSTATION,CORPORATE,MEDIUM,ATM Network,SOC,YES,EXFILTRATION|OT,2026-07-08T07:59:11Z,ACTIVE,Splunk-ES,STAGING,2021-03-28
AST-001182,BANK-DMZ-01183,CSE-BANK-02,Banking,SERVER,DMZ,LOW,Core Banking,OT-OPS,YES,PRIVILEGE|ENDPOINT,2026-07-18T17:11:04Z,ACTIVE,EDR-Collector,STAGING,2024-11-16
AST-001183,BANK-CORPORATE-01184,CSE-BANK-02,Banking,FIREWALL,CORPORATE,LOW,ATM Network,APPSEC,YES,AUTH|OT,2026-09-24T00:57:07Z,ACTIVE,EDR-Collector,DR,2020-04-27
AST-001184,BANK-SCADA-01185,CSE-BANK-02,Banking,APPLICATION,SCADA,LOW,Identity,IT-OPS,YES,EXFILTRATION|OT,2026-08-31T14:22:07Z,ACTIVE,EDR-Collector,STAGING,2022-06-06
AST-001185,BANK-OT-01186,CSE-BANK-02,Banking,SERVER,OT,LOW,Payments,APPSEC,YES,AUTH|PRIVILEGE,2026-09-13T21:39:50Z,ACTIVE,Splunk-ES,STAGING,2023-12-15
AST-001186,BANK-CORPORATE-01187,CSE-BANK-02,Banking,WORKSTATION,CORPORATE,MEDIUM,ATM Network,SOC,YES,EXFILTRATION|OT,2026-07-18T06:43:09Z,ACTIVE,Splunk-ES,DR,2020-12-24
AST-001187,BANK-CORPORATE-01188,CSE-BANK-02,Banking,NETWORK_DEVICE,CORPORATE,HIGH,Core Banking,NETSEC,YES,EXFILTRATION|WEB|OT,2026-09-17T20:36:10Z,ACTIVE,EDR-Collector,PRODUCTION,2023-09-04
AST-001188,BANK-CORPORATE-01189,CSE-BANK-02,Banking,SERVER,CORPORATE,MEDIUM,Identity,OT-OPS,YES,NETWORK|EXFILTRATION,2026-07-29T03:12:56Z,ACTIVE,Splunk-ES,STAGING,2022-01-12
AST-001189,BANK-CORPORATE-01190,CSE-BANK-02,Banking,SERVER,CORPORATE,CRITICAL,Identity,APPSEC,YES,WEB|OT|DATABASE,2026-08-07T14:03:43Z,ACTIVE,EDR-Collector,DR,2021-02-25
AST-001190,BANK-CORPORATE-01191,CSE-BANK-02,Banking,APPLICATION,CORPORATE,MEDIUM,Identity,NETSEC,YES,AUTH|NETWORK,2026-08-25T22:26:09Z,ACTIVE,EDR-Collector,PRODUCTION,2024-01-17
AST-001191,BANK-CORPORATE-01192,CSE-BANK-02,Banking,NETWORK_DEVICE,CORPORATE,MEDIUM,Payments,APPSEC,YES,EXFILTRATION|OT,2026-09-27T21:46:43Z,ACTIVE,Splunk-ES,PRODUCTION,2023-03-26
AST-001192,BANK-CORPORATE-01193,CSE-BANK-02,Banking,FIREWALL,CORPORATE,MEDIUM,Identity,SOC,YES,EXFILTRATION|PRIVILEGE,2026-09-21T05:39:57Z,ACTIVE,QRadar-Archive,STAGING,2020-01-04
AST-001193,BANK-CORPORATE-01194,CSE-BANK-02,Banking,NETWORK_DEVICE,CORPORATE,HIGH,Core Banking,NETSEC,YES,WEB|PRIVILEGE|DATABASE,2026-07-01T13:06:19Z,ACTIVE,EDR-Collector,DR,2022-07-15
AST-001194,BANK-OT-01195,CSE-BANK-02,Banking,PLC,OT,MEDIUM,Core Banking,SOC,YES,OT|NETWORK,2026-08-25T09:40:11Z,ACTIVE,Sentinel-Bridge,PRODUCTION,2021-07-10
AST-001195,BANK-OT-01196,CSE-BANK-02,Banking,FIREWALL,OT,HIGH,ATM Network,OT-OPS,YES,NETWORK|EXFILTRATION|DATABASE,2026-07-15T17:14:21Z,ACTIVE,QRadar-Archive,PRODUCTION,2021-07-09
AST-001196,BANK-CORPORATE-01197,CSE-BANK-02,Banking,APPLICATION,CORPORATE,HIGH,Core Banking,OT-OPS,YES,WEB|AUTH|PRIVILEGE,2026-09-21T05:00:23Z,ACTIVE,Splunk-ES,DR,2020-02-13
AST-001197,BANK-DMZ-01198,CSE-BANK-02,Banking,SERVER,DMZ,HIGH,Identity,SOC,YES,WEB|ENDPOINT|AUTH,2026-09-30T13:42:26Z,ACTIVE,Sentinel-Bridge,PRODUCTION,2025-08-03
AST-001198,BANK-DMZ-01199,CSE-BANK-02,Banking,SERVER,DMZ,LOW,Core Banking,SOC,YES,EXFILTRATION|ENDPOINT,2026-09-13T19:09:14Z,ACTIVE,Sentinel-Bridge,PRODUCTION,2023-02-14
AST-001199,BANK-CORPORATE-01200,CSE-BANK-02,Banking,DATABASE,CORPORATE,LOW,Payments,SOC,YES,WEB|ENDPOINT,2026-08-20T14:56:35Z,ACTIVE,Splunk-ES,PRODUCTION,2023-02-23
AST-001200,BANK-DC-01201,CSE-BANK-02,Banking,APPLICATION,DC,LOW,Identity,IT-OPS,YES,NETWORK|DATABASE,2026-09-06T19:53:30Z,MISSING,Splunk-ES,STAGING,2020-01-05
AST-001201,BANK-CORPORATE-01202,CSE-BANK-02,Banking,SERVER,CORPORATE,MEDIUM,ATM Network,OT-OPS,YES,WEB|PRIVILEGE,2026-08-28T19:40:55Z,MISSING,EDR-Collector,DR,2025-11-19
AST-001202,BANK-CORPORATE-01203,CSE-BANK-02,Banking,SERVER,CORPORATE,MEDIUM,Identity,NETSEC,YES,ENDPOINT|WEB,2026-07-17T19:16:28Z,ACTIVE,Sentinel-Bridge,PRODUCTION,2022-05-20
AST-001203,BANK-DMZ-01204,CSE-BANK-02,Banking,SERVER,DMZ,CRITICAL,Payments,SOC,YES,AUTH|NETWORK|EXFILTRATION,2026-07-20T11:12:36Z,ACTIVE,Splunk-ES,DR,2022-06-13
AST-001204,BANK-CORPORATE-01205,CSE-BANK-02,Banking,SERVER,CORPORATE,HIGH,Identity,OT-OPS,YES,AUTH|PRIVILEGE|OT,2026-09-07T08:43:22Z,ACTIVE,Sentinel-Bridge,PRODUCTION,2025-05-09
AST-001205,BANK-DMZ-01206,CSE-BANK-02,Banking,WORKSTATION,DMZ,CRITICAL,Payments,SOC,YES,EXFILTRATION|AUTH|ENDPOINT,2026-08-02T06:18:07Z,ACTIVE,Splunk-ES,PRODUCTION,2023-11-18
AST-001206,BANK-OT-01207,CSE-BANK-02,Banking,PLC,OT,HIGH,ATM Network,OT-OPS,YES,WEB|PRIVILEGE|OT,2026-08-06T06:50:33Z,ACTIVE,QRadar-Archive,PRODUCTION,2020-12-05
AST-001207,BANK-SCADA-01208,CSE-BANK-02,Banking,WORKSTATION,SCADA,MEDIUM,Payments,OT-OPS,YES,DATABASE|NETWORK,2026-09-09T14:38:33Z,ACTIVE,QRadar-Archive,DR,2020-02-25
AST-001208,BANK-SCADA-01209,CSE-BANK-02,Banking,WORKSTATION,SCADA,HIGH,Core Banking,OT-OPS,YES,WEB|NETWORK|EXFILTRATION,2026-09-07T03:38:32Z,DEGRADED,Sentinel-Bridge,STAGING,2021-07-22
AST-001209,BANK-CORPORATE-01210,CSE-BANK-02,Banking,NETWORK_DEVICE,CORPORATE,CRITICAL,Identity,OT-OPS,YES,EXFILTRATION|AUTH|PRIVILEGE,2026-09-15T11:43:54Z,ACTIVE,EDR-Collector,DR,2022-07-12
AST-001210,BANK-CORPORATE-01211,CSE-BANK-02,Banking,DATABASE,CORPORATE,LOW,Core Banking,OT-OPS,YES,OT|AUTH,2026-08-15T23:55:55Z,ACTIVE,EDR-Collector,STAGING,2024-05-26
AST-001211,BANK-OT-01212,CSE-BANK-02,Banking,SERVER,OT,HIGH,ATM Network,IT-OPS,YES,EXFILTRATION|PRIVILEGE|AUTH,2026-07-25T05:40:47Z,ACTIVE,Splunk-ES,PRODUCTION,2024-07-22
AST-001212,BANK-CORPORATE-01213,CSE-BANK-02,Banking,SERVER,CORPORATE,MEDIUM,Payments,IT-OPS,YES,ENDPOINT|DATABASE,2026-08-26T02:52:35Z,ACTIVE,Sentinel-Bridge,DR,2025-08-05
AST-001213,BANK-DC-01214,CSE-BANK-02,Banking,DATABASE,DC,MEDIUM,Payments,SOC,YES,DATABASE|WEB,2026-08-20T00:49:31Z,DEGRADED,QRadar-Archive,PRODUCTION,2024-04-21
AST-001214,BANK-OT-01215,CSE-BANK-02,Banking,DATABASE,OT,LOW,Payments,OT-OPS,YES,ENDPOINT|EXFILTRATION,2026-08-24T07:56:15Z,ACTIVE,Sentinel-Bridge,PRODUCTION,2021-11-15
AST-001215,BANK-CORPORATE-01216,CSE-BANK-02,Banking,WORKSTATION,CORPORATE,MEDIUM,Payments,NETSEC,YES,WEB|DATABASE,2026-08-06T19:08:00Z,ACTIVE,QRadar-Archive,STAGING,2023-08-12
AST-001216,BANK-DC-01217,CSE-BANK-02,Banking,SERVER,DC,CRITICAL,Core Banking,NETSEC,YES,EXFILTRATION|DATABASE|WEB,2026-07-10T01:48:30Z,ACTIVE,Sentinel-Bridge,STAGING,2021-09-28
AST-001217,BANK-CORPORATE-01218,CSE-BANK-02,Banking,APPLICATION,CORPORATE,MEDIUM,Payments,SOC,YES,OT|AUTH,2026-09-27T02:18:01Z,ACTIVE,QRadar-Archive,DR,2021-01-16
AST-001218,BANK-DC-01219,CSE-BANK-02,Banking,WORKSTATION,DC,HIGH,Core Banking,SOC,YES,DATABASE|PRIVILEGE|OT,2026-07-16T21:29:01Z,ACTIVE,Sentinel-Bridge,STAGING,2021-12-22
AST-001219,BANK-CORPORATE-01220,CSE-BANK-02,Banking,WORKSTATION,CORPORATE,LOW,Core Banking,SOC,YES,PRIVILEGE|ENDPOINT,2026-09-19T08:33:35Z,ACTIVE,QRadar-Archive,STAGING,2023-08-19
AST-001220,BANK-CORPORATE-01221,CSE-BANK-02,Banking,APPLICATION,CORPORATE,HIGH,Identity,OT-OPS,YES,NETWORK|ENDPOINT|AUTH,2026-07-22T12:49:29Z,ACTIVE,QRadar-Archive,STAGING,2021-07-20
AST-001221,BANK-CORPORATE-01222,CSE-BANK-02,Banking,SERVER,CORPORATE,HIGH,Identity,OT-OPS,YES,AUTH|OT|WEB,2026-09-20T12:41:52Z,ACTIVE,EDR-Collector,PRODUCTION,2025-04-17
AST-001222,BANK-DMZ-01223,CSE-BANK-02,Banking,WORKSTATION,DMZ,MEDIUM,ATM Network,APPSEC,YES,DATABASE|PRIVILEGE,2026-09-19T08:31:48Z,ACTIVE,Sentinel-Bridge,DR,2021-05-17
AST-001223,BANK-DMZ-01224,CSE-BANK-02,Banking,SERVER,DMZ,MEDIUM,Payments,APPSEC,YES,NETWORK|OT,2026-07-19T20:13:41Z,ACTIVE,EDR-Collector,PRODUCTION,2025-04-17
AST-001224,BANK-SCADA-01225,CSE-BANK-02,Banking,APPLICATION,SCADA,MEDIUM,Payments,OT-OPS,YES,EXFILTRATION|DATABASE,2026-09-25T00:03:03Z,ACTIVE,Sentinel-Bridge,DR,2024-08-01
AST-001225,BANK-OT-01226,CSE-BANK-02,Banking,HMI,OT,MEDIUM,Payments,APPSEC,YES,NETWORK|WEB,2026-08-03T11:44:54Z,ACTIVE,Splunk-ES,STAGING,2021-05-09
AST-001226,BANK-CORPORATE-01227,CSE-BANK-02,Banking,WORKSTATION,CORPORATE,HIGH,Identity,APPSEC,YES,AUTH|WEB|ENDPOINT,2026-08-14T06:15:09Z,ACTIVE,Splunk-ES,STAGING,2025-11-20
AST-001227,BANK-CORPORATE-01228,CSE-BANK-02,Banking,NETWORK_DEVICE,CORPORATE,HIGH,Payments,SOC,YES,DATABASE|OT|WEB,2026-07-02T19:42:30Z,ACTIVE,Sentinel-Bridge,PRODUCTION,2025-07-05
AST-001228,BANK-DC-01229,CSE-BANK-02,Banking,NETWORK_DEVICE,DC,LOW,ATM Network,IT-OPS,YES,WEB|DATABASE,2026-07-30T18:48:59Z,ACTIVE,Sentinel-Bridge,PRODUCTION,2023-11-20
AST-001229,BANK-DC-01230,CSE-BANK-02,Banking,WORKSTATION,DC,LOW,Identity,SOC,YES,DATABASE|EXFILTRATION,2026-08-24T00:49:31Z,ACTIVE,Sentinel-Bridge,PRODUCTION,2021-12-09
AST-001230,BANK-DMZ-01231,CSE-BANK-02,Banking,SERVER,DMZ,LOW,Identity,OT-OPS,YES,AUTH|EXFILTRATION,2026-08-15T21:11:22Z,ACTIVE,Splunk-ES,PRODUCTION,2022-07-12
AST-001231,BANK-CORPORATE-01232,CSE-BANK-02,Banking,NETWORK_DEVICE,CORPORATE,LOW,Payments,NETSEC,YES,ENDPOINT|DATABASE,2026-07-03T09:56:29Z,ACTIVE,EDR-Collector,DR,2020-01-28
AST-001232,BANK-OT-01233,CSE-BANK-02,Banking,APPLICATION,OT,HIGH,Identity,SOC,YES,AUTH|NETWORK|EXFILTRATION,2026-09-23T11:23:27Z,ACTIVE,Sentinel-Bridge,DR,2022-09-13
AST-001233,BANK-SCADA-01234,CSE-BANK-02,Banking,NETWORK_DEVICE,SCADA,HIGH,Core Banking,SOC,YES,EXFILTRATION|WEB|OT,2026-08-01T22:46:03Z,ACTIVE,QRadar-Archive,PRODUCTION,2020-01-22
AST-001234,BANK-CORPORATE-01235,CSE-BANK-02,Banking,DATABASE,CORPORATE,CRITICAL,Core Banking,SOC,YES,OT|NETWORK|AUTH,2026-07-18T08:43:03Z,ACTIVE,Sentinel-Bridge,DR,2022-09-14
AST-001235,BANK-DC-01236,CSE-BANK-02,Banking,NETWORK_DEVICE,DC,MEDIUM,Core Banking,IT-OPS,YES,ENDPOINT|EXFILTRATION,2026-09-27T12:30:15Z,ACTIVE,EDR-Collector,PRODUCTION,2025-02-24
AST-001236,BANK-OT-01237,CSE-BANK-02,Banking,HMI,OT,HIGH,Core Banking,OT-OPS,YES,ENDPOINT|EXFILTRATION|DATABASE,2026-09-20T03:23:50Z,ACTIVE,Splunk-ES,DR,2020-10-30
AST-001237,BANK-DC-01238,CSE-BANK-02,Banking,APPLICATION,DC,HIGH,ATM Network,SOC,YES,DATABASE|PRIVILEGE|WEB,2026-09-08T12:05:40Z,ACTIVE,Sentinel-Bridge,PRODUCTION,2024-09-30
AST-001238,BANK-OT-01239,CSE-BANK-02,Banking,FIREWALL,OT,LOW,ATM Network,IT-OPS,YES,DATABASE|OT,2026-07-10T19:49:27Z,ACTIVE,Sentinel-Bridge,PRODUCTION,2024-02-03
AST-001239,BANK-SCADA-01240,CSE-BANK-02,Banking,SERVER,SCADA,MEDIUM,Payments,IT-OPS,YES,AUTH|NETWORK,2026-08-20T14:20:36Z,MISSING,QRadar-Archive,STAGING,2025-10-12
AST-001240,BANK-CORPORATE-01241,CSE-BANK-02,Banking,SERVER,CORPORATE,HIGH,Identity,SOC,YES,PRIVILEGE|EXFILTRATION|DATABASE,2026-08-20T07:12:56Z,ACTIVE,Sentinel-Bridge,DR,2024-03-21
AST-001241,BANK-DC-01242,CSE-BANK-02,Banking,DATABASE,DC,LOW,Identity,SOC,YES,PRIVILEGE|OT,2026-09-14T20:12:03Z,ACTIVE,EDR-Collector,DR,2021-11-07
AST-001242,BANK-CORPORATE-01243,CSE-BANK-02,Banking,NETWORK_DEVICE,CORPORATE,HIGH,Payments,APPSEC,YES,WEB|OT|ENDPOINT,2026-09-30T20:36:25Z,ACTIVE,EDR-Collector,PRODUCTION,2025-02-15
AST-001243,BANK-DC-01244,CSE-BANK-02,Banking,NETWORK_DEVICE,DC,HIGH,Identity,OT-OPS,YES,EXFILTRATION|PRIVILEGE|WEB,2026-08-10T18:22:31Z,ACTIVE,Splunk-ES,PRODUCTION,2022-04-05
AST-001244,BANK-CORPORATE-01245,CSE-BANK-02,Banking,SERVER,CORPORATE,CRITICAL,Core Banking,IT-OPS,YES,NETWORK|ENDPOINT|OT,2026-07-19T12:09:25Z,ACTIVE,Sentinel-Bridge,PRODUCTION,2021-08-14
AST-001245,BANK-SCADA-01246,CSE-BANK-02,Banking,NETWORK_DEVICE,SCADA,MEDIUM,ATM Network,IT-OPS,YES,ENDPOINT|AUTH,2026-08-29T15:08:42Z,ACTIVE,EDR-Collector,DR,2021-07-24
AST-001246,BANK-DMZ-01247,CSE-BANK-02,Banking,SERVER,DMZ,MEDIUM,Identity,APPSEC,YES,DATABASE|WEB,2026-07-31T02:07:11Z,ACTIVE,Splunk-ES,DR,2025-07-26
AST-001247,BANK-SCADA-01248,CSE-BANK-02,Banking,SERVER,SCADA,LOW,Core Banking,IT-OPS,YES,PRIVILEGE|DATABASE,2026-07-22T20:31:02Z,ACTIVE,EDR-Collector,PRODUCTION,2020-07-20
AST-001248,BANK-CORPORATE-01249,CSE-BANK-02,Banking,SERVER,CORPORATE,LOW,Core Banking,SOC,YES,DATABASE|ENDPOINT,2026-07-02T01:50:34Z,ACTIVE,Splunk-ES,STAGING,2025-11-17
AST-001249,BANK-CORPORATE-01250,CSE-BANK-02,Banking,WORKSTATION,CORPORATE,HIGH,Identity,IT-OPS,YES,ENDPOINT|EXFILTRATION|PRIVILEGE,2026-08-08T21:14:40Z,ACTIVE,Splunk-ES,DR,2022-06-29
AST-001250,BANK-DC-01251,CSE-BANK-02,Banking,FIREWALL,DC,MEDIUM,Identity,NETSEC,YES,AUTH|WEB,2026-07-11T22:41:42Z,ACTIVE,Splunk-ES,STAGING,2020-08-22
AST-001251,BANK-CORPORATE-01252,CSE-BANK-02,Banking,WORKSTATION,CORPORATE,MEDIUM,ATM Network,APPSEC,YES,WEB|EXFILTRATION,2026-07-26T17:09:55Z,ACTIVE,Splunk-ES,DR,2022-11-22
AST-001252,BANK-DC-01253,CSE-BANK-02,Banking,APPLICATION,DC,MEDIUM,Core Banking,IT-OPS,YES,NETWORK|OT,2026-08-26T11:35:53Z,ACTIVE,Splunk-ES,PRODUCTION,2023-05-12
AST-001253,BANK-OT-01254,CSE-BANK-02,Banking,WORKSTATION,OT,HIGH,Payments,APPSEC,YES,NETWORK|ENDPOINT|OT,2026-07-08T15:32:32Z,DEGRADED,Splunk-ES,PRODUCTION,2022-07-13
AST-001254,BANK-OT-01255,CSE-BANK-02,Banking,PLC,OT,HIGH,ATM Network,APPSEC,YES,AUTH|EXFILTRATION|ENDPOINT,2026-08-19T21:29:08Z,DEGRADED,EDR-Collector,PRODUCTION,2025-09-01
AST-001255,BANK-SCADA-01256,CSE-BANK-02,Banking,NETWORK_DEVICE,SCADA,MEDIUM,Core Banking,SOC,YES,WEB|OT,2026-08-07T04:06:47Z,ACTIVE,Sentinel-Bridge,STAGING,2020-12-31
AST-001256,BANK-DC-01257,CSE-BANK-02,Banking,DATABASE,DC,MEDIUM,Identity,SOC,YES,OT|NETWORK,2026-08-05T09:41:40Z,ACTIVE,Sentinel-Bridge,STAGING,2023-06-24
AST-001257,BANK-DC-01258,CSE-BANK-02,Banking,APPLICATION,DC,HIGH,Payments,SOC,YES,PRIVILEGE|WEB|AUTH,2026-08-06T21:42:31Z,ACTIVE,EDR-Collector,STAGING,2020-02-05
AST-001258,BANK-SCADA-01259,CSE-BANK-02,Banking,WORKSTATION,SCADA,HIGH,Core Banking,OT-OPS,YES,PRIVILEGE|DATABASE|NETWORK,2026-08-31T11:04:52Z,ACTIVE,QRadar-Archive,DR,2021-08-01
AST-001259,BANK-DMZ-01260,CSE-BANK-02,Banking,FIREWALL,DMZ,LOW,Identity,APPSEC,YES,PRIVILEGE|WEB,2026-08-05T09:44:10Z,ACTIVE,QRadar-Archive,DR,2025-10-21
AST-001260,BANK-DMZ-01261,CSE-BANK-02,Banking,SERVER,DMZ,LOW,ATM Network,SOC,YES,NETWORK|OT,2026-07-17T05:12:46Z,ACTIVE,Sentinel-Bridge,PRODUCTION,2020-12-10
AST-001261,BANK-CORPORATE-01262,CSE-BANK-02,Banking,SERVER,CORPORATE,LOW,Identity,OT-OPS,YES,EXFILTRATION|DATABASE,2026-07-08T17:51:44Z,ACTIVE,EDR-Collector,PRODUCTION,2024-01-29
AST-001262,BANK-DMZ-01263,CSE-BANK-02,Banking,APPLICATION,DMZ,HIGH,Payments,OT-OPS,YES,AUTH|WEB|DATABASE,2026-07-20T00:20:19Z,ACTIVE,QRadar-Archive,DR,2023-07-29
AST-001263,BANK-CORPORATE-01264,CSE-BANK-02,Banking,WORKSTATION,CORPORATE,MEDIUM,Payments,NETSEC,YES,DATABASE|PRIVILEGE,2026-09-21T05:18:52Z,ACTIVE,QRadar-Archive,STAGING,2021-02-16
AST-001264,BANK-CORPORATE-01265,CSE-BANK-02,Banking,SERVER,CORPORATE,HIGH,ATM Network,APPSEC,YES,EXFILTRATION|DATABASE|WEB,2026-08-24T07:21:34Z,ACTIVE,QRadar-Archive,STAGING,2023-06-26
AST-001265,BANK-CORPORATE-01266,CSE-BANK-02,Banking,APPLICATION,CORPORATE,LOW,Core Banking,NETSEC,YES,OT|ENDPOINT,2026-09-01T21:12:13Z,ACTIVE,Sentinel-Bridge,STAGING,2025-05-26
AST-001266,BANK-CORPORATE-01267,CSE-BANK-02,Banking,APPLICATION,CORPORATE,MEDIUM,Identity,IT-OPS,YES,AUTH|OT,2026-08-04T03:33:12Z,ACTIVE,Sentinel-Bridge,STAGING,2024-06-03
AST-001267,BANK-CORPORATE-01268,CSE-BANK-02,Banking,DATABASE,CORPORATE,CRITICAL,Core Banking,IT-OPS,YES,WEB|AUTH|ENDPOINT,2026-08-26T12:19:47Z,ACTIVE,Splunk-ES,STAGING,2024-04-13
AST-001268,BANK-OT-01269,CSE-BANK-02,Banking,WORKSTATION,OT,MEDIUM,ATM Network,IT-OPS,YES,EXFILTRATION|PRIVILEGE,2026-08-28T07:21:18Z,ACTIVE,QRadar-Archive,STAGING,2020-02-03
AST-001269,BANK-CORPORATE-01270,CSE-BANK-02,Banking,SERVER,CORPORATE,MEDIUM,ATM Network,OT-OPS,YES,NETWORK|OT,2026-09-02T06:06:52Z,ACTIVE,Sentinel-Bridge,PRODUCTION,2025-02-02
AST-001270,BANK-OT-01271,CSE-BANK-02,Banking,NETWORK_DEVICE,OT,MEDIUM,Payments,OT-OPS,YES,PRIVILEGE|EXFILTRATION,2026-07-10T12:39:09Z,ACTIVE,Sentinel-Bridge,PRODUCTION,2023-11-19
AST-001271,BANK-DMZ-01272,CSE-BANK-02,Banking,SERVER,DMZ,HIGH,Identity,NETSEC,YES,PRIVILEGE|EXFILTRATION|OT,2026-09-04T13:46:56Z,ACTIVE,EDR-Collector,PRODUCTION,2020-05-21
AST-001272,BANK-DC-01273,CSE-BANK-02,Banking,WORKSTATION,DC,LOW,Payments,OT-OPS,YES,NETWORK|DATABASE,2026-07-31T03:09:44Z,ACTIVE,Splunk-ES,STAGING,2020-03-25
AST-001273,BANK-OT-01274,CSE-BANK-02,Banking,WORKSTATION,OT,HIGH,Payments,SOC,YES,AUTH|PRIVILEGE|NETWORK,2026-09-30T04:08:36Z,ACTIVE,QRadar-Archive,STAGING,2021-02-20
AST-001274,BANK-OT-01275,CSE-BANK-02,Banking,SERVER,OT,MEDIUM,Identity,APPSEC,YES,PRIVILEGE|ENDPOINT,2026-08-05T11:42:54Z,ACTIVE,Sentinel-Bridge,DR,2021-06-28
AST-001275,BANK-DMZ-01276,CSE-BANK-02,Banking,SERVER,DMZ,LOW,Identity,OT-OPS,YES,EXFILTRATION|AUTH,2026-07-24T15:52:47Z,ACTIVE,Splunk-ES,STAGING,2023-04-15
AST-001276,BANK-DMZ-01277,CSE-BANK-02,Banking,NETWORK_DEVICE,DMZ,LOW,ATM Network,APPSEC,YES,DATABASE|NETWORK,2026-07-02T02:52:56Z,ACTIVE,EDR-Collector,PRODUCTION,2020-03-03
AST-001277,BANK-DMZ-01278,CSE-BANK-02,Banking,SERVER,DMZ,HIGH,Payments,APPSEC,YES,DATABASE|PRIVILEGE|ENDPOINT,2026-09-12T07:24:14Z,ACTIVE,Splunk-ES,DR,2024-09-24
AST-001278,BANK-OT-01279,CSE-BANK-02,Banking,NETWORK_DEVICE,OT,MEDIUM,Core Banking,SOC,YES,DATABASE|WEB,2026-09-12T21:24:16Z,ACTIVE,EDR-Collector,PRODUCTION,2024-08-01
AST-001279,BANK-CORPORATE-01280,CSE-BANK-02,Banking,WORKSTATION,CORPORATE,HIGH,Core Banking,OT-OPS,YES,PRIVILEGE|NETWORK|OT,2026-09-18T13:52:40Z,ACTIVE,Splunk-ES,STAGING,2024-05-31
AST-001280,BANK-DC-01281,CSE-BANK-02,Banking,FIREWALL,DC,HIGH,ATM Network,OT-OPS,YES,AUTH|DATABASE|ENDPOINT,2026-09-29T07:51:18Z,ACTIVE,Splunk-ES,DR,2024-06-20
AST-001281,BANK-CORPORATE-01282,CSE-BANK-02,Banking,SERVER,CORPORATE,LOW,Core Banking,SOC,YES,OT|DATABASE,2026-07-01T23:38:13Z,DEGRADED,EDR-Collector,DR,2022-10-10
AST-001282,BANK-CORPORATE-01283,CSE-BANK-02,Banking,SERVER,CORPORATE,MEDIUM,ATM Network,SOC,YES,ENDPOINT|NETWORK,2026-08-14T19:10:44Z,ACTIVE,Splunk-ES,PRODUCTION,2025-07-06
AST-001283,BANK-DC-01284,CSE-BANK-02,Banking,APPLICATION,DC,MEDIUM,Identity,IT-OPS,YES,PRIVILEGE|DATABASE,2026-09-15T08:36:09Z,ACTIVE,Splunk-ES,STAGING,2022-05-27
AST-001284,BANK-DMZ-01285,CSE-BANK-02,Banking,SERVER,DMZ,HIGH,Payments,APPSEC,YES,WEB|OT|NETWORK,2026-08-04T15:33:08Z,ACTIVE,Splunk-ES,STAGING,2023-10-15
AST-001285,BANK-CORPORATE-01286,CSE-BANK-02,Banking,FIREWALL,CORPORATE,MEDIUM,Core Banking,NETSEC,YES,PRIVILEGE|ENDPOINT,2026-08-11T02:43:28Z,ACTIVE,QRadar-Archive,PRODUCTION,2021-05-02
AST-001286,BANK-OT-01287,CSE-BANK-02,Banking,PLC,OT,HIGH,Core Banking,OT-OPS,YES,NETWORK|EXFILTRATION|OT,2026-08-11T11:27:31Z,ACTIVE,Sentinel-Bridge,DR,2021-06-03
AST-001287,BANK-SCADA-01288,CSE-BANK-02,Banking,SERVER,SCADA,MEDIUM,Identity,OT-OPS,YES,EXFILTRATION|PRIVILEGE,2026-07-31T19:50:57Z,MISSING,Splunk-ES,STAGING,2023-07-28
AST-001288,BANK-OT-01289,CSE-BANK-02,Banking,HMI,OT,HIGH,ATM Network,IT-OPS,YES,WEB|NETWORK|ENDPOINT,2026-08-20T08:13:32Z,ACTIVE,Sentinel-Bridge,PRODUCTION,2024-05-16
AST-001289,BANK-DMZ-01290,CSE-BANK-02,Banking,SERVER,DMZ,HIGH,Identity,SOC,YES,WEB|AUTH|ENDPOINT,2026-09-24T22:08:45Z,ACTIVE,QRadar-Archive,PRODUCTION,2021-09-21
AST-001290,BANK-DC-01291,CSE-BANK-02,Banking,SERVER,DC,CRITICAL,Identity,NETSEC,YES,ENDPOINT|PRIVILEGE|WEB,2026-09-27T09:09:19Z,ACTIVE,QRadar-Archive,STAGING,2023-10-11
AST-001291,BANK-OT-01292,CSE-BANK-02,Banking,SERVER,OT,HIGH,Identity,NETSEC,YES,AUTH|EXFILTRATION|PRIVILEGE,2026-08-26T22:51:10Z,ACTIVE,QRadar-Archive,DR,2022-07-20
AST-001292,BANK-OT-01293,CSE-BANK-02,Banking,PLC,OT,CRITICAL,Payments,OT-OPS,YES,EXFILTRATION|WEB|DATABASE,2026-08-07T02:45:53Z,ACTIVE,EDR-Collector,STAGING,2023-05-31
AST-001293,BANK-CORPORATE-01294,CSE-BANK-02,Banking,SERVER,CORPORATE,CRITICAL,Core Banking,IT-OPS,YES,NETWORK|PRIVILEGE|EXFILTRATION,2026-08-17T13:53:37Z,ACTIVE,QRadar-Archive,STAGING,2024-04-29
AST-001294,BANK-DMZ-01295,CSE-BANK-02,Banking,SERVER,DMZ,CRITICAL,Payments,IT-OPS,YES,WEB|PRIVILEGE|DATABASE,2026-09-07T23:59:59Z,ACTIVE,Splunk-ES,STAGING,2022-03-30
AST-001295,BANK-DC-01296,CSE-BANK-02,Banking,FIREWALL,DC,HIGH,Payments,SOC,YES,AUTH|EXFILTRATION|WEB,2026-07-29T17:09:47Z,ACTIVE,Splunk-ES,PRODUCTION,2025-04-27
AST-001296,BANK-OT-01297,CSE-BANK-02,Banking,NETWORK_DEVICE,OT,MEDIUM,ATM Network,APPSEC,YES,DATABASE|NETWORK,2026-08-28T16:45:39Z,MISSING,QRadar-Archive,DR,2024-08-13
AST-001297,BANK-SCADA-01298,CSE-BANK-02,Banking,SERVER,SCADA,HIGH,ATM Network,OT-OPS,YES,DATABASE|ENDPOINT|PRIVILEGE,2026-07-21T14:21:39Z,ACTIVE,Sentinel-Bridge,PRODUCTION,2022-01-17
AST-001298,BANK-DMZ-01299,CSE-BANK-02,Banking,WORKSTATION,DMZ,MEDIUM,Payments,OT-OPS,YES,DATABASE|WEB,2026-07-27T14:58:14Z,ACTIVE,EDR-Collector,DR,2023-10-15
AST-001299,BANK-DMZ-01300,CSE-BANK-02,Banking,DATABASE,DMZ,CRITICAL,ATM Network,NETSEC,YES,AUTH|PRIVILEGE|NETWORK,2026-08-02T16:03:13Z,ACTIVE,QRadar-Archive,PRODUCTION,2022-01-01
AST-001300,BANK-DC-01301,CSE-BANK-02,Banking,SERVER,DC,LOW,Identity,IT-OPS,YES,PRIVILEGE|DATABASE,2026-08-07T00:12:52Z,DEGRADED,Splunk-ES,DR,2025-03-09
AST-001301,TELE-OT-01302,CSE-TELECOM-03,Telecom,DATABASE,OT,LOW,IMS,SOC,YES,PRIVILEGE|WEB,2026-09-10T06:35:43Z,ACTIVE,QRadar-Archive,PRODUCTION,2020-07-30
AST-001302,TELE-CORPORATE-01303,CSE-TELECOM-03,Telecom,SERVER,CORPORATE,MEDIUM,Identity,SOC,YES,NETWORK|EXFILTRATION,2026-08-04T16:19:31Z,ACTIVE,Sentinel-Bridge,STAGING,2025-11-07
AST-001303,TELE-CORPORATE-01304,CSE-TELECOM-03,Telecom,WORKSTATION,CORPORATE,LOW,Identity,NETSEC,YES,OT|PRIVILEGE,2026-09-01T18:53:30Z,ACTIVE,Sentinel-Bridge,DR,2021-10-18
AST-001304,TELE-OT-01305,CSE-TELECOM-03,Telecom,SERVER,OT,LOW,IMS,OT-OPS,YES,PRIVILEGE|WEB,2026-09-04T15:40:57Z,ACTIVE,QRadar-Archive,DR,2024-03-04
AST-001305,TELE-CORPORATE-01306,CSE-TELECOM-03,Telecom,SERVER,CORPORATE,MEDIUM,Identity,IT-OPS,YES,PRIVILEGE|ENDPOINT,2026-08-03T19:57:42Z,ACTIVE,EDR-Collector,DR,2024-08-31
AST-001306,TELE-CORPORATE-01307,CSE-TELECOM-03,Telecom,SERVER,CORPORATE,MEDIUM,BSS,SOC,YES,DATABASE|WEB,2026-08-22T22:19:50Z,ACTIVE,Sentinel-Bridge,DR,2021-03-08
AST-001307,TELE-DC-01308,CSE-TELECOM-03,Telecom,FIREWALL,DC,CRITICAL,BSS,NETSEC,YES,WEB|DATABASE|OT,2026-09-18T11:59:47Z,ACTIVE,Sentinel-Bridge,PRODUCTION,2024-12-23
AST-001308,TELE-DMZ-01309,CSE-TELECOM-03,Telecom,SERVER,DMZ,MEDIUM,Identity,SOC,YES,PRIVILEGE|ENDPOINT,2026-07-06T12:53:14Z,ACTIVE,Sentinel-Bridge,DR,2024-09-30
AST-001309,TELE-OT-01310,CSE-TELECOM-03,Telecom,WORKSTATION,OT,MEDIUM,IMS,OT-OPS,YES,EXFILTRATION|DATABASE,2026-07-28T03:31:31Z,DEGRADED,Sentinel-Bridge,DR,2021-07-23
AST-001310,TELE-CORPORATE-01311,CSE-TELECOM-03,Telecom,FIREWALL,CORPORATE,HIGH,BSS,SOC,YES,DATABASE|AUTH|WEB,2026-09-02T14:08:07Z,ACTIVE,Sentinel-Bridge,STAGING,2023-03-15
AST-001311,TELE-SCADA-01312,CSE-TELECOM-03,Telecom,FIREWALL,SCADA,HIGH,IMS,IT-OPS,YES,WEB|DATABASE|EXFILTRATION,2026-09-27T08:07:22Z,ACTIVE,EDR-Collector,DR,2023-01-04
AST-001312,TELE-DC-01313,CSE-TELECOM-03,Telecom,SERVER,DC,LOW,IMS,APPSEC,YES,OT|NETWORK,2026-09-15T14:45:30Z,ACTIVE,Splunk-ES,PRODUCTION,2025-08-17
AST-001313,TELE-OT-01314,CSE-TELECOM-03,Telecom,APPLICATION,OT,HIGH,BSS,IT-OPS,YES,DATABASE|PRIVILEGE|NETWORK,2026-07-29T04:56:10Z,ACTIVE,QRadar-Archive,PRODUCTION,2023-11-26
AST-001314,TELE-OT-01315,CSE-TELECOM-03,Telecom,DATABASE,OT,MEDIUM,BSS,NETSEC,YES,NETWORK|WEB,2026-08-23T06:12:13Z,ACTIVE,QRadar-Archive,PRODUCTION,2021-09-23
AST-001315,TELE-DMZ-01316,CSE-TELECOM-03,Telecom,DATABASE,DMZ,CRITICAL,IMS,SOC,YES,ENDPOINT|WEB|AUTH,2026-09-21T23:22:54Z,ACTIVE,EDR-Collector,STAGING,2026-02-16
AST-001316,TELE-SCADA-01317,CSE-TELECOM-03,Telecom,FIREWALL,SCADA,HIGH,IMS,SOC,YES,NETWORK|WEB|OT,2026-09-04T16:51:44Z,ACTIVE,EDR-Collector,PRODUCTION,2020-08-15
AST-001317,TELE-SCADA-01318,CSE-TELECOM-03,Telecom,WORKSTATION,SCADA,CRITICAL,IMS,OT-OPS,YES,WEB|AUTH|OT,2026-07-05T10:32:48Z,ACTIVE,QRadar-Archive,PRODUCTION,2023-01-15
AST-001318,TELE-DMZ-01319,CSE-TELECOM-03,Telecom,APPLICATION,DMZ,MEDIUM,IMS,APPSEC,YES,ENDPOINT|PRIVILEGE,2026-09-16T18:44:08Z,ACTIVE,Splunk-ES,DR,2021-04-11
AST-001319,TELE-SCADA-01320,CSE-TELECOM-03,Telecom,FIREWALL,SCADA,HIGH,Identity,OT-OPS,YES,AUTH|WEB|NETWORK,2026-07-16T18:15:14Z,ACTIVE,EDR-Collector,DR,2025-06-17
AST-001320,TELE-SCADA-01321,CSE-TELECOM-03,Telecom,WORKSTATION,SCADA,HIGH,IMS,OT-OPS,YES,AUTH|NETWORK|WEB,2026-08-16T08:07:50Z,ACTIVE,EDR-Collector,STAGING,2023-03-07
AST-001321,TELE-DMZ-01322,CSE-TELECOM-03,Telecom,NETWORK_DEVICE,DMZ,MEDIUM,Identity,NETSEC,YES,WEB|DATABASE,2026-07-09T11:38:45Z,ACTIVE,EDR-Collector,DR,2021-03-18
AST-001322,TELE-DMZ-01323,CSE-TELECOM-03,Telecom,DATABASE,DMZ,LOW,BSS,NETSEC,YES,EXFILTRATION|PRIVILEGE,2026-08-09T02:32:32Z,ACTIVE,Splunk-ES,STAGING,2025-10-15
AST-001323,TELE-OT-01324,CSE-TELECOM-03,Telecom,SERVER,OT,HIGH,IMS,OT-OPS,YES,EXFILTRATION|ENDPOINT|PRIVILEGE,2026-07-26T14:43:00Z,ACTIVE,QRadar-Archive,DR,2022-04-20
AST-001324,TELE-DMZ-01325,CSE-TELECOM-03,Telecom,FIREWALL,DMZ,HIGH,Core Network,APPSEC,YES,PRIVILEGE|OT|DATABASE,2026-09-04T08:08:35Z,MISSING,QRadar-Archive,PRODUCTION,2024-01-19
AST-001325,TELE-SCADA-01326,CSE-TELECOM-03,Telecom,NETWORK_DEVICE,SCADA,HIGH,IMS,IT-OPS,YES,DATABASE|EXFILTRATION|OT,2026-07-04T20:54:15Z,ACTIVE,Splunk-ES,STAGING,2020-05-03
AST-001326,TELE-OT-01327,CSE-TELECOM-03,Telecom,WORKSTATION,OT,LOW,Core Network,IT-OPS,YES,AUTH|ENDPOINT,2026-08-02T12:22:50Z,ACTIVE,QRadar-Archive,DR,2022-08-15
AST-001327,TELE-OT-01328,CSE-TELECOM-03,Telecom,HMI,OT,HIGH,IMS,NETSEC,YES,ENDPOINT|OT|AUTH,2026-07-26T00:29:23Z,ACTIVE,EDR-Collector,DR,2022-10-13
AST-001328,TELE-SCADA-01329,CSE-TELECOM-03,Telecom,FIREWALL,SCADA,MEDIUM,IMS,APPSEC,YES,ENDPOINT|WEB,2026-07-22T16:10:27Z,ACTIVE,QRadar-Archive,STAGING,2022-10-19
AST-001329,TELE-CORPORATE-01330,CSE-TELECOM-03,Telecom,APPLICATION,CORPORATE,HIGH,BSS,SOC,YES,NETWORK|DATABASE|AUTH,2026-08-24T04:21:42Z,DEGRADED,QRadar-Archive,DR,2022-11-15
AST-001330,TELE-DC-01331,CSE-TELECOM-03,Telecom,SERVER,DC,LOW,IMS,IT-OPS,YES,NETWORK|EXFILTRATION,2026-07-19T15:23:24Z,ACTIVE,Splunk-ES,DR,2025-12-19
AST-001331,TELE-OT-01332,CSE-TELECOM-03,Telecom,SERVER,OT,LOW,Core Network,SOC,YES,WEB|DATABASE,2026-09-03T17:01:21Z,ACTIVE,Sentinel-Bridge,PRODUCTION,2023-01-13
AST-001332,TELE-OT-01333,CSE-TELECOM-03,Telecom,PLC,OT,LOW,IMS,NETSEC,YES,ENDPOINT|NETWORK,2026-07-19T01:01:27Z,ACTIVE,EDR-Collector,STAGING,2024-07-01
AST-001333,TELE-DMZ-01334,CSE-TELECOM-03,Telecom,APPLICATION,DMZ,MEDIUM,BSS,APPSEC,YES,AUTH|NETWORK,2026-07-20T17:14:03Z,ACTIVE,Sentinel-Bridge,PRODUCTION,2020-04-14
AST-001334,TELE-DC-01335,CSE-TELECOM-03,Telecom,SERVER,DC,HIGH,Identity,APPSEC,YES,OT|AUTH|EXFILTRATION,2026-08-06T10:24:21Z,ACTIVE,Sentinel-Bridge,PRODUCTION,2024-09-30
AST-001335,TELE-CORPORATE-01336,CSE-TELECOM-03,Telecom,SERVER,CORPORATE,HIGH,Identity,IT-OPS,YES,PRIVILEGE|OT|AUTH,2026-09-14T11:57:14Z,ACTIVE,Splunk-ES,PRODUCTION,2024-08-13
AST-001336,TELE-DC-01337,CSE-TELECOM-03,Telecom,SERVER,DC,HIGH,Identity,APPSEC,YES,EXFILTRATION|NETWORK|DATABASE,2026-08-03T21:29:32Z,DEGRADED,QRadar-Archive,PRODUCTION,2022-08-10
AST-001337,TELE-OT-01338,CSE-TELECOM-03,Telecom,FIREWALL,OT,HIGH,BSS,IT-OPS,YES,PRIVILEGE|EXFILTRATION|DATABASE,2026-08-26T19:36:24Z,ACTIVE,Sentinel-Bridge,STAGING,2020-10-05
AST-001338,TELE-OT-01339,CSE-TELECOM-03,Telecom,PLC,OT,CRITICAL,BSS,NETSEC,YES,OT|ENDPOINT|AUTH,2026-07-15T16:52:49Z,ACTIVE,QRadar-Archive,PRODUCTION,2022-08-06
AST-001339,TELE-DC-01340,CSE-TELECOM-03,Telecom,WORKSTATION,DC,MEDIUM,IMS,APPSEC,YES,OT|DATABASE,2026-07-25T18:10:33Z,DEGRADED,Sentinel-Bridge,PRODUCTION,2021-02-27
AST-001340,TELE-OT-01341,CSE-TELECOM-03,Telecom,DATABASE,OT,MEDIUM,Identity,IT-OPS,YES,WEB|EXFILTRATION,2026-09-20T04:35:38Z,ACTIVE,Splunk-ES,PRODUCTION,2022-08-14
AST-001341,TELE-CORPORATE-01342,CSE-TELECOM-03,Telecom,APPLICATION,CORPORATE,CRITICAL,Core Network,IT-OPS,YES,OT|WEB|ENDPOINT,2026-08-23T17:46:07Z,ACTIVE,Sentinel-Bridge,STAGING,2021-04-17
AST-001342,TELE-OT-01343,CSE-TELECOM-03,Telecom,FIREWALL,OT,LOW,IMS,SOC,YES,EXFILTRATION|OT,2026-08-15T00:21:35Z,ACTIVE,Splunk-ES,STAGING,2026-01-10
AST-001343,TELE-DMZ-01344,CSE-TELECOM-03,Telecom,DATABASE,DMZ,LOW,Core Network,NETSEC,YES,DATABASE|WEB,2026-08-11T08:00:02Z,ACTIVE,Splunk-ES,PRODUCTION,2026-02-23
AST-001344,TELE-CORPORATE-01345,CSE-TELECOM-03,Telecom,DATABASE,CORPORATE,HIGH,Core Network,OT-OPS,YES,DATABASE|WEB|NETWORK,2026-07-06T21:06:41Z,ACTIVE,EDR-Collector,DR,2020-01-17
AST-001345,TELE-OT-01346,CSE-TELECOM-03,Telecom,SERVER,OT,LOW,BSS,OT-OPS,YES,EXFILTRATION|ENDPOINT,2026-07-15T03:20:00Z,ACTIVE,Splunk-ES,DR,2021-06-18
AST-001346,TELE-DC-01347,CSE-TELECOM-03,Telecom,NETWORK_DEVICE,DC,HIGH,BSS,IT-OPS,YES,WEB|OT|AUTH,2026-09-24T12:34:55Z,ACTIVE,EDR-Collector,PRODUCTION,2021-11-16
AST-001347,TELE-OT-01348,CSE-TELECOM-03,Telecom,PLC,OT,LOW,IMS,NETSEC,YES,ENDPOINT|DATABASE,2026-09-18T04:12:06Z,ACTIVE,Splunk-ES,STAGING,2020-01-16
AST-001348,TELE-DMZ-01349,CSE-TELECOM-03,Telecom,SERVER,DMZ,MEDIUM,IMS,IT-OPS,YES,AUTH|NETWORK,2026-09-14T13:05:18Z,ACTIVE,QRadar-Archive,PRODUCTION,2024-12-16
AST-001349,TELE-DC-01350,CSE-TELECOM-03,Telecom,SERVER,DC,LOW,Identity,NETSEC,YES,DATABASE|WEB,2026-07-20T08:11:58Z,ACTIVE,Sentinel-Bridge,PRODUCTION,2024-12-25
AST-001350,TELE-DMZ-01351,CSE-TELECOM-03,Telecom,WORKSTATION,DMZ,HIGH,IMS,NETSEC,YES,OT|WEB|AUTH,2026-09-27T05:24:21Z,ACTIVE,EDR-Collector,PRODUCTION,2021-05-06
AST-001351,TELE-CORPORATE-01352,CSE-TELECOM-03,Telecom,WORKSTATION,CORPORATE,CRITICAL,Core Network,NETSEC,YES,NETWORK|PRIVILEGE|WEB,2026-09-03T00:41:04Z,ACTIVE,EDR-Collector,STAGING,2022-04-25
AST-001352,TELE-CORPORATE-01353,CSE-TELECOM-03,Telecom,SERVER,CORPORATE,HIGH,Core Network,SOC,YES,OT|PRIVILEGE|ENDPOINT,2026-09-30T02:23:25Z,ACTIVE,Splunk-ES,PRODUCTION,2025-07-09
AST-001353,TELE-DMZ-01354,CSE-TELECOM-03,Telecom,WORKSTATION,DMZ,MEDIUM,BSS,APPSEC,YES,NETWORK|OT,2026-09-05T08:48:02Z,ACTIVE,Sentinel-Bridge,STAGING,2024-06-15
AST-001354,TELE-DMZ-01355,CSE-TELECOM-03,Telecom,SERVER,DMZ,LOW,Identity,SOC,YES,WEB|DATABASE,2026-07-25T03:53:11Z,ACTIVE,QRadar-Archive,PRODUCTION,2020-01-10
AST-001355,TELE-OT-01356,CSE-TELECOM-03,Telecom,PLC,OT,CRITICAL,Core Network,IT-OPS,YES,EXFILTRATION|PRIVILEGE|WEB,2026-09-17T13:40:18Z,ACTIVE,EDR-Collector,PRODUCTION,2024-04-27
AST-001356,TELE-OT-01357,CSE-TELECOM-03,Telecom,PLC,OT,LOW,BSS,APPSEC,YES,OT|WEB,2026-07-19T20:06:49Z,ACTIVE,EDR-Collector,STAGING,2022-12-18
AST-001357,TELE-DC-01358,CSE-TELECOM-03,Telecom,WORKSTATION,DC,MEDIUM,Identity,SOC,YES,DATABASE|EXFILTRATION,2026-08-08T10:25:18Z,ACTIVE,EDR-Collector,DR,2023-06-18
AST-001358,TELE-DC-01359,CSE-TELECOM-03,Telecom,DATABASE,DC,HIGH,IMS,OT-OPS,YES,EXFILTRATION|AUTH|OT,2026-09-08T17:40:20Z,ACTIVE,Splunk-ES,PRODUCTION,2021-12-19
AST-001359,TELE-OT-01360,CSE-TELECOM-03,Telecom,FIREWALL,OT,MEDIUM,IMS,APPSEC,YES,NETWORK|EXFILTRATION,2026-07-06T23:38:08Z,ACTIVE,Sentinel-Bridge,DR,2023-01-22
AST-001360,TELE-CORPORATE-01361,CSE-TELECOM-03,Telecom,NETWORK_DEVICE,CORPORATE,LOW,Identity,IT-OPS,YES,ENDPOINT|OT,2026-07-01T01:23:48Z,DEGRADED,Splunk-ES,PRODUCTION,2022-07-29
AST-001361,TELE-SCADA-01362,CSE-TELECOM-03,Telecom,SERVER,SCADA,LOW,BSS,OT-OPS,YES,OT|ENDPOINT,2026-09-10T01:01:07Z,ACTIVE,QRadar-Archive,PRODUCTION,2025-02-19
AST-001362,TELE-DMZ-01363,CSE-TELECOM-03,Telecom,APPLICATION,DMZ,MEDIUM,Identity,NETSEC,YES,AUTH|WEB,2026-07-04T20:56:04Z,ACTIVE,Splunk-ES,DR,2020-03-11
AST-001363,TELE-OT-01364,CSE-TELECOM-03,Telecom,HMI,OT,HIGH,BSS,NETSEC,YES,WEB|AUTH|NETWORK,2026-07-08T23:15:16Z,ACTIVE,Sentinel-Bridge,DR,2021-08-19
AST-001364,TELE-DMZ-01365,CSE-TELECOM-03,Telecom,DATABASE,DMZ,HIGH,BSS,IT-OPS,YES,DATABASE|WEB|AUTH,2026-09-15T10:55:00Z,ACTIVE,Sentinel-Bridge,DR,2020-12-30
AST-001365,TELE-DC-01366,CSE-TELECOM-03,Telecom,FIREWALL,DC,CRITICAL,Identity,NETSEC,YES,DATABASE|WEB|EXFILTRATION,2026-08-14T09:42:12Z,ACTIVE,EDR-Collector,PRODUCTION,2022-11-18
AST-001366,TELE-OT-01367,CSE-TELECOM-03,Telecom,SERVER,OT,HIGH,Core Network,APPSEC,YES,DATABASE|ENDPOINT|NETWORK,2026-07-30T07:45:00Z,ACTIVE,Sentinel-Bridge,PRODUCTION,2020-03-14
AST-001367,TELE-OT-01368,CSE-TELECOM-03,Telecom,WORKSTATION,OT,LOW,Identity,SOC,YES,NETWORK|AUTH,2026-09-09T13:02:00Z,DEGRADED,Sentinel-Bridge,STAGING,2025-11-21
AST-001368,TELE-CORPORATE-01369,CSE-TELECOM-03,Telecom,SERVER,CORPORATE,LOW,Identity,NETSEC,YES,AUTH|PRIVILEGE,2026-08-14T08:24:44Z,ACTIVE,EDR-Collector,DR,2020-03-22
AST-001369,TELE-OT-01370,CSE-TELECOM-03,Telecom,HMI,OT,HIGH,BSS,IT-OPS,YES,NETWORK|PRIVILEGE|WEB,2026-09-30T18:44:00Z,ACTIVE,QRadar-Archive,DR,2022-04-23
AST-001370,TELE-CORPORATE-01371,CSE-TELECOM-03,Telecom,APPLICATION,CORPORATE,HIGH,BSS,NETSEC,YES,OT|DATABASE|WEB,2026-07-05T03:58:21Z,ACTIVE,QRadar-Archive,PRODUCTION,2020-07-26
AST-001371,TELE-DMZ-01372,CSE-TELECOM-03,Telecom,APPLICATION,DMZ,MEDIUM,Core Network,NETSEC,YES,WEB|ENDPOINT,2026-07-26T03:01:05Z,ACTIVE,QRadar-Archive,STAGING,2022-04-05
AST-001372,TELE-OT-01373,CSE-TELECOM-03,Telecom,APPLICATION,OT,CRITICAL,BSS,SOC,YES,OT|AUTH|ENDPOINT,2026-08-27T12:23:00Z,ACTIVE,QRadar-Archive,STAGING,2021-04-17
AST-001373,TELE-OT-01374,CSE-TELECOM-03,Telecom,NETWORK_DEVICE,OT,MEDIUM,BSS,NETSEC,YES,AUTH|EXFILTRATION,2026-07-05T07:18:35Z,ACTIVE,Sentinel-Bridge,STAGING,2022-05-26
AST-001374,TELE-DC-01375,CSE-TELECOM-03,Telecom,SERVER,DC,LOW,BSS,IT-OPS,YES,NETWORK|WEB,2026-07-01T00:02:58Z,ACTIVE,QRadar-Archive,STAGING,2024-06-27
AST-001375,TELE-DC-01376,CSE-TELECOM-03,Telecom,SERVER,DC,LOW,Core Network,NETSEC,YES,OT|DATABASE,2026-08-17T16:16:03Z,DEGRADED,EDR-Collector,PRODUCTION,2020-06-28
AST-001376,TELE-DMZ-01377,CSE-TELECOM-03,Telecom,SERVER,DMZ,CRITICAL,Core Network,NETSEC,YES,ENDPOINT|OT|PRIVILEGE,2026-08-01T04:13:54Z,ACTIVE,Splunk-ES,PRODUCTION,2020-05-10
AST-001377,TELE-CORPORATE-01378,CSE-TELECOM-03,Telecom,NETWORK_DEVICE,CORPORATE,LOW,Identity,NETSEC,YES,WEB|ENDPOINT,2026-07-15T15:54:30Z,ACTIVE,Splunk-ES,DR,2026-02-01
AST-001378,TELE-DMZ-01379,CSE-TELECOM-03,Telecom,WORKSTATION,DMZ,MEDIUM,Core Network,SOC,YES,OT|DATABASE,2026-07-21T23:13:50Z,ACTIVE,Sentinel-Bridge,DR,2025-06-02
AST-001379,TELE-DMZ-01380,CSE-TELECOM-03,Telecom,WORKSTATION,DMZ,CRITICAL,Core Network,NETSEC,YES,DATABASE|AUTH|OT,2026-07-01T21:00:34Z,ACTIVE,Sentinel-Bridge,PRODUCTION,2025-10-31
AST-001380,TELE-SCADA-01381,CSE-TELECOM-03,Telecom,FIREWALL,SCADA,LOW,IMS,NETSEC,YES,ENDPOINT|AUTH,2026-08-02T00:04:07Z,ACTIVE,Splunk-ES,STAGING,2024-10-13
AST-001381,TELE-CORPORATE-01382,CSE-TELECOM-03,Telecom,WORKSTATION,CORPORATE,HIGH,Identity,APPSEC,YES,WEB|PRIVILEGE|EXFILTRATION,2026-07-03T21:51:45Z,ACTIVE,QRadar-Archive,DR,2023-07-12
AST-001382,TELE-CORPORATE-01383,CSE-TELECOM-03,Telecom,WORKSTATION,CORPORATE,CRITICAL,IMS,IT-OPS,YES,WEB|AUTH|PRIVILEGE,2026-09-14T23:59:59Z,ACTIVE,Splunk-ES,STAGING,2021-11-23
AST-001383,TELE-CORPORATE-01384,CSE-TELECOM-03,Telecom,SERVER,CORPORATE,HIGH,BSS,OT-OPS,YES,ENDPOINT|AUTH|WEB,2026-09-25T17:21:33Z,DEGRADED,Splunk-ES,DR,2026-03-11
AST-001384,TELE-OT-01385,CSE-TELECOM-03,Telecom,HMI,OT,MEDIUM,Core Network,IT-OPS,YES,WEB|PRIVILEGE,2026-08-06T22:43:59Z,ACTIVE,Sentinel-Bridge,PRODUCTION,2023-10-28
AST-001385,TELE-DMZ-01386,CSE-TELECOM-03,Telecom,SERVER,DMZ,LOW,Core Network,IT-OPS,YES,EXFILTRATION|PRIVILEGE,2026-07-15T16:53:00Z,ACTIVE,Sentinel-Bridge,PRODUCTION,2020-04-07
AST-001386,TELE-DC-01387,CSE-TELECOM-03,Telecom,DATABASE,DC,MEDIUM,Core Network,APPSEC,YES,PRIVILEGE|NETWORK,2026-09-12T08:11:12Z,ACTIVE,QRadar-Archive,DR,2020-03-29
AST-001387,TELE-DMZ-01388,CSE-TELECOM-03,Telecom,NETWORK_DEVICE,DMZ,LOW,Identity,OT-OPS,YES,ENDPOINT|AUTH,2026-07-06T04:19:38Z,ACTIVE,QRadar-Archive,DR,2024-07-09
AST-001388,TELE-DMZ-01389,CSE-TELECOM-03,Telecom,NETWORK_DEVICE,DMZ,MEDIUM,Core Network,IT-OPS,YES,EXFILTRATION|AUTH,2026-08-29T05:00:01Z,ACTIVE,QRadar-Archive,DR,2022-06-01
AST-001389,TELE-CORPORATE-01390,CSE-TELECOM-03,Telecom,WORKSTATION,CORPORATE,MEDIUM,IMS,NETSEC,YES,PRIVILEGE|AUTH,2026-09-08T02:39:06Z,ACTIVE,EDR-Collector,STAGING,2020-08-07
AST-001390,TELE-DMZ-01391,CSE-TELECOM-03,Telecom,WORKSTATION,DMZ,LOW,BSS,NETSEC,YES,EXFILTRATION|WEB,2026-08-28T19:36:36Z,ACTIVE,Sentinel-Bridge,DR,2025-11-04
AST-001391,TELE-CORPORATE-01392,CSE-TELECOM-03,Telecom,WORKSTATION,CORPORATE,LOW,IMS,SOC,YES,ENDPOINT|PRIVILEGE,2026-07-22T17:19:46Z,ACTIVE,Splunk-ES,DR,2023-02-15
AST-001392,TELE-DC-01393,CSE-TELECOM-03,Telecom,APPLICATION,DC,MEDIUM,BSS,SOC,YES,OT|EXFILTRATION,2026-07-09T14:11:41Z,ACTIVE,EDR-Collector,STAGING,2023-09-09
AST-001393,TELE-CORPORATE-01394,CSE-TELECOM-03,Telecom,DATABASE,CORPORATE,MEDIUM,IMS,SOC,YES,OT|EXFILTRATION,2026-08-21T05:37:52Z,ACTIVE,QRadar-Archive,STAGING,2025-12-05
AST-001394,TELE-DC-01395,CSE-TELECOM-03,Telecom,WORKSTATION,DC,MEDIUM,IMS,IT-OPS,YES,OT|EXFILTRATION,2026-07-24T20:42:25Z,ACTIVE,EDR-Collector,PRODUCTION,2020-10-08
AST-001395,TELE-OT-01396,CSE-TELECOM-03,Telecom,PLC,OT,MEDIUM,BSS,APPSEC,YES,NETWORK|WEB,2026-07-07T20:36:14Z,ACTIVE,EDR-Collector,PRODUCTION,2021-08-10
AST-001396,TELE-DMZ-01397,CSE-TELECOM-03,Telecom,FIREWALL,DMZ,LOW,Identity,SOC,YES,NETWORK|EXFILTRATION,2026-08-05T10:28:07Z,ACTIVE,Sentinel-Bridge,STAGING,2022-04-17
AST-001397,TELE-OT-01398,CSE-TELECOM-03,Telecom,PLC,OT,LOW,IMS,IT-OPS,YES,AUTH|WEB,2026-07-31T05:05:36Z,ACTIVE,Splunk-ES,DR,2025-06-03
AST-001398,TELE-OT-01399,CSE-TELECOM-03,Telecom,WORKSTATION,OT,HIGH,Identity,APPSEC,YES,EXFILTRATION|PRIVILEGE|ENDPOINT,2026-09-25T00:37:43Z,ACTIVE,QRadar-Archive,STAGING,2022-12-29
AST-001399,TELE-OT-01400,CSE-TELECOM-03,Telecom,APPLICATION,OT,CRITICAL,Identity,APPSEC,YES,AUTH|OT|DATABASE,2026-09-02T16:55:51Z,ACTIVE,Splunk-ES,DR,2020-02-20
AST-001400,TELE-DC-01401,CSE-TELECOM-03,Telecom,APPLICATION,DC,MEDIUM,BSS,APPSEC,YES,EXFILTRATION|ENDPOINT,2026-09-10T01:54:28Z,ACTIVE,EDR-Collector,PRODUCTION,2024-08-21
AST-001401,TELE-DMZ-01402,CSE-TELECOM-03,Telecom,FIREWALL,DMZ,LOW,Core Network,NETSEC,YES,DATABASE|WEB,2026-08-26T16:05:27Z,ACTIVE,Sentinel-Bridge,STAGING,2021-06-25
AST-001402,TELE-DC-01403,CSE-TELECOM-03,Telecom,FIREWALL,DC,MEDIUM,IMS,IT-OPS,YES,EXFILTRATION|AUTH,2026-08-02T15:14:01Z,ACTIVE,EDR-Collector,STAGING,2020-01-06
AST-001403,TELE-DMZ-01404,CSE-TELECOM-03,Telecom,WORKSTATION,DMZ,HIGH,BSS,NETSEC,YES,AUTH|DATABASE|PRIVILEGE,2026-09-16T12:03:57Z,ACTIVE,EDR-Collector,STAGING,2020-06-05
AST-001404,TELE-CORPORATE-01405,CSE-TELECOM-03,Telecom,WORKSTATION,CORPORATE,HIGH,BSS,APPSEC,YES,EXFILTRATION|WEB|OT,2026-09-21T21:50:01Z,ACTIVE,QRadar-Archive,PRODUCTION,2025-12-23
AST-001405,TELE-SCADA-01406,CSE-TELECOM-03,Telecom,SERVER,SCADA,LOW,IMS,SOC,YES,EXFILTRATION|ENDPOINT,2026-07-07T05:08:36Z,ACTIVE,Sentinel-Bridge,STAGING,2021-08-04
AST-001406,TELE-DMZ-01407,CSE-TELECOM-03,Telecom,SERVER,DMZ,MEDIUM,Identity,OT-OPS,YES,NETWORK|WEB,2026-07-11T19:28:39Z,ACTIVE,Sentinel-Bridge,STAGING,2026-03-08
AST-001407,TELE-CORPORATE-01408,CSE-TELECOM-03,Telecom,DATABASE,CORPORATE,MEDIUM,Identity,APPSEC,YES,ENDPOINT|PRIVILEGE,2026-07-22T13:17:52Z,ACTIVE,Splunk-ES,PRODUCTION,2025-04-17
AST-001408,TELE-OT-01409,CSE-TELECOM-03,Telecom,APPLICATION,OT,HIGH,Identity,OT-OPS,YES,PRIVILEGE|EXFILTRATION|DATABASE,2026-07-28T23:22:35Z,ACTIVE,Splunk-ES,PRODUCTION,2020-02-20
AST-001409,TELE-DC-01410,CSE-TELECOM-03,Telecom,WORKSTATION,DC,MEDIUM,IMS,OT-OPS,YES,NETWORK|EXFILTRATION,2026-08-01T08:10:48Z,ACTIVE,Sentinel-Bridge,DR,2026-03-24
AST-001410,TELE-CORPORATE-01411,CSE-TELECOM-03,Telecom,FIREWALL,CORPORATE,MEDIUM,Core Network,IT-OPS,YES,ENDPOINT|WEB,2026-07-03T21:03:47Z,ACTIVE,QRadar-Archive,DR,2020-09-05
AST-001411,TELE-CORPORATE-01412,CSE-TELECOM-03,Telecom,WORKSTATION,CORPORATE,HIGH,BSS,IT-OPS,YES,ENDPOINT|EXFILTRATION|OT,2026-08-04T18:58:26Z,DEGRADED,Splunk-ES,DR,2020-08-24
AST-001412,TELE-DC-01413,CSE-TELECOM-03,Telecom,FIREWALL,DC,MEDIUM,BSS,NETSEC,YES,AUTH|WEB,2026-07-18T01:18:41Z,ACTIVE,EDR-Collector,DR,2024-08-07
AST-001413,TELE-CORPORATE-01414,CSE-TELECOM-03,Telecom,FIREWALL,CORPORATE,LOW,BSS,APPSEC,YES,NETWORK|WEB,2026-09-05T05:07:40Z,ACTIVE,EDR-Collector,PRODUCTION,2026-02-16
AST-001414,TELE-DMZ-01415,CSE-TELECOM-03,Telecom,SERVER,DMZ,LOW,Identity,NETSEC,YES,OT|NETWORK,2026-08-27T14:03:10Z,ACTIVE,EDR-Collector,STAGING,2020-11-23
AST-001415,TELE-CORPORATE-01416,CSE-TELECOM-03,Telecom,APPLICATION,CORPORATE,HIGH,IMS,OT-OPS,YES,DATABASE|OT|PRIVILEGE,2026-09-18T06:37:34Z,ACTIVE,Splunk-ES,STAGING,2021-06-28
AST-001416,TELE-SCADA-01417,CSE-TELECOM-03,Telecom,DATABASE,SCADA,MEDIUM,Identity,SOC,YES,PRIVILEGE|EXFILTRATION,2026-08-19T20:58:42Z,ACTIVE,Sentinel-Bridge,PRODUCTION,2020-12-04
AST-001417,TELE-CORPORATE-01418,CSE-TELECOM-03,Telecom,DATABASE,CORPORATE,MEDIUM,Core Network,OT-OPS,YES,AUTH|NETWORK,2026-09-20T10:06:44Z,ACTIVE,QRadar-Archive,DR,2021-11-18
AST-001418,TELE-CORPORATE-01419,CSE-TELECOM-03,Telecom,SERVER,CORPORATE,MEDIUM,IMS,APPSEC,YES,PRIVILEGE|NETWORK,2026-07-06T11:56:36Z,ACTIVE,Splunk-ES,DR,2023-11-04
AST-001419,TELE-SCADA-01420,CSE-TELECOM-03,Telecom,DATABASE,SCADA,CRITICAL,BSS,APPSEC,YES,DATABASE|PRIVILEGE|OT,2026-09-12T19:38:08Z,ACTIVE,QRadar-Archive,PRODUCTION,2020-11-05
AST-001420,TELE-DMZ-01421,CSE-TELECOM-03,Telecom,WORKSTATION,DMZ,HIGH,IMS,APPSEC,YES,WEB|EXFILTRATION|NETWORK,2026-09-15T12:07:30Z,ACTIVE,QRadar-Archive,STAGING,2022-05-12
AST-001421,TELE-OT-01422,CSE-TELECOM-03,Telecom,SERVER,OT,LOW,Core Network,SOC,YES,EXFILTRATION|AUTH,2026-08-23T16:41:50Z,ACTIVE,Splunk-ES,DR,2022-08-03
AST-001422,TELE-DMZ-01423,CSE-TELECOM-03,Telecom,WORKSTATION,DMZ,HIGH,IMS,NETSEC,YES,AUTH|ENDPOINT|EXFILTRATION,2026-07-19T15:34:25Z,ACTIVE,Sentinel-Bridge,PRODUCTION,2020-03-20
AST-001423,TELE-DMZ-01424,CSE-TELECOM-03,Telecom,WORKSTATION,DMZ,HIGH,Identity,NETSEC,YES,DATABASE|NETWORK|ENDPOINT,2026-07-23T10:25:36Z,ACTIVE,Sentinel-Bridge,DR,2026-02-18
AST-001424,TELE-CORPORATE-01425,CSE-TELECOM-03,Telecom,SERVER,CORPORATE,MEDIUM,Identity,IT-OPS,YES,DATABASE|EXFILTRATION,2026-07-12T21:23:04Z,ACTIVE,QRadar-Archive,STAGING,2025-07-27
AST-001425,TELE-DMZ-01426,CSE-TELECOM-03,Telecom,WORKSTATION,DMZ,LOW,BSS,APPSEC,YES,ENDPOINT|DATABASE,2026-09-17T17:39:44Z,ACTIVE,QRadar-Archive,STAGING,2025-07-13
AST-001426,TELE-CORPORATE-01427,CSE-TELECOM-03,Telecom,SERVER,CORPORATE,LOW,IMS,NETSEC,YES,PRIVILEGE|DATABASE,2026-09-29T14:57:34Z,ACTIVE,Sentinel-Bridge,STAGING,2023-12-22
AST-001427,TELE-CORPORATE-01428,CSE-TELECOM-03,Telecom,WORKSTATION,CORPORATE,HIGH,IMS,NETSEC,YES,EXFILTRATION|ENDPOINT|OT,2026-07-09T17:43:12Z,ACTIVE,EDR-Collector,DR,2021-01-13
AST-001428,TELE-OT-01429,CSE-TELECOM-03,Telecom,HMI,OT,MEDIUM,BSS,NETSEC,YES,DATABASE|WEB,2026-08-27T16:35:09Z,ACTIVE,QRadar-Archive,STAGING,2023-04-01
AST-001429,TELE-DMZ-01430,CSE-TELECOM-03,Telecom,WORKSTATION,DMZ,CRITICAL,Core Network,IT-OPS,YES,EXFILTRATION|NETWORK|DATABASE,2026-07-15T09:59:30Z,ACTIVE,Sentinel-Bridge,STAGING,2020-07-03
AST-001430,TELE-OT-01431,CSE-TELECOM-03,Telecom,PLC,OT,HIGH,IMS,SOC,YES,DATABASE|EXFILTRATION|PRIVILEGE,2026-07-20T23:53:15Z,ACTIVE,Sentinel-Bridge,STAGING,2021-02-04
AST-001431,TELE-DC-01432,CSE-TELECOM-03,Telecom,FIREWALL,DC,CRITICAL,Core Network,SOC,YES,EXFILTRATION|AUTH|NETWORK,2026-09-16T07:41:11Z,ACTIVE,QRadar-Archive,DR,2023-07-16
AST-001432,TELE-DC-01433,CSE-TELECOM-03,Telecom,SERVER,DC,HIGH,BSS,SOC,YES,WEB|AUTH|EXFILTRATION,2026-08-29T04:28:15Z,ACTIVE,QRadar-Archive,DR,2023-12-27
AST-001433,TELE-CORPORATE-01434,CSE-TELECOM-03,Telecom,DATABASE,CORPORATE,MEDIUM,Core Network,SOC,YES,EXFILTRATION|OT,2026-09-20T01:22:34Z,ACTIVE,EDR-Collector,DR,2023-10-08
AST-001434,TELE-CORPORATE-01435,CSE-TELECOM-03,Telecom,SERVER,CORPORATE,HIGH,Core Network,SOC,YES,OT|AUTH|EXFILTRATION,2026-07-26T06:09:55Z,ACTIVE,Sentinel-Bridge,PRODUCTION,2024-03-31
AST-001435,TELE-DC-01436,CSE-TELECOM-03,Telecom,APPLICATION,DC,LOW,IMS,APPSEC,YES,PRIVILEGE|AUTH,2026-08-01T14:57:38Z,ACTIVE,Splunk-ES,PRODUCTION,2023-08-13
AST-001436,TELE-OT-01437,CSE-TELECOM-03,Telecom,PLC,OT,LOW,IMS,APPSEC,YES,PRIVILEGE|WEB,2026-08-05T14:25:33Z,ACTIVE,Sentinel-Bridge,PRODUCTION,2025-09-13
AST-001437,TELE-CORPORATE-01438,CSE-TELECOM-03,Telecom,SERVER,CORPORATE,MEDIUM,Core Network,IT-OPS,YES,EXFILTRATION|WEB,2026-08-26T12:00:15Z,ACTIVE,QRadar-Archive,STAGING,2020-03-22
AST-001438,TELE-CORPORATE-01439,CSE-TELECOM-03,Telecom,SERVER,CORPORATE,HIGH,Identity,IT-OPS,YES,EXFILTRATION|WEB|DATABASE,2026-07-10T12:58:40Z,ACTIVE,EDR-Collector,PRODUCTION,2022-08-25
AST-001439,TELE-CORPORATE-01440,CSE-TELECOM-03,Telecom,SERVER,CORPORATE,HIGH,BSS,NETSEC,YES,OT|PRIVILEGE|NETWORK,2026-07-25T02:50:30Z,ACTIVE,Sentinel-Bridge,PRODUCTION,2020-03-02
AST-001440,TELE-DMZ-01441,CSE-TELECOM-03,Telecom,NETWORK_DEVICE,DMZ,HIGH,Core Network,IT-OPS,YES,PRIVILEGE|NETWORK|AUTH,2026-08-15T16:25:03Z,ACTIVE,QRadar-Archive,DR,2021-09-09
AST-001441,TELE-DMZ-01442,CSE-TELECOM-03,Telecom,APPLICATION,DMZ,MEDIUM,IMS,APPSEC,YES,WEB|ENDPOINT,2026-08-17T04:29:30Z,ACTIVE,Sentinel-Bridge,STAGING,2020-06-06
AST-001442,TELE-OT-01443,CSE-TELECOM-03,Telecom,HMI,OT,HIGH,Identity,OT-OPS,YES,NETWORK|PRIVILEGE|OT,2026-08-28T12:16:18Z,ACTIVE,Splunk-ES,STAGING,2020-04-30
AST-001443,TELE-CORPORATE-01444,CSE-TELECOM-03,Telecom,SERVER,CORPORATE,LOW,BSS,NETSEC,YES,OT|EXFILTRATION,2026-07-31T22:29:19Z,ACTIVE,QRadar-Archive,PRODUCTION,2024-01-08
AST-001444,TELE-SCADA-01445,CSE-TELECOM-03,Telecom,SERVER,SCADA,LOW,IMS,IT-OPS,YES,EXFILTRATION|PRIVILEGE,2026-07-03T18:03:57Z,ACTIVE,Splunk-ES,DR,2023-12-21
AST-001445,TELE-CORPORATE-01446,CSE-TELECOM-03,Telecom,WORKSTATION,CORPORATE,CRITICAL,Core Network,SOC,YES,EXFILTRATION|PRIVILEGE|OT,2026-07-28T20:38:20Z,ACTIVE,Sentinel-Bridge,DR,2025-09-20
AST-001446,TELE-OT-01447,CSE-TELECOM-03,Telecom,SERVER,OT,LOW,IMS,SOC,YES,AUTH|EXFILTRATION,2026-07-20T22:12:06Z,ACTIVE,EDR-Collector,DR,2023-02-16
AST-001447,TELE-OT-01448,CSE-TELECOM-03,Telecom,WORKSTATION,OT,HIGH,IMS,NETSEC,YES,PRIVILEGE|EXFILTRATION|WEB,2026-08-20T17:36:54Z,ACTIVE,Sentinel-Bridge,PRODUCTION,2023-07-31
AST-001448,TELE-OT-01449,CSE-TELECOM-03,Telecom,WORKSTATION,OT,LOW,BSS,APPSEC,YES,DATABASE|OT,2026-08-13T19:34:24Z,MISSING,Sentinel-Bridge,PRODUCTION,2024-02-05
AST-001449,TELE-DC-01450,CSE-TELECOM-03,Telecom,WORKSTATION,DC,LOW,IMS,IT-OPS,YES,NETWORK|DATABASE,2026-07-16T07:52:07Z,ACTIVE,QRadar-Archive,DR,2023-01-14
AST-001450,TELE-DC-01451,CSE-TELECOM-03,Telecom,WORKSTATION,DC,HIGH,IMS,IT-OPS,YES,WEB|EXFILTRATION|DATABASE,2026-08-25T00:01:25Z,MISSING,QRadar-Archive,DR,2022-03-31
AST-001451,TELE-CORPORATE-01452,CSE-TELECOM-03,Telecom,WORKSTATION,CORPORATE,HIGH,Identity,OT-OPS,YES,OT|AUTH|WEB,2026-08-16T14:59:02Z,ACTIVE,Splunk-ES,DR,2025-09-17
AST-001452,TELE-CORPORATE-01453,CSE-TELECOM-03,Telecom,SERVER,CORPORATE,MEDIUM,BSS,NETSEC,YES,PRIVILEGE|EXFILTRATION,2026-08-06T16:45:46Z,ACTIVE,QRadar-Archive,STAGING,2026-01-26
AST-001453,TELE-CORPORATE-01454,CSE-TELECOM-03,Telecom,SERVER,CORPORATE,HIGH,Core Network,SOC,YES,ENDPOINT|DATABASE|PRIVILEGE,2026-07-15T14:39:38Z,ACTIVE,Sentinel-Bridge,PRODUCTION,2021-08-27
AST-001454,TELE-SCADA-01455,CSE-TELECOM-03,Telecom,WORKSTATION,SCADA,HIGH,Core Network,OT-OPS,YES,PRIVILEGE|WEB|AUTH,2026-09-27T05:13:54Z,ACTIVE,Sentinel-Bridge,DR,2025-12-13
AST-001455,TELE-DC-01456,CSE-TELECOM-03,Telecom,APPLICATION,DC,HIGH,Identity,IT-OPS,YES,WEB|NETWORK|DATABASE,2026-08-27T20:17:36Z,MISSING,QRadar-Archive,DR,2024-01-08
AST-001456,TELE-CORPORATE-01457,CSE-TELECOM-03,Telecom,NETWORK_DEVICE,CORPORATE,MEDIUM,Identity,NETSEC,YES,OT|WEB,2026-07-04T04:06:31Z,ACTIVE,Splunk-ES,STAGING,2022-08-15
AST-001457,TELE-OT-01458,CSE-TELECOM-03,Telecom,APPLICATION,OT,MEDIUM,IMS,IT-OPS,YES,ENDPOINT|EXFILTRATION,2026-09-10T06:44:16Z,ACTIVE,QRadar-Archive,PRODUCTION,2020-11-06
AST-001458,TELE-SCADA-01459,CSE-TELECOM-03,Telecom,WORKSTATION,SCADA,MEDIUM,BSS,OT-OPS,YES,AUTH|NETWORK,2026-07-05T18:37:42Z,ACTIVE,Sentinel-Bridge,STAGING,2023-07-16
AST-001459,TELE-DC-01460,CSE-TELECOM-03,Telecom,SERVER,DC,MEDIUM,Identity,OT-OPS,YES,EXFILTRATION|NETWORK,2026-09-05T06:12:02Z,ACTIVE,Splunk-ES,STAGING,2021-11-06
AST-001460,TELE-CORPORATE-01461,CSE-TELECOM-03,Telecom,SERVER,CORPORATE,MEDIUM,Core Network,OT-OPS,YES,OT|PRIVILEGE,2026-08-24T21:00:47Z,ACTIVE,Sentinel-Bridge,STAGING,2022-04-19
AST-001461,TELE-DC-01462,CSE-TELECOM-03,Telecom,SERVER,DC,HIGH,IMS,APPSEC,YES,DATABASE|EXFILTRATION|PRIVILEGE,2026-08-04T09:56:39Z,ACTIVE,QRadar-Archive,DR,2023-02-25
AST-001462,TELE-OT-01463,CSE-TELECOM-03,Telecom,PLC,OT,CRITICAL,BSS,APPSEC,YES,ENDPOINT|DATABASE|NETWORK,2026-07-13T09:59:10Z,ACTIVE,EDR-Collector,STAGING,2020-12-13
AST-001463,TELE-SCADA-01464,CSE-TELECOM-03,Telecom,APPLICATION,SCADA,MEDIUM,IMS,IT-OPS,YES,PRIVILEGE|WEB,2026-09-14T05:10:20Z,ACTIVE,Splunk-ES,STAGING,2024-03-04
AST-001464,TELE-DC-01465,CSE-TELECOM-03,Telecom,SERVER,DC,MEDIUM,IMS,NETSEC,YES,ENDPOINT|OT,2026-08-11T05:12:47Z,ACTIVE,Splunk-ES,PRODUCTION,2024-03-11
AST-001465,TELE-OT-01466,CSE-TELECOM-03,Telecom,DATABASE,OT,MEDIUM,Identity,OT-OPS,YES,WEB|NETWORK,2026-09-23T01:49:58Z,ACTIVE,Splunk-ES,STAGING,2025-07-24
AST-001466,TELE-CORPORATE-01467,CSE-TELECOM-03,Telecom,NETWORK_DEVICE,CORPORATE,MEDIUM,IMS,APPSEC,YES,AUTH|NETWORK,2026-07-06T19:29:35Z,ACTIVE,QRadar-Archive,STAGING,2020-01-24
AST-001467,TELE-CORPORATE-01468,CSE-TELECOM-03,Telecom,APPLICATION,CORPORATE,CRITICAL,IMS,IT-OPS,YES,OT|NETWORK|DATABASE,2026-08-05T10:21:14Z,ACTIVE,Sentinel-Bridge,PRODUCTION,2021-11-05
AST-001468,TELE-OT-01469,CSE-TELECOM-03,Telecom,NETWORK_DEVICE,OT,MEDIUM,IMS,APPSEC,YES,WEB|ENDPOINT,2026-08-02T03:03:33Z,ACTIVE,EDR-Collector,DR,2024-09-28
AST-001469,TELE-OT-01470,CSE-TELECOM-03,Telecom,SERVER,OT,LOW,BSS,NETSEC,YES,DATABASE|AUTH,2026-09-09T07:45:48Z,DEGRADED,Sentinel-Bridge,STAGING,2021-11-18
AST-001470,TELE-CORPORATE-01471,CSE-TELECOM-03,Telecom,SERVER,CORPORATE,MEDIUM,Core Network,OT-OPS,YES,WEB|ENDPOINT,2026-09-28T21:43:44Z,ACTIVE,EDR-Collector,DR,2025-10-13
AST-001471,TELE-CORPORATE-01472,CSE-TELECOM-03,Telecom,WORKSTATION,CORPORATE,HIGH,Core Network,SOC,YES,WEB|DATABASE|ENDPOINT,2026-08-18T00:29:23Z,ACTIVE,Splunk-ES,PRODUCTION,2020-10-01
AST-001472,TELE-CORPORATE-01473,CSE-TELECOM-03,Telecom,NETWORK_DEVICE,CORPORATE,HIGH,Identity,NETSEC,YES,AUTH|DATABASE|NETWORK,2026-07-18T05:31:25Z,ACTIVE,Sentinel-Bridge,STAGING,2022-05-30
AST-001473,TELE-CORPORATE-01474,CSE-TELECOM-03,Telecom,WORKSTATION,CORPORATE,MEDIUM,BSS,SOC,YES,OT|NETWORK,2026-07-01T23:36:28Z,ACTIVE,Sentinel-Bridge,DR,2025-03-06
AST-001474,TELE-SCADA-01475,CSE-TELECOM-03,Telecom,FIREWALL,SCADA,HIGH,BSS,IT-OPS,YES,PRIVILEGE|NETWORK|DATABASE,2026-07-07T04:07:43Z,ACTIVE,Splunk-ES,PRODUCTION,2025-06-12
AST-001475,TELE-DMZ-01476,CSE-TELECOM-03,Telecom,FIREWALL,DMZ,HIGH,Identity,APPSEC,YES,WEB|OT|ENDPOINT,2026-09-21T01:45:49Z,ACTIVE,Sentinel-Bridge,STAGING,2022-12-21
AST-001476,TELE-OT-01477,CSE-TELECOM-03,Telecom,WORKSTATION,OT,CRITICAL,BSS,IT-OPS,YES,OT|NETWORK|AUTH,2026-07-30T22:44:17Z,ACTIVE,EDR-Collector,PRODUCTION,2020-10-27
AST-001477,TELE-CORPORATE-01478,CSE-TELECOM-03,Telecom,SERVER,CORPORATE,CRITICAL,Identity,IT-OPS,YES,PRIVILEGE|ENDPOINT|NETWORK,2026-08-20T05:49:20Z,ACTIVE,Sentinel-Bridge,DR,2024-02-06
AST-001478,TELE-OT-01479,CSE-TELECOM-03,Telecom,WORKSTATION,OT,HIGH,BSS,OT-OPS,YES,AUTH|EXFILTRATION|ENDPOINT,2026-08-02T14:32:06Z,ACTIVE,Splunk-ES,DR,2025-12-12
AST-001479,TELE-SCADA-01480,CSE-TELECOM-03,Telecom,WORKSTATION,SCADA,MEDIUM,IMS,OT-OPS,YES,ENDPOINT|PRIVILEGE,2026-07-02T23:12:28Z,ACTIVE,QRadar-Archive,PRODUCTION,2025-12-19
AST-001480,TELE-CORPORATE-01481,CSE-TELECOM-03,Telecom,SERVER,CORPORATE,MEDIUM,Core Network,NETSEC,YES,NETWORK|ENDPOINT,2026-08-25T08:10:33Z,ACTIVE,Splunk-ES,PRODUCTION,2026-01-12
AST-001481,TELE-SCADA-01482,CSE-TELECOM-03,Telecom,SERVER,SCADA,MEDIUM,Core Network,OT-OPS,YES,NETWORK|PRIVILEGE,2026-07-07T17:48:23Z,ACTIVE,EDR-Collector,PRODUCTION,2024-06-26
AST-001482,TELE-CORPORATE-01483,CSE-TELECOM-03,Telecom,APPLICATION,CORPORATE,LOW,Identity,IT-OPS,YES,OT|EXFILTRATION,2026-08-06T21:51:56Z,MISSING,EDR-Collector,DR,2024-06-17
AST-001483,TELE-CORPORATE-01484,CSE-TELECOM-03,Telecom,APPLICATION,CORPORATE,HIGH,IMS,NETSEC,YES,DATABASE|ENDPOINT|OT,2026-08-10T04:47:57Z,ACTIVE,QRadar-Archive,DR,2025-06-26
AST-001484,TELE-CORPORATE-01485,CSE-TELECOM-03,Telecom,NETWORK_DEVICE,CORPORATE,MEDIUM,IMS,APPSEC,YES,EXFILTRATION|AUTH,2026-08-13T10:16:07Z,ACTIVE,EDR-Collector,STAGING,2022-12-17
AST-001485,TELE-DMZ-01486,CSE-TELECOM-03,Telecom,SERVER,DMZ,HIGH,Core Network,IT-OPS,YES,EXFILTRATION|OT|NETWORK,2026-09-12T00:22:05Z,ACTIVE,Splunk-ES,STAGING,2024-05-03
AST-001486,TELE-DMZ-01487,CSE-TELECOM-03,Telecom,APPLICATION,DMZ,HIGH,Identity,OT-OPS,YES,DATABASE|EXFILTRATION|NETWORK,2026-09-15T04:02:41Z,ACTIVE,Splunk-ES,STAGING,2021-05-14
AST-001487,TELE-DC-01488,CSE-TELECOM-03,Telecom,SERVER,DC,HIGH,Core Network,NETSEC,YES,PRIVILEGE|DATABASE|AUTH,2026-07-18T02:28:43Z,ACTIVE,Sentinel-Bridge,DR,2020-10-15
AST-001488,TELE-OT-01489,CSE-TELECOM-03,Telecom,SERVER,OT,HIGH,Identity,SOC,YES,OT|DATABASE|PRIVILEGE,2026-07-06T16:06:16Z,ACTIVE,Splunk-ES,PRODUCTION,2020-09-01
AST-001489,TELE-DC-01490,CSE-TELECOM-03,Telecom,NETWORK_DEVICE,DC,CRITICAL,BSS,NETSEC,YES,EXFILTRATION|AUTH|WEB,2026-07-10T11:18:29Z,ACTIVE,Sentinel-Bridge,STAGING,2025-12-25
AST-001490,TELE-DC-01491,CSE-TELECOM-03,Telecom,NETWORK_DEVICE,DC,HIGH,IMS,NETSEC,YES,AUTH|ENDPOINT|WEB,2026-09-15T17:44:38Z,ACTIVE,EDR-Collector,PRODUCTION,2023-05-20
AST-001491,TELE-CORPORATE-01492,CSE-TELECOM-03,Telecom,APPLICATION,CORPORATE,MEDIUM,Core Network,SOC,YES,NETWORK|WEB,2026-09-04T15:37:46Z,ACTIVE,EDR-Collector,DR,2022-04-07
AST-001492,TELE-DMZ-01493,CSE-TELECOM-03,Telecom,SERVER,DMZ,CRITICAL,Core Network,APPSEC,YES,PRIVILEGE|OT|NETWORK,2026-07-10T02:47:21Z,ACTIVE,Sentinel-Bridge,STAGING,2020-12-29
AST-001493,TELE-OT-01494,CSE-TELECOM-03,Telecom,HMI,OT,MEDIUM,Core Network,NETSEC,YES,DATABASE|EXFILTRATION,2026-09-24T02:27:03Z,ACTIVE,QRadar-Archive,STAGING,2025-04-23
AST-001494,TELE-CORPORATE-01495,CSE-TELECOM-03,Telecom,APPLICATION,CORPORATE,CRITICAL,BSS,IT-OPS,YES,OT|PRIVILEGE|AUTH,2026-08-31T10:37:13Z,ACTIVE,QRadar-Archive,DR,2025-01-31
AST-001495,TELE-OT-01496,CSE-TELECOM-03,Telecom,SERVER,OT,MEDIUM,BSS,OT-OPS,YES,NETWORK|DATABASE,2026-08-03T12:45:34Z,ACTIVE,EDR-Collector,PRODUCTION,2021-07-31
AST-001496,TELE-CORPORATE-01497,CSE-TELECOM-03,Telecom,DATABASE,CORPORATE,MEDIUM,IMS,SOC,YES,NETWORK|ENDPOINT,2026-08-14T20:03:47Z,ACTIVE,Splunk-ES,STAGING,2021-02-07
AST-001497,TELE-CORPORATE-01498,CSE-TELECOM-03,Telecom,FIREWALL,CORPORATE,HIGH,BSS,IT-OPS,YES,EXFILTRATION|PRIVILEGE|DATABASE,2026-07-05T16:22:51Z,ACTIVE,Sentinel-Bridge,PRODUCTION,2021-03-11
AST-001498,TELE-CORPORATE-01499,CSE-TELECOM-03,Telecom,WORKSTATION,CORPORATE,HIGH,Core Network,NETSEC,YES,EXFILTRATION|PRIVILEGE|AUTH,2026-08-17T16:56:39Z,ACTIVE,QRadar-Archive,STAGING,2020-01-23
AST-001499,TELE-DC-01500,CSE-TELECOM-03,Telecom,SERVER,DC,LOW,Identity,NETSEC,YES,ENDPOINT|OT,2026-09-07T15:18:17Z,ACTIVE,Splunk-ES,PRODUCTION,2021-04-14
AST-001500,TELE-DMZ-01501,CSE-TELECOM-03,Telecom,FIREWALL,DMZ,HIGH,IMS,NETSEC,YES,AUTH|EXFILTRATION|PRIVILEGE,2026-09-07T20:31:08Z,ACTIVE,EDR-Collector,STAGING,2024-01-18
AST-001501,TELE-DC-01502,CSE-TELECOM-03,Telecom,APPLICATION,DC,HIGH,IMS,OT-OPS,YES,PRIVILEGE|AUTH|ENDPOINT,2026-07-15T01:37:43Z,ACTIVE,EDR-Collector,DR,2023-11-25
AST-001502,TELE-OT-01503,CSE-TELECOM-03,Telecom,HMI,OT,LOW,Identity,IT-OPS,YES,PRIVILEGE|DATABASE,2026-08-13T21:23:46Z,DEGRADED,EDR-Collector,STAGING,2020-07-30
AST-001503,TELE-OT-01504,CSE-TELECOM-03,Telecom,PLC,OT,LOW,Core Network,IT-OPS,YES,DATABASE|NETWORK,2026-07-17T12:37:37Z,ACTIVE,Splunk-ES,PRODUCTION,2022-09-22
AST-001504,TELE-CORPORATE-01505,CSE-TELECOM-03,Telecom,SERVER,CORPORATE,HIGH,IMS,SOC,YES,ENDPOINT|PRIVILEGE|OT,2026-07-09T01:50:29Z,ACTIVE,Sentinel-Bridge,STAGING,2025-07-14
AST-001505,TELE-DMZ-01506,CSE-TELECOM-03,Telecom,SERVER,DMZ,MEDIUM,Identity,APPSEC,YES,WEB|DATABASE,2026-08-04T13:55:14Z,ACTIVE,Sentinel-Bridge,PRODUCTION,2024-04-02
AST-001506,TELE-CORPORATE-01507,CSE-TELECOM-03,Telecom,FIREWALL,CORPORATE,MEDIUM,Identity,APPSEC,YES,ENDPOINT|OT,2026-08-08T11:46:32Z,ACTIVE,Sentinel-Bridge,DR,2023-06-04
AST-001507,TELE-DMZ-01508,CSE-TELECOM-03,Telecom,FIREWALL,DMZ,MEDIUM,BSS,NETSEC,YES,WEB|OT,2026-07-15T22:49:00Z,ACTIVE,EDR-Collector,DR,2019-12-19
AST-001508,TELE-CORPORATE-01509,CSE-TELECOM-03,Telecom,NETWORK_DEVICE,CORPORATE,LOW,IMS,OT-OPS,YES,DATABASE|AUTH,2026-08-12T06:26:53Z,ACTIVE,Sentinel-Bridge,PRODUCTION,2020-03-31
AST-001509,TELE-SCADA-01510,CSE-TELECOM-03,Telecom,DATABASE,SCADA,MEDIUM,IMS,SOC,YES,PRIVILEGE|WEB,2026-07-13T18:11:58Z,ACTIVE,EDR-Collector,STAGING,2025-11-14
AST-001510,TELE-CORPORATE-01511,CSE-TELECOM-03,Telecom,WORKSTATION,CORPORATE,MEDIUM,IMS,APPSEC,YES,WEB|EXFILTRATION,2026-07-12T05:42:50Z,ACTIVE,Sentinel-Bridge,STAGING,2024-04-29
AST-001511,TELE-OT-01512,CSE-TELECOM-03,Telecom,NETWORK_DEVICE,OT,LOW,IMS,OT-OPS,YES,ENDPOINT|AUTH,2026-08-08T18:00:23Z,ACTIVE,Sentinel-Bridge,STAGING,2021-11-23
AST-001512,TELE-SCADA-01513,CSE-TELECOM-03,Telecom,WORKSTATION,SCADA,MEDIUM,IMS,SOC,YES,OT|PRIVILEGE,2026-09-12T06:59:19Z,ACTIVE,Sentinel-Bridge,PRODUCTION,2024-05-09
AST-001513,TELE-DMZ-01514,CSE-TELECOM-03,Telecom,FIREWALL,DMZ,MEDIUM,BSS,NETSEC,YES,DATABASE|WEB,2026-08-22T08:42:32Z,ACTIVE,EDR-Collector,PRODUCTION,2025-04-28
AST-001514,TELE-SCADA-01515,CSE-TELECOM-03,Telecom,FIREWALL,SCADA,HIGH,IMS,IT-OPS,YES,DATABASE|PRIVILEGE|ENDPOINT,2026-08-04T08:54:30Z,ACTIVE,Sentinel-Bridge,DR,2026-02-05
AST-001515,TELE-DMZ-01516,CSE-TELECOM-03,Telecom,NETWORK_DEVICE,DMZ,LOW,BSS,NETSEC,YES,OT|DATABASE,2026-07-07T23:31:25Z,ACTIVE,EDR-Collector,DR,2025-03-11
AST-001516,TELE-DMZ-01517,CSE-TELECOM-03,Telecom,WORKSTATION,DMZ,CRITICAL,BSS,APPSEC,YES,EXFILTRATION|DATABASE|WEB,2026-07-15T15:16:52Z,ACTIVE,EDR-Collector,DR,2019-12-18
AST-001517,TELE-CORPORATE-01518,CSE-TELECOM-03,Telecom,SERVER,CORPORATE,MEDIUM,BSS,SOC,YES,OT|ENDPOINT,2026-07-16T15:47:39Z,ACTIVE,EDR-Collector,STAGING,2025-08-22
AST-001518,TELE-CORPORATE-01519,CSE-TELECOM-03,Telecom,SERVER,CORPORATE,LOW,BSS,OT-OPS,YES,DATABASE|EXFILTRATION,2026-09-23T17:15:30Z,ACTIVE,Sentinel-Bridge,DR,2026-02-06
AST-001519,TELE-OT-01520,CSE-TELECOM-03,Telecom,APPLICATION,OT,LOW,BSS,OT-OPS,YES,ENDPOINT|PRIVILEGE,2026-08-11T12:27:23Z,DEGRADED,EDR-Collector,DR,2025-03-26
AST-001520,TELE-DMZ-01521,CSE-TELECOM-03,Telecom,DATABASE,DMZ,CRITICAL,Core Network,IT-OPS,YES,DATABASE|AUTH|OT,2026-09-10T05:18:19Z,ACTIVE,EDR-Collector,PRODUCTION,2021-04-09
AST-001521,TELE-SCADA-01522,CSE-TELECOM-03,Telecom,NETWORK_DEVICE,SCADA,LOW,BSS,IT-OPS,YES,OT|PRIVILEGE,2026-07-28T22:45:29Z,ACTIVE,EDR-Collector,PRODUCTION,2021-01-12
AST-001522,TELE-CORPORATE-01523,CSE-TELECOM-03,Telecom,FIREWALL,CORPORATE,CRITICAL,Identity,IT-OPS,YES,WEB|EXFILTRATION|PRIVILEGE,2026-07-01T00:12:37Z,ACTIVE,EDR-Collector,DR,2023-04-15
AST-001523,TELE-SCADA-01524,CSE-TELECOM-03,Telecom,APPLICATION,SCADA,MEDIUM,Core Network,OT-OPS,YES,PRIVILEGE|NETWORK,2026-08-16T03:21:07Z,ACTIVE,Splunk-ES,DR,2021-07-08
AST-001524,TELE-CORPORATE-01525,CSE-TELECOM-03,Telecom,APPLICATION,CORPORATE,HIGH,BSS,OT-OPS,YES,OT|NETWORK|DATABASE,2026-07-23T00:47:49Z,ACTIVE,QRadar-Archive,STAGING,2022-03-06
AST-001525,TELE-CORPORATE-01526,CSE-TELECOM-03,Telecom,SERVER,CORPORATE,CRITICAL,IMS,SOC,YES,NETWORK|PRIVILEGE|WEB,2026-08-25T01:46:46Z,ACTIVE,QRadar-Archive,DR,2021-07-13
AST-001526,TELE-DMZ-01527,CSE-TELECOM-03,Telecom,APPLICATION,DMZ,HIGH,Core Network,SOC,YES,WEB|OT|EXFILTRATION,2026-09-10T04:13:35Z,ACTIVE,QRadar-Archive,PRODUCTION,2022-02-16
AST-001527,TELE-DC-01528,CSE-TELECOM-03,Telecom,SERVER,DC,HIGH,Core Network,OT-OPS,YES,PRIVILEGE|ENDPOINT|DATABASE,2026-07-31T01:25:53Z,ACTIVE,Splunk-ES,DR,2020-10-24
AST-001528,TELE-CORPORATE-01529,CSE-TELECOM-03,Telecom,WORKSTATION,CORPORATE,LOW,IMS,IT-OPS,YES,OT|WEB,2026-07-31T19:01:44Z,ACTIVE,Splunk-ES,STAGING,2026-02-16
AST-001529,TELE-DC-01530,CSE-TELECOM-03,Telecom,WORKSTATION,DC,MEDIUM,Identity,OT-OPS,YES,DATABASE|ENDPOINT,2026-07-03T22:51:20Z,ACTIVE,QRadar-Archive,DR,2021-03-05
AST-001530,TELE-DC-01531,CSE-TELECOM-03,Telecom,NETWORK_DEVICE,DC,MEDIUM,BSS,SOC,YES,PRIVILEGE|WEB,2026-09-07T13:28:54Z,ACTIVE,EDR-Collector,DR,2021-04-30
AST-001531,TELE-CORPORATE-01532,CSE-TELECOM-03,Telecom,FIREWALL,CORPORATE,MEDIUM,Identity,IT-OPS,YES,EXFILTRATION|NETWORK,2026-09-24T21:13:09Z,ACTIVE,EDR-Collector,DR,2024-06-07
AST-001532,TELE-DMZ-01533,CSE-TELECOM-03,Telecom,FIREWALL,DMZ,MEDIUM,IMS,IT-OPS,YES,OT|ENDPOINT,2026-07-19T11:08:16Z,ACTIVE,Sentinel-Bridge,PRODUCTION,2024-06-29
AST-001533,TELE-CORPORATE-01534,CSE-TELECOM-03,Telecom,SERVER,CORPORATE,MEDIUM,Identity,SOC,YES,PRIVILEGE|ENDPOINT,2026-08-16T22:13:18Z,ACTIVE,Sentinel-Bridge,PRODUCTION,2025-05-21
AST-001534,TELE-SCADA-01535,CSE-TELECOM-03,Telecom,APPLICATION,SCADA,MEDIUM,IMS,OT-OPS,YES,WEB|AUTH,2026-08-19T22:34:31Z,ACTIVE,Sentinel-Bridge,DR,2023-02-03
AST-001535,TELE-CORPORATE-01536,CSE-TELECOM-03,Telecom,APPLICATION,CORPORATE,HIGH,BSS,OT-OPS,YES,NETWORK|ENDPOINT|OT,2026-07-18T10:51:55Z,ACTIVE,QRadar-Archive,DR,2026-01-15
AST-001536,TELE-OT-01537,CSE-TELECOM-03,Telecom,PLC,OT,HIGH,Identity,IT-OPS,YES,PRIVILEGE|OT|WEB,2026-08-25T17:48:45Z,ACTIVE,EDR-Collector,DR,2022-04-02
AST-001537,TELE-CORPORATE-01538,CSE-TELECOM-03,Telecom,WORKSTATION,CORPORATE,HIGH,Identity,APPSEC,YES,ENDPOINT|EXFILTRATION|OT,2026-07-17T16:14:13Z,DEGRADED,Splunk-ES,STAGING,2022-03-08
AST-001538,TELE-CORPORATE-01539,CSE-TELECOM-03,Telecom,FIREWALL,CORPORATE,LOW,Core Network,OT-OPS,YES,WEB|PRIVILEGE,2026-07-07T10:07:42Z,ACTIVE,Sentinel-Bridge,DR,2021-01-23
AST-001539,TELE-CORPORATE-01540,CSE-TELECOM-03,Telecom,FIREWALL,CORPORATE,CRITICAL,BSS,OT-OPS,YES,WEB|OT|EXFILTRATION,2026-07-07T05:13:05Z,ACTIVE,EDR-Collector,STAGING,2025-09-03
AST-001540,TELE-CORPORATE-01541,CSE-TELECOM-03,Telecom,SERVER,CORPORATE,LOW,IMS,APPSEC,YES,EXFILTRATION|ENDPOINT,2026-07-17T10:02:25Z,ACTIVE,EDR-Collector,DR,2021-02-06
AST-001541,TELE-DMZ-01542,CSE-TELECOM-03,Telecom,NETWORK_DEVICE,DMZ,LOW,Identity,OT-OPS,YES,AUTH|NETWORK,2026-08-20T06:28:47Z,ACTIVE,QRadar-Archive,STAGING,2024-01-19
AST-001542,TELE-DMZ-01543,CSE-TELECOM-03,Telecom,SERVER,DMZ,MEDIUM,BSS,APPSEC,YES,EXFILTRATION|ENDPOINT,2026-09-19T08:30:00Z,ACTIVE,QRadar-Archive,DR,2025-06-07
AST-001543,TELE-OT-01544,CSE-TELECOM-03,Telecom,PLC,OT,HIGH,Core Network,APPSEC,YES,DATABASE|EXFILTRATION|OT,2026-08-08T09:43:33Z,DEGRADED,QRadar-Archive,STAGING,2025-05-07
AST-001544,TELE-DMZ-01545,CSE-TELECOM-03,Telecom,SERVER,DMZ,LOW,Core Network,NETSEC,YES,NETWORK|OT,2026-07-19T11:48:56Z,DEGRADED,Splunk-ES,DR,2024-11-24
AST-001545,TELE-OT-01546,CSE-TELECOM-03,Telecom,FIREWALL,OT,HIGH,IMS,NETSEC,YES,PRIVILEGE|WEB|NETWORK,2026-09-04T18:47:46Z,ACTIVE,QRadar-Archive,STAGING,2022-08-06
AST-001546,TELE-DC-01547,CSE-TELECOM-03,Telecom,SERVER,DC,HIGH,BSS,NETSEC,YES,AUTH|WEB|DATABASE,2026-09-30T09:30:08Z,ACTIVE,Sentinel-Bridge,DR,2022-03-25
AST-001547,TELE-OT-01548,CSE-TELECOM-03,Telecom,APPLICATION,OT,MEDIUM,BSS,IT-OPS,YES,PRIVILEGE|EXFILTRATION,2026-07-27T22:35:49Z,ACTIVE,EDR-Collector,DR,2025-05-22
AST-001548,TELE-CORPORATE-01549,CSE-TELECOM-03,Telecom,SERVER,CORPORATE,CRITICAL,Identity,APPSEC,YES,OT|WEB|DATABASE,2026-07-14T07:44:22Z,ACTIVE,Sentinel-Bridge,STAGING,2020-10-04
AST-001549,TELE-CORPORATE-01550,CSE-TELECOM-03,Telecom,SERVER,CORPORATE,HIGH,Core Network,SOC,YES,DATABASE|AUTH|NETWORK,2026-09-27T11:59:54Z,ACTIVE,Splunk-ES,STAGING,2023-04-16
AST-001550,TELE-DC-01551,CSE-TELECOM-03,Telecom,SERVER,DC,MEDIUM,Core Network,SOC,YES,OT|ENDPOINT,2026-09-05T10:12:53Z,ACTIVE,Splunk-ES,DR,2021-08-08
AST-001551,TELE-CORPORATE-01552,CSE-TELECOM-03,Telecom,SERVER,CORPORATE,MEDIUM,IMS,OT-OPS,YES,AUTH|ENDPOINT,2026-07-19T19:21:07Z,ACTIVE,EDR-Collector,DR,2020-01-08
AST-001552,TELE-SCADA-01553,CSE-TELECOM-03,Telecom,SERVER,SCADA,MEDIUM,Core Network,IT-OPS,YES,WEB|OT,2026-07-22T22:37:11Z,ACTIVE,Splunk-ES,DR,2023-06-16
AST-001553,TELE-CORPORATE-01554,CSE-TELECOM-03,Telecom,NETWORK_DEVICE,CORPORATE,CRITICAL,BSS,SOC,YES,WEB|DATABASE|AUTH,2026-09-21T23:59:59Z,ACTIVE,Splunk-ES,STAGING,2025-01-12
AST-001554,TELE-CORPORATE-01555,CSE-TELECOM-03,Telecom,WORKSTATION,CORPORATE,LOW,Identity,NETSEC,YES,OT|PRIVILEGE,2026-07-30T06:55:28Z,DEGRADED,Splunk-ES,STAGING,2021-02-15
AST-001555,TELE-CORPORATE-01556,CSE-TELECOM-03,Telecom,NETWORK_DEVICE,CORPORATE,CRITICAL,BSS,OT-OPS,YES,PRIVILEGE|ENDPOINT|EXFILTRATION,2026-07-07T09:15:09Z,ACTIVE,Splunk-ES,PRODUCTION,2025-10-06
AST-001556,TELE-OT-01557,CSE-TELECOM-03,Telecom,PLC,OT,MEDIUM,Core Network,SOC,YES,AUTH|WEB,2026-09-24T17:24:28Z,ACTIVE,EDR-Collector,PRODUCTION,2024-06-13
AST-001557,TELE-CORPORATE-01558,CSE-TELECOM-03,Telecom,WORKSTATION,CORPORATE,MEDIUM,IMS,IT-OPS,YES,PRIVILEGE|OT,2026-09-30T12:09:25Z,ACTIVE,QRadar-Archive,PRODUCTION,2025-05-09
AST-001558,TELE-CORPORATE-01559,CSE-TELECOM-03,Telecom,SERVER,CORPORATE,HIGH,IMS,APPSEC,YES,DATABASE|OT|AUTH,2026-08-07T00:48:35Z,ACTIVE,Splunk-ES,DR,2022-05-08
AST-001559,TELE-DMZ-01560,CSE-TELECOM-03,Telecom,APPLICATION,DMZ,HIGH,Core Network,NETSEC,YES,AUTH|DATABASE|WEB,2026-08-15T22:46:14Z,ACTIVE,QRadar-Archive,DR,2022-11-14
AST-001560,TELE-CORPORATE-01561,CSE-TELECOM-03,Telecom,WORKSTATION,CORPORATE,LOW,Core Network,NETSEC,YES,NETWORK|ENDPOINT,2026-08-03T20:52:02Z,ACTIVE,Splunk-ES,STAGING,2026-01-29
AST-001561,TELE-OT-01562,CSE-TELECOM-03,Telecom,SERVER,OT,HIGH,IMS,APPSEC,YES,PRIVILEGE|WEB|OT,2026-08-24T01:47:48Z,ACTIVE,EDR-Collector,STAGING,2023-11-20
AST-001562,TELE-OT-01563,CSE-TELECOM-03,Telecom,PLC,OT,CRITICAL,IMS,IT-OPS,YES,WEB|NETWORK|EXFILTRATION,2026-07-13T11:32:28Z,ACTIVE,Splunk-ES,STAGING,2020-11-30
AST-001563,TELE-DC-01564,CSE-TELECOM-03,Telecom,WORKSTATION,DC,MEDIUM,Identity,APPSEC,YES,PRIVILEGE|EXFILTRATION,2026-09-25T13:15:00Z,ACTIVE,EDR-Collector,PRODUCTION,2023-10-29
AST-001564,TELE-CORPORATE-01565,CSE-TELECOM-03,Telecom,APPLICATION,CORPORATE,MEDIUM,Core Network,IT-OPS,YES,NETWORK|PRIVILEGE,2026-07-12T12:57:14Z,ACTIVE,Sentinel-Bridge,STAGING,2024-08-21
AST-001565,TELE-CORPORATE-01566,CSE-TELECOM-03,Telecom,SERVER,CORPORATE,HIGH,Identity,NETSEC,YES,EXFILTRATION|DATABASE|OT,2026-09-30T15:32:07Z,ACTIVE,Splunk-ES,PRODUCTION,2025-06-15
AST-001566,TELE-OT-01567,CSE-TELECOM-03,Telecom,NETWORK_DEVICE,OT,CRITICAL,BSS,SOC,YES,OT|ENDPOINT|DATABASE,2026-09-07T03:38:56Z,ACTIVE,EDR-Collector,DR,2020-10-20
AST-001567,TELE-OT-01568,CSE-TELECOM-03,Telecom,NETWORK_DEVICE,OT,MEDIUM,Identity,SOC,YES,AUTH|OT,2026-08-06T09:34:30Z,ACTIVE,Splunk-ES,DR,2020-07-03
AST-001568,TELE-DC-01569,CSE-TELECOM-03,Telecom,SERVER,DC,MEDIUM,Identity,IT-OPS,YES,AUTH|OT,2026-07-18T02:11:20Z,ACTIVE,Sentinel-Bridge,DR,2022-07-24
AST-001569,TELE-OT-01570,CSE-TELECOM-03,Telecom,HMI,OT,CRITICAL,Core Network,SOC,YES,AUTH|NETWORK|DATABASE,2026-08-08T01:31:34Z,ACTIVE,QRadar-Archive,PRODUCTION,2022-11-14
AST-001570,TELE-OT-01571,CSE-TELECOM-03,Telecom,HMI,OT,HIGH,Identity,IT-OPS,YES,PRIVILEGE|WEB|EXFILTRATION,2026-09-26T13:41:40Z,ACTIVE,Splunk-ES,STAGING,2026-01-13
AST-001571,TELE-CORPORATE-01572,CSE-TELECOM-03,Telecom,NETWORK_DEVICE,CORPORATE,HIGH,Identity,NETSEC,YES,WEB|AUTH|EXFILTRATION,2026-08-08T20:57:50Z,ACTIVE,EDR-Collector,DR,2024-09-01
AST-001572,TELE-DMZ-01573,CSE-TELECOM-03,Telecom,NETWORK_DEVICE,DMZ,MEDIUM,Identity,NETSEC,YES,DATABASE|PRIVILEGE,2026-09-19T00:42:46Z,ACTIVE,QRadar-Archive,PRODUCTION,2023-01-25
AST-001573,TELE-CORPORATE-01574,CSE-TELECOM-03,Telecom,NETWORK_DEVICE,CORPORATE,LOW,Identity,IT-OPS,YES,OT|WEB,2026-08-02T14:02:01Z,ACTIVE,Sentinel-Bridge,STAGING,2025-01-06
AST-001574,TELE-CORPORATE-01575,CSE-TELECOM-03,Telecom,FIREWALL,CORPORATE,MEDIUM,BSS,IT-OPS,YES,WEB|PRIVILEGE,2026-08-21T02:06:36Z,ACTIVE,QRadar-Archive,DR,2025-12-08
AST-001575,TELE-SCADA-01576,CSE-TELECOM-03,Telecom,NETWORK_DEVICE,SCADA,LOW,Core Network,APPSEC,YES,EXFILTRATION|NETWORK,2026-08-29T11:04:28Z,ACTIVE,QRadar-Archive,DR,2020-02-09
AST-001576,TELE-DMZ-01577,CSE-TELECOM-03,Telecom,APPLICATION,DMZ,LOW,BSS,OT-OPS,YES,AUTH|ENDPOINT,2026-09-28T00:50:03Z,ACTIVE,EDR-Collector,STAGING,2020-05-06
AST-001577,TELE-DC-01578,CSE-TELECOM-03,Telecom,SERVER,DC,LOW,IMS,IT-OPS,YES,PRIVILEGE|EXFILTRATION,2026-08-28T14:26:24Z,ACTIVE,QRadar-Archive,DR,2024-10-06
AST-001578,TELE-DMZ-01579,CSE-TELECOM-03,Telecom,SERVER,DMZ,HIGH,IMS,OT-OPS,YES,EXFILTRATION|OT|PRIVILEGE,2026-08-20T14:32:39Z,ACTIVE,Splunk-ES,DR,2020-04-06
AST-001579,TELE-OT-01580,CSE-TELECOM-03,Telecom,SERVER,OT,MEDIUM,Core Network,OT-OPS,YES,OT|DATABASE,2026-08-30T17:25:57Z,ACTIVE,Splunk-ES,DR,2021-08-23
AST-001580,TELE-OT-01581,CSE-TELECOM-03,Telecom,PLC,OT,MEDIUM,Identity,NETSEC,YES,ENDPOINT|NETWORK,2026-07-25T11:32:41Z,ACTIVE,QRadar-Archive,DR,2023-05-04
AST-001581,TELE-CORPORATE-01582,CSE-TELECOM-03,Telecom,APPLICATION,CORPORATE,HIGH,BSS,OT-OPS,YES,ENDPOINT|EXFILTRATION|NETWORK,2026-08-26T22:09:04Z,DEGRADED,Splunk-ES,DR,2021-07-26
AST-001582,TELE-OT-01583,CSE-TELECOM-03,Telecom,DATABASE,OT,MEDIUM,BSS,IT-OPS,YES,ENDPOINT|DATABASE,2026-08-30T18:59:45Z,ACTIVE,Splunk-ES,DR,2021-01-06
AST-001583,TELE-DMZ-01584,CSE-TELECOM-03,Telecom,NETWORK_DEVICE,DMZ,CRITICAL,IMS,NETSEC,YES,EXFILTRATION|WEB|PRIVILEGE,2026-08-29T14:43:32Z,ACTIVE,Splunk-ES,DR,2021-11-24
AST-001584,TELE-OT-01585,CSE-TELECOM-03,Telecom,PLC,OT,LOW,Core Network,OT-OPS,YES,DATABASE|WEB,2026-08-16T21:38:02Z,ACTIVE,Splunk-ES,PRODUCTION,2025-02-06
AST-001585,TELE-CORPORATE-01586,CSE-TELECOM-03,Telecom,FIREWALL,CORPORATE,MEDIUM,BSS,OT-OPS,YES,PRIVILEGE|DATABASE,2026-07-06T05:16:25Z,DEGRADED,Sentinel-Bridge,DR,2021-06-22
AST-001586,TELE-DC-01587,CSE-TELECOM-03,Telecom,NETWORK_DEVICE,DC,MEDIUM,Core Network,NETSEC,YES,WEB|NETWORK,2026-09-05T16:20:45Z,ACTIVE,Sentinel-Bridge,STAGING,2020-06-19
AST-001587,TELE-SCADA-01588,CSE-TELECOM-03,Telecom,FIREWALL,SCADA,HIGH,Identity,NETSEC,YES,WEB|AUTH|DATABASE,2026-09-05T21:15:05Z,ACTIVE,Sentinel-Bridge,DR,2025-06-25
AST-001588,TELE-OT-01589,CSE-TELECOM-03,Telecom,PLC,OT,CRITICAL,Core Network,IT-OPS,YES,ENDPOINT|NETWORK|PRIVILEGE,2026-07-25T18:15:50Z,ACTIVE,QRadar-Archive,STAGING,2023-05-08
AST-001589,TELE-CORPORATE-01590,CSE-TELECOM-03,Telecom,SERVER,CORPORATE,MEDIUM,Identity,OT-OPS,YES,NETWORK|DATABASE,2026-07-09T11:02:09Z,ACTIVE,EDR-Collector,STAGING,2021-03-08
AST-001590,TELE-DMZ-01591,CSE-TELECOM-03,Telecom,WORKSTATION,DMZ,MEDIUM,IMS,SOC,YES,AUTH|WEB,2026-09-14T00:15:29Z,ACTIVE,Splunk-ES,PRODUCTION,2025-01-05
AST-001591,TELE-OT-01592,CSE-TELECOM-03,Telecom,APPLICATION,OT,CRITICAL,IMS,APPSEC,YES,AUTH|WEB|EXFILTRATION,2026-07-13T11:54:50Z,ACTIVE,Splunk-ES,DR,2021-05-16
AST-001592,TELE-DC-01593,CSE-TELECOM-03,Telecom,NETWORK_DEVICE,DC,MEDIUM,Core Network,NETSEC,YES,AUTH|NETWORK,2026-08-18T22:36:40Z,ACTIVE,EDR-Collector,PRODUCTION,2022-04-17
AST-001593,TELE-DC-01594,CSE-TELECOM-03,Telecom,NETWORK_DEVICE,DC,HIGH,Core Network,SOC,YES,PRIVILEGE|ENDPOINT|DATABASE,2026-09-09T01:25:20Z,ACTIVE,Sentinel-Bridge,PRODUCTION,2022-10-22
AST-001594,TELE-CORPORATE-01595,CSE-TELECOM-03,Telecom,WORKSTATION,CORPORATE,HIGH,Identity,APPSEC,YES,AUTH|WEB|ENDPOINT,2026-07-14T12:00:45Z,ACTIVE,Sentinel-Bridge,PRODUCTION,2025-06-30
AST-001595,TELE-CORPORATE-01596,CSE-TELECOM-03,Telecom,WORKSTATION,CORPORATE,MEDIUM,Core Network,APPSEC,YES,ENDPOINT|OT,2026-07-01T10:41:56Z,ACTIVE,EDR-Collector,STAGING,2020-02-02
AST-001596,TELE-DC-01597,CSE-TELECOM-03,Telecom,WORKSTATION,DC,HIGH,Core Network,NETSEC,YES,PRIVILEGE|DATABASE|WEB,2026-08-10T00:02:55Z,ACTIVE,Sentinel-Bridge,STAGING,2023-09-18
AST-001597,TELE-CORPORATE-01598,CSE-TELECOM-03,Telecom,DATABASE,CORPORATE,HIGH,BSS,NETSEC,YES,EXFILTRATION|NETWORK|DATABASE,2026-07-06T10:53:58Z,DEGRADED,Sentinel-Bridge,DR,2025-04-04
AST-001598,TELE-OT-01599,CSE-TELECOM-03,Telecom,HMI,OT,MEDIUM,IMS,APPSEC,YES,ENDPOINT|OT,2026-08-30T22:15:45Z,DEGRADED,QRadar-Archive,STAGING,2025-12-27
AST-001599,TELE-OT-01600,CSE-TELECOM-03,Telecom,PLC,OT,MEDIUM,Core Network,SOC,YES,NETWORK|PRIVILEGE,2026-09-30T16:50:41Z,ACTIVE,QRadar-Archive,STAGING,2022-07-12
AST-001600,TELE-DC-01601,CSE-TELECOM-03,Telecom,NETWORK_DEVICE,DC,CRITICAL,BSS,IT-OPS,YES,PRIVILEGE|OT|EXFILTRATION,2026-09-25T19:56:00Z,DEGRADED,Splunk-ES,STAGING,2024-05-24
AST-001601,TELE-DC-01602,CSE-TELECOM-03,Telecom,SERVER,DC,HIGH,Identity,NETSEC,YES,EXFILTRATION|WEB|NETWORK,2026-08-20T18:59:26Z,ACTIVE,Splunk-ES,PRODUCTION,2022-11-23
AST-001602,TELE-DMZ-01603,CSE-TELECOM-03,Telecom,APPLICATION,DMZ,HIGH,Core Network,IT-OPS,YES,PRIVILEGE|AUTH|DATABASE,2026-09-23T03:40:43Z,ACTIVE,Sentinel-Bridge,STAGING,2022-11-24
AST-001603,TELE-SCADA-01604,CSE-TELECOM-03,Telecom,NETWORK_DEVICE,SCADA,MEDIUM,BSS,SOC,YES,PRIVILEGE|DATABASE,2026-09-05T08:39:44Z,ACTIVE,EDR-Collector,PRODUCTION,2026-01-13
AST-001604,TELE-SCADA-01605,CSE-TELECOM-03,Telecom,NETWORK_DEVICE,SCADA,MEDIUM,BSS,OT-OPS,YES,DATABASE|OT,2026-09-24T16:27:33Z,ACTIVE,Splunk-ES,PRODUCTION,2021-07-01
AST-001605,TELE-DMZ-01606,CSE-TELECOM-03,Telecom,SERVER,DMZ,CRITICAL,IMS,APPSEC,YES,OT|DATABASE|EXFILTRATION,2026-07-08T23:40:45Z,ACTIVE,QRadar-Archive,DR,2020-08-31
AST-001606,TELE-OT-01607,CSE-TELECOM-03,Telecom,WORKSTATION,OT,LOW,Core Network,IT-OPS,YES,DATABASE|EXFILTRATION,2026-09-05T10:49:28Z,ACTIVE,Sentinel-Bridge,STAGING,2024-03-16
AST-001607,TELE-DC-01608,CSE-TELECOM-03,Telecom,FIREWALL,DC,MEDIUM,IMS,OT-OPS,YES,OT|EXFILTRATION,2026-08-11T21:55:27Z,ACTIVE,Splunk-ES,DR,2023-05-31
AST-001608,TELE-DMZ-01609,CSE-TELECOM-03,Telecom,NETWORK_DEVICE,DMZ,CRITICAL,Identity,APPSEC,YES,ENDPOINT|DATABASE|WEB,2026-09-12T17:13:53Z,ACTIVE,Splunk-ES,PRODUCTION,2021-11-29
AST-001609,TELE-CORPORATE-01610,CSE-TELECOM-03,Telecom,FIREWALL,CORPORATE,HIGH,Core Network,APPSEC,YES,PRIVILEGE|WEB|EXFILTRATION,2026-08-10T03:08:38Z,ACTIVE,QRadar-Archive,DR,2020-09-03
AST-001610,TELE-SCADA-01611,CSE-TELECOM-03,Telecom,SERVER,SCADA,HIGH,Core Network,OT-OPS,YES,EXFILTRATION|NETWORK|OT,2026-09-12T02:34:34Z,ACTIVE,EDR-Collector,STAGING,2021-06-07
AST-001611,TELE-CORPORATE-01612,CSE-TELECOM-03,Telecom,WORKSTATION,CORPORATE,HIGH,IMS,SOC,YES,WEB|PRIVILEGE|EXFILTRATION,2026-07-12T04:11:39Z,ACTIVE,EDR-Collector,STAGING,2025-01-11
AST-001612,TELE-SCADA-01613,CSE-TELECOM-03,Telecom,SERVER,SCADA,LOW,IMS,OT-OPS,YES,WEB|OT,2026-09-04T13:25:15Z,DEGRADED,EDR-Collector,STAGING,2021-07-14
AST-001613,TELE-CORPORATE-01614,CSE-TELECOM-03,Telecom,SERVER,CORPORATE,HIGH,Identity,OT-OPS,YES,OT|NETWORK|ENDPOINT,2026-09-18T22:53:08Z,ACTIVE,QRadar-Archive,STAGING,2025-12-19
AST-001614,TELE-OT-01615,CSE-TELECOM-03,Telecom,NETWORK_DEVICE,OT,LOW,IMS,SOC,YES,DATABASE|PRIVILEGE,2026-09-20T14:19:45Z,ACTIVE,EDR-Collector,STAGING,2020-09-26
AST-001615,TELE-CORPORATE-01616,CSE-TELECOM-03,Telecom,SERVER,CORPORATE,HIGH,Identity,APPSEC,YES,WEB|ENDPOINT|EXFILTRATION,2026-08-10T11:45:36Z,ACTIVE,Splunk-ES,DR,2021-10-11
AST-001616,TELE-OT-01617,CSE-TELECOM-03,Telecom,APPLICATION,OT,LOW,BSS,NETSEC,YES,WEB|EXFILTRATION,2026-08-21T10:01:01Z,ACTIVE,EDR-Collector,DR,2024-06-27
AST-001617,TELE-OT-01618,CSE-TELECOM-03,Telecom,SERVER,OT,MEDIUM,Core Network,IT-OPS,YES,DATABASE|OT,2026-09-02T00:23:50Z,ACTIVE,Splunk-ES,PRODUCTION,2024-10-11
AST-001618,TELE-CORPORATE-01619,CSE-TELECOM-03,Telecom,WORKSTATION,CORPORATE,CRITICAL,IMS,OT-OPS,YES,AUTH|PRIVILEGE|WEB,2026-07-28T02:49:14Z,ACTIVE,Splunk-ES,DR,2020-02-18
AST-001619,TELE-OT-01620,CSE-TELECOM-03,Telecom,WORKSTATION,OT,LOW,Core Network,APPSEC,YES,AUTH|DATABASE,2026-07-06T05:35:27Z,ACTIVE,EDR-Collector,DR,2024-05-13
AST-001620,TELE-DC-01621,CSE-TELECOM-03,Telecom,SERVER,DC,HIGH,BSS,IT-OPS,YES,OT|PRIVILEGE|AUTH,2026-08-08T11:18:06Z,ACTIVE,Splunk-ES,DR,2022-07-25
AST-001621,TELE-CORPORATE-01622,CSE-TELECOM-03,Telecom,WORKSTATION,CORPORATE,LOW,Core Network,IT-OPS,YES,EXFILTRATION|ENDPOINT,2026-07-14T05:14:30Z,ACTIVE,Sentinel-Bridge,DR,2020-07-18
AST-001622,TELE-CORPORATE-01623,CSE-TELECOM-03,Telecom,SERVER,CORPORATE,MEDIUM,Identity,IT-OPS,YES,ENDPOINT|EXFILTRATION,2026-08-05T12:24:40Z,DEGRADED,QRadar-Archive,PRODUCTION,2020-10-24
AST-001623,TELE-OT-01624,CSE-TELECOM-03,Telecom,HMI,OT,MEDIUM,BSS,IT-OPS,YES,DATABASE|OT,2026-08-16T08:53:48Z,ACTIVE,Sentinel-Bridge,STAGING,2024-12-22
AST-001624,TELE-CORPORATE-01625,CSE-TELECOM-03,Telecom,SERVER,CORPORATE,LOW,Identity,APPSEC,YES,WEB|AUTH,2026-09-12T15:13:17Z,ACTIVE,QRadar-Archive,DR,2025-05-07
AST-001625,TELE-DMZ-01626,CSE-TELECOM-03,Telecom,SERVER,DMZ,CRITICAL,Identity,APPSEC,YES,OT|DATABASE|WEB,2026-08-06T02:35:14Z,ACTIVE,EDR-Collector,DR,2020-06-13
AST-001626,TELE-DMZ-01627,CSE-TELECOM-03,Telecom,APPLICATION,DMZ,HIGH,Identity,OT-OPS,YES,WEB|ENDPOINT|PRIVILEGE,2026-07-16T04:13:44Z,ACTIVE,EDR-Collector,DR,2021-08-14
AST-001627,TELE-DMZ-01628,CSE-TELECOM-03,Telecom,NETWORK_DEVICE,DMZ,HIGH,BSS,NETSEC,YES,PRIVILEGE|DATABASE|EXFILTRATION,2026-07-04T15:46:34Z,ACTIVE,QRadar-Archive,DR,2023-01-16
AST-001628,TELE-CORPORATE-01629,CSE-TELECOM-03,Telecom,SERVER,CORPORATE,HIGH,BSS,SOC,YES,ENDPOINT|EXFILTRATION|AUTH,2026-07-09T08:13:29Z,ACTIVE,QRadar-Archive,DR,2022-10-25
AST-001629,TELE-CORPORATE-01630,CSE-TELECOM-03,Telecom,DATABASE,CORPORATE,MEDIUM,Core Network,IT-OPS,YES,ENDPOINT|EXFILTRATION,2026-08-07T14:03:54Z,ACTIVE,EDR-Collector,PRODUCTION,2024-02-06
AST-001630,TELE-CORPORATE-01631,CSE-TELECOM-03,Telecom,SERVER,CORPORATE,MEDIUM,Identity,NETSEC,YES,AUTH|DATABASE,2026-08-03T01:43:19Z,ACTIVE,EDR-Collector,STAGING,2020-10-24
AST-001631,TELE-DMZ-01632,CSE-TELECOM-03,Telecom,SERVER,DMZ,MEDIUM,IMS,NETSEC,YES,NETWORK|DATABASE,2026-07-24T03:44:18Z,ACTIVE,QRadar-Archive,DR,2024-01-17
AST-001632,TELE-DC-01633,CSE-TELECOM-03,Telecom,SERVER,DC,CRITICAL,Identity,IT-OPS,YES,PRIVILEGE|DATABASE|ENDPOINT,2026-07-02T14:12:38Z,ACTIVE,EDR-Collector,DR,2020-12-30
AST-001633,TELE-CORPORATE-01634,CSE-TELECOM-03,Telecom,FIREWALL,CORPORATE,MEDIUM,Core Network,IT-OPS,YES,WEB|AUTH,2026-09-07T06:08:01Z,ACTIVE,Sentinel-Bridge,PRODUCTION,2020-04-20
AST-001634,TELE-OT-01635,CSE-TELECOM-03,Telecom,WORKSTATION,OT,HIGH,Core Network,OT-OPS,YES,NETWORK|ENDPOINT|AUTH,2026-08-05T03:04:36Z,ACTIVE,Splunk-ES,PRODUCTION,2020-08-31
AST-001635,TELE-CORPORATE-01636,CSE-TELECOM-03,Telecom,FIREWALL,CORPORATE,MEDIUM,BSS,SOC,YES,NETWORK|ENDPOINT,2026-07-07T12:45:07Z,ACTIVE,Splunk-ES,DR,2020-11-02
AST-001636,TELE-DC-01637,CSE-TELECOM-03,Telecom,APPLICATION,DC,MEDIUM,Identity,APPSEC,YES,PRIVILEGE|EXFILTRATION,2026-08-17T17:44:24Z,ACTIVE,Splunk-ES,STAGING,2026-01-22
AST-001637,TELE-SCADA-01638,CSE-TELECOM-03,Telecom,APPLICATION,SCADA,LOW,IMS,APPSEC,YES,NETWORK|AUTH,2026-07-26T15:06:32Z,ACTIVE,EDR-Collector,PRODUCTION,2021-05-21
AST-001638,TELE-DMZ-01639,CSE-TELECOM-03,Telecom,FIREWALL,DMZ,HIGH,IMS,NETSEC,YES,NETWORK|AUTH|PRIVILEGE,2026-07-08T15:25:57Z,ACTIVE,Sentinel-Bridge,STAGING,2022-02-03
AST-001639,TELE-DC-01640,CSE-TELECOM-03,Telecom,SERVER,DC,MEDIUM,BSS,SOC,YES,ENDPOINT|AUTH,2026-07-30T20:59:12Z,ACTIVE,QRadar-Archive,DR,2025-08-10
AST-001640,TELE-OT-01641,CSE-TELECOM-03,Telecom,NETWORK_DEVICE,OT,LOW,Core Network,IT-OPS,YES,OT|EXFILTRATION,2026-08-04T23:30:24Z,ACTIVE,Splunk-ES,DR,2024-02-24
AST-001641,TELE-CORPORATE-01642,CSE-TELECOM-03,Telecom,WORKSTATION,CORPORATE,HIGH,Identity,IT-OPS,YES,PRIVILEGE|DATABASE|EXFILTRATION,2026-09-08T15:40:43Z,ACTIVE,QRadar-Archive,DR,2020-05-10
AST-001642,TELE-DC-01643,CSE-TELECOM-03,Telecom,NETWORK_DEVICE,DC,MEDIUM,Identity,IT-OPS,YES,NETWORK|DATABASE,2026-08-05T18:03:35Z,ACTIVE,QRadar-Archive,STAGING,2022-04-02
AST-001643,TELE-CORPORATE-01644,CSE-TELECOM-03,Telecom,SERVER,CORPORATE,MEDIUM,Identity,IT-OPS,YES,ENDPOINT|WEB,2026-08-11T23:41:10Z,DEGRADED,Splunk-ES,DR,2023-05-15
AST-001644,TELE-DMZ-01645,CSE-TELECOM-03,Telecom,FIREWALL,DMZ,HIGH,IMS,SOC,YES,PRIVILEGE|WEB|EXFILTRATION,2026-07-19T22:17:35Z,ACTIVE,Sentinel-Bridge,STAGING,2023-09-21
AST-001645,TELE-DC-01646,CSE-TELECOM-03,Telecom,SERVER,DC,MEDIUM,Core Network,OT-OPS,YES,ENDPOINT|WEB,2026-08-15T07:56:44Z,ACTIVE,QRadar-Archive,STAGING,2024-02-19
AST-001646,TELE-DMZ-01647,CSE-TELECOM-03,Telecom,DATABASE,DMZ,LOW,Core Network,NETSEC,YES,NETWORK|EXFILTRATION,2026-07-29T08:43:37Z,ACTIVE,Splunk-ES,STAGING,2025-11-26
AST-001647,TELE-CORPORATE-01648,CSE-TELECOM-03,Telecom,DATABASE,CORPORATE,MEDIUM,BSS,OT-OPS,YES,DATABASE|WEB,2026-09-07T14:33:23Z,ACTIVE,EDR-Collector,STAGING,2025-02-15
AST-001648,TELE-OT-01649,CSE-TELECOM-03,Telecom,NETWORK_DEVICE,OT,MEDIUM,BSS,SOC,YES,PRIVILEGE|ENDPOINT,2026-07-23T02:16:24Z,ACTIVE,EDR-Collector,DR,2022-06-11
AST-001649,TELE-DC-01650,CSE-TELECOM-03,Telecom,WORKSTATION,DC,MEDIUM,Core Network,NETSEC,YES,DATABASE|ENDPOINT,2026-08-10T23:49:01Z,ACTIVE,Splunk-ES,PRODUCTION,2025-12-24
AST-001650,TELE-DMZ-01651,CSE-TELECOM-03,Telecom,WORKSTATION,DMZ,CRITICAL,Identity,APPSEC,YES,AUTH|PRIVILEGE|EXFILTRATION,2026-08-21T16:17:30Z,ACTIVE,QRadar-Archive,PRODUCTION,2024-07-21
AST-001651,TELE-CORPORATE-01652,CSE-TELECOM-03,Telecom,DATABASE,CORPORATE,HIGH,BSS,SOC,YES,WEB|EXFILTRATION|NETWORK,2026-09-04T11:59:29Z,ACTIVE,Sentinel-Bridge,DR,2023-07-16
AST-001652,TELE-OT-01653,CSE-TELECOM-03,Telecom,PLC,OT,HIGH,Core Network,OT-OPS,YES,ENDPOINT|EXFILTRATION|DATABASE,2026-08-12T07:26:19Z,ACTIVE,QRadar-Archive,STAGING,2020-12-01
AST-001653,TELE-CORPORATE-01654,CSE-TELECOM-03,Telecom,SERVER,CORPORATE,LOW,Identity,NETSEC,YES,AUTH|EXFILTRATION,2026-08-28T17:57:42Z,ACTIVE,EDR-Collector,DR,2020-03-16
AST-001654,TELE-CORPORATE-01655,CSE-TELECOM-03,Telecom,APPLICATION,CORPORATE,HIGH,Identity,SOC,YES,ENDPOINT|OT|DATABASE,2026-07-04T09:08:11Z,ACTIVE,EDR-Collector,STAGING,2025-02-24
AST-001655,TELE-CORPORATE-01656,CSE-TELECOM-03,Telecom,WORKSTATION,CORPORATE,LOW,IMS,SOC,YES,NETWORK|PRIVILEGE,2026-07-13T18:11:39Z,ACTIVE,EDR-Collector,STAGING,2023-10-05
AST-001656,TELE-CORPORATE-01657,CSE-TELECOM-03,Telecom,SERVER,CORPORATE,MEDIUM,Core Network,APPSEC,YES,DATABASE|PRIVILEGE,2026-07-08T22:23:48Z,DEGRADED,Sentinel-Bridge,DR,2021-10-11
AST-001657,TELE-DC-01658,CSE-TELECOM-03,Telecom,NETWORK_DEVICE,DC,MEDIUM,BSS,NETSEC,YES,DATABASE|AUTH,2026-07-23T17:48:02Z,MISSING,EDR-Collector,STAGING,2021-11-14
AST-001658,TELE-CORPORATE-01659,CSE-TELECOM-03,Telecom,WORKSTATION,CORPORATE,HIGH,Identity,APPSEC,YES,PRIVILEGE|ENDPOINT|WEB,2026-08-07T09:53:10Z,ACTIVE,QRadar-Archive,PRODUCTION,2020-01-05
AST-001659,TELE-CORPORATE-01660,CSE-TELECOM-03,Telecom,WORKSTATION,CORPORATE,HIGH,IMS,SOC,YES,AUTH|OT|PRIVILEGE,2026-07-19T19:12:04Z,ACTIVE,Sentinel-Bridge,DR,2025-10-07
AST-001660,TELE-OT-01661,CSE-TELECOM-03,Telecom,PLC,OT,MEDIUM,Identity,SOC,YES,OT|AUTH,2026-07-26T02:59:48Z,DEGRADED,Sentinel-Bridge,STAGING,2025-06-25
AST-001661,TELE-DC-01662,CSE-TELECOM-03,Telecom,SERVER,DC,HIGH,IMS,APPSEC,YES,PRIVILEGE|EXFILTRATION|AUTH,2026-09-14T10:16:24Z,ACTIVE,EDR-Collector,DR,2020-12-24
AST-001662,TELE-CORPORATE-01663,CSE-TELECOM-03,Telecom,SERVER,CORPORATE,MEDIUM,BSS,APPSEC,YES,ENDPOINT|NETWORK,2026-09-15T16:08:30Z,ACTIVE,Sentinel-Bridge,PRODUCTION,2025-08-08
AST-001663,TELE-DC-01664,CSE-TELECOM-03,Telecom,WORKSTATION,DC,MEDIUM,Core Network,IT-OPS,YES,WEB|PRIVILEGE,2026-09-15T10:06:30Z,ACTIVE,Splunk-ES,PRODUCTION,2026-03-14
AST-001664,TELE-DMZ-01665,CSE-TELECOM-03,Telecom,SERVER,DMZ,MEDIUM,IMS,SOC,YES,ENDPOINT|WEB,2026-08-08T12:32:27Z,ACTIVE,Sentinel-Bridge,PRODUCTION,2024-12-05
AST-001665,TELE-SCADA-01666,CSE-TELECOM-03,Telecom,DATABASE,SCADA,MEDIUM,Core Network,NETSEC,YES,WEB|EXFILTRATION,2026-09-21T02:11:54Z,ACTIVE,Splunk-ES,STAGING,2022-06-01
AST-001666,TELE-DC-01667,CSE-TELECOM-03,Telecom,WORKSTATION,DC,MEDIUM,BSS,IT-OPS,YES,PRIVILEGE|NETWORK,2026-08-06T10:49:51Z,ACTIVE,QRadar-Archive,PRODUCTION,2021-10-25
AST-001667,TELE-CORPORATE-01668,CSE-TELECOM-03,Telecom,WORKSTATION,CORPORATE,HIGH,Core Network,APPSEC,YES,WEB|NETWORK|DATABASE,2026-09-02T00:04:05Z,ACTIVE,EDR-Collector,DR,2025-09-02
AST-001668,TELE-CORPORATE-01669,CSE-TELECOM-03,Telecom,FIREWALL,CORPORATE,HIGH,IMS,SOC,YES,ENDPOINT|NETWORK|DATABASE,2026-08-23T17:03:43Z,ACTIVE,EDR-Collector,STAGING,2022-03-25
AST-001669,TELE-CORPORATE-01670,CSE-TELECOM-03,Telecom,DATABASE,CORPORATE,MEDIUM,IMS,NETSEC,YES,EXFILTRATION|AUTH,2026-09-30T00:00:07Z,ACTIVE,EDR-Collector,PRODUCTION,2020-08-30
AST-001670,TELE-CORPORATE-01671,CSE-TELECOM-03,Telecom,SERVER,CORPORATE,HIGH,Core Network,APPSEC,YES,PRIVILEGE|WEB|AUTH,2026-07-11T13:56:01Z,DEGRADED,QRadar-Archive,PRODUCTION,2021-05-13
AST-001671,TELE-DMZ-01672,CSE-TELECOM-03,Telecom,SERVER,DMZ,HIGH,IMS,IT-OPS,YES,ENDPOINT|NETWORK|EXFILTRATION,2026-07-11T14:48:17Z,ACTIVE,Splunk-ES,STAGING,2022-09-14
AST-001672,TELE-CORPORATE-01673,CSE-TELECOM-03,Telecom,WORKSTATION,CORPORATE,HIGH,Core Network,SOC,YES,OT|WEB|EXFILTRATION,2026-08-01T08:37:36Z,ACTIVE,EDR-Collector,STAGING,2024-06-29
AST-001673,TELE-CORPORATE-01674,CSE-TELECOM-03,Telecom,APPLICATION,CORPORATE,HIGH,IMS,SOC,YES,ENDPOINT|WEB|NETWORK,2026-08-09T00:34:15Z,ACTIVE,QRadar-Archive,DR,2025-07-10
AST-001674,TELE-OT-01675,CSE-TELECOM-03,Telecom,SERVER,OT,HIGH,BSS,NETSEC,YES,ENDPOINT|OT|EXFILTRATION,2026-08-05T15:58:52Z,ACTIVE,Splunk-ES,PRODUCTION,2024-05-31
AST-001675,TELE-DMZ-01676,CSE-TELECOM-03,Telecom,WORKSTATION,DMZ,MEDIUM,Identity,OT-OPS,YES,OT|DATABASE,2026-08-27T12:55:17Z,ACTIVE,EDR-Collector,STAGING,2021-08-15
AST-001676,TELE-CORPORATE-01677,CSE-TELECOM-03,Telecom,WORKSTATION,CORPORATE,MEDIUM,BSS,NETSEC,YES,OT|DATABASE,2026-07-16T08:57:02Z,ACTIVE,Sentinel-Bridge,PRODUCTION,2022-11-30
AST-001677,TELE-OT-01678,CSE-TELECOM-03,Telecom,HMI,OT,MEDIUM,IMS,SOC,YES,EXFILTRATION|DATABASE,2026-08-29T07:20:11Z,ACTIVE,EDR-Collector,STAGING,2020-10-24
AST-001678,TELE-CORPORATE-01679,CSE-TELECOM-03,Telecom,NETWORK_DEVICE,CORPORATE,HIGH,IMS,NETSEC,YES,PRIVILEGE|ENDPOINT|DATABASE,2026-08-03T06:30:13Z,ACTIVE,QRadar-Archive,STAGING,2020-12-13
AST-001679,TELE-DMZ-01680,CSE-TELECOM-03,Telecom,SERVER,DMZ,MEDIUM,BSS,SOC,YES,WEB|OT,2026-07-10T03:39:41Z,ACTIVE,Sentinel-Bridge,PRODUCTION,2023-09-23
AST-001680,TELE-CORPORATE-01681,CSE-TELECOM-03,Telecom,SERVER,CORPORATE,HIGH,Identity,IT-OPS,YES,NETWORK|ENDPOINT|EXFILTRATION,2026-09-08T20:21:47Z,ACTIVE,EDR-Collector,PRODUCTION,2023-08-22
AST-001681,TELE-OT-01682,CSE-TELECOM-03,Telecom,FIREWALL,OT,MEDIUM,Identity,NETSEC,YES,OT|DATABASE,2026-08-14T14:18:53Z,ACTIVE,Splunk-ES,DR,2025-09-15
AST-001682,TELE-CORPORATE-01683,CSE-TELECOM-03,Telecom,DATABASE,CORPORATE,HIGH,IMS,SOC,YES,AUTH|PRIVILEGE|WEB,2026-08-23T07:58:55Z,ACTIVE,EDR-Collector,PRODUCTION,2020-08-10
AST-001683,TELE-CORPORATE-01684,CSE-TELECOM-03,Telecom,SERVER,CORPORATE,CRITICAL,IMS,APPSEC,YES,WEB|PRIVILEGE|DATABASE,2026-09-19T02:57:59Z,DEGRADED,Splunk-ES,PRODUCTION,2023-12-25
AST-001684,TELE-DMZ-01685,CSE-TELECOM-03,Telecom,SERVER,DMZ,HIGH,Core Network,APPSEC,YES,OT|PRIVILEGE|EXFILTRATION,2026-07-29T22:03:56Z,ACTIVE,Sentinel-Bridge,STAGING,2021-08-14
AST-001685,TELE-CORPORATE-01686,CSE-TELECOM-03,Telecom,DATABASE,CORPORATE,MEDIUM,BSS,NETSEC,YES,PRIVILEGE|EXFILTRATION,2026-08-28T18:32:56Z,ACTIVE,EDR-Collector,PRODUCTION,2023-07-27
AST-001686,TELE-OT-01687,CSE-TELECOM-03,Telecom,PLC,OT,HIGH,Core Network,OT-OPS,YES,NETWORK|WEB|AUTH,2026-09-14T17:43:28Z,ACTIVE,Sentinel-Bridge,STAGING,2025-03-11
AST-001687,TELE-DMZ-01688,CSE-TELECOM-03,Telecom,WORKSTATION,DMZ,MEDIUM,Core Network,APPSEC,YES,NETWORK|OT,2026-08-05T23:50:13Z,ACTIVE,Sentinel-Bridge,PRODUCTION,2025-04-09
AST-001688,TELE-DMZ-01689,CSE-TELECOM-03,Telecom,SERVER,DMZ,MEDIUM,BSS,OT-OPS,YES,OT|AUTH,2026-09-01T01:28:55Z,DEGRADED,Sentinel-Bridge,PRODUCTION,2023-12-04
AST-001689,TELE-DMZ-01690,CSE-TELECOM-03,Telecom,SERVER,DMZ,CRITICAL,Identity,OT-OPS,YES,AUTH|NETWORK|DATABASE,2026-09-21T13:14:13Z,ACTIVE,QRadar-Archive,STAGING,2020-07-21
AST-001690,TELE-OT-01691,CSE-TELECOM-03,Telecom,SERVER,OT,LOW,Core Network,SOC,YES,ENDPOINT|NETWORK,2026-08-06T09:07:15Z,DEGRADED,Sentinel-Bridge,DR,2020-05-04
AST-001691,TELE-OT-01692,CSE-TELECOM-03,Telecom,HMI,OT,LOW,IMS,NETSEC,YES,EXFILTRATION|ENDPOINT,2026-09-23T13:45:54Z,ACTIVE,Sentinel-Bridge,DR,2023-09-01
AST-001692,TELE-DC-01693,CSE-TELECOM-03,Telecom,SERVER,DC,HIGH,IMS,APPSEC,YES,DATABASE|NETWORK|OT,2026-09-30T20:21:19Z,ACTIVE,QRadar-Archive,DR,2021-01-27
AST-001693,TELE-CORPORATE-01694,CSE-TELECOM-03,Telecom,WORKSTATION,CORPORATE,MEDIUM,BSS,NETSEC,YES,EXFILTRATION|OT,2026-08-17T06:48:21Z,ACTIVE,QRadar-Archive,PRODUCTION,2024-12-27
AST-001694,TELE-DC-01695,CSE-TELECOM-03,Telecom,SERVER,DC,LOW,BSS,OT-OPS,YES,NETWORK|DATABASE,2026-09-24T21:10:10Z,ACTIVE,EDR-Collector,STAGING,2024-10-15
AST-001695,TELE-OT-01696,CSE-TELECOM-03,Telecom,PLC,OT,MEDIUM,Identity,NETSEC,YES,DATABASE|EXFILTRATION,2026-09-10T23:48:59Z,ACTIVE,Sentinel-Bridge,DR,2025-02-23
AST-001696,TELE-CORPORATE-01697,CSE-TELECOM-03,Telecom,NETWORK_DEVICE,CORPORATE,CRITICAL,BSS,IT-OPS,YES,WEB|AUTH|DATABASE,2026-08-03T01:48:27Z,ACTIVE,Splunk-ES,STAGING,2025-12-14
AST-001697,TELE-CORPORATE-01698,CSE-TELECOM-03,Telecom,DATABASE,CORPORATE,MEDIUM,Core Network,OT-OPS,YES,AUTH|WEB,2026-07-15T13:43:10Z,ACTIVE,Splunk-ES,STAGING,2026-03-23
AST-001698,TELE-CORPORATE-01699,CSE-TELECOM-03,Telecom,FIREWALL,CORPORATE,MEDIUM,IMS,SOC,YES,WEB|ENDPOINT,2026-07-30T22:48:12Z,ACTIVE,Splunk-ES,STAGING,2024-09-17
AST-001699,TELE-DC-01700,CSE-TELECOM-03,Telecom,SERVER,DC,LOW,Core Network,SOC,YES,OT|WEB,2026-07-26T11:02:51Z,ACTIVE,EDR-Collector,STAGING,2022-01-08
AST-001700,TELE-DC-01701,CSE-TELECOM-03,Telecom,SERVER,DC,HIGH,Core Network,IT-OPS,YES,ENDPOINT|WEB|OT,2026-09-06T18:24:02Z,ACTIVE,Sentinel-Bridge,PRODUCTION,2021-10-27
AST-001701,TELE-DC-01702,CSE-TELECOM-03,Telecom,WORKSTATION,DC,LOW,IMS,NETSEC,YES,DATABASE|PRIVILEGE,2026-08-27T12:08:15Z,DEGRADED,Splunk-ES,STAGING,2020-07-17
AST-001702,TELE-DC-01703,CSE-TELECOM-03,Telecom,WORKSTATION,DC,HIGH,Core Network,SOC,YES,ENDPOINT|DATABASE|AUTH,2026-08-22T04:15:16Z,ACTIVE,EDR-Collector,PRODUCTION,2023-09-07
AST-001703,TELE-OT-01704,CSE-TELECOM-03,Telecom,SERVER,OT,CRITICAL,IMS,OT-OPS,YES,WEB|OT|ENDPOINT,2026-08-30T12:15:07Z,ACTIVE,Splunk-ES,DR,2026-03-05
AST-001704,TELE-DMZ-01705,CSE-TELECOM-03,Telecom,SERVER,DMZ,CRITICAL,Core Network,OT-OPS,YES,DATABASE|OT|WEB,2026-09-10T19:47:02Z,ACTIVE,EDR-Collector,DR,2020-12-18
AST-001705,TELE-CORPORATE-01706,CSE-TELECOM-03,Telecom,NETWORK_DEVICE,CORPORATE,HIGH,Identity,APPSEC,YES,OT|NETWORK|ENDPOINT,2026-09-13T12:58:57Z,ACTIVE,Sentinel-Bridge,DR,2026-01-07
AST-001706,TELE-OT-01707,CSE-TELECOM-03,Telecom,HMI,OT,HIGH,IMS,IT-OPS,YES,DATABASE|OT|NETWORK,2026-07-26T22:12:50Z,ACTIVE,EDR-Collector,PRODUCTION,2022-05-06
AST-001707,TELE-OT-01708,CSE-TELECOM-03,Telecom,HMI,OT,HIGH,IMS,OT-OPS,YES,WEB|ENDPOINT|NETWORK,2026-07-12T19:09:58Z,ACTIVE,EDR-Collector,DR,2025-07-06
AST-001708,TELE-CORPORATE-01709,CSE-TELECOM-03,Telecom,WORKSTATION,CORPORATE,HIGH,Identity,NETSEC,YES,PRIVILEGE|AUTH|NETWORK,2026-08-16T10:31:48Z,ACTIVE,Splunk-ES,DR,2022-08-04
AST-001709,TELE-OT-01710,CSE-TELECOM-03,Telecom,HMI,OT,MEDIUM,IMS,OT-OPS,YES,EXFILTRATION|PRIVILEGE,2026-07-13T02:04:26Z,ACTIVE,QRadar-Archive,PRODUCTION,2023-02-02
AST-001710,TELE-CORPORATE-01711,CSE-TELECOM-03,Telecom,NETWORK_DEVICE,CORPORATE,CRITICAL,Identity,IT-OPS,YES,AUTH|DATABASE|WEB,2026-09-21T23:59:59Z,ACTIVE,Sentinel-Bridge,STAGING,2020-12-05
AST-001711,TELE-CORPORATE-01712,CSE-TELECOM-03,Telecom,DATABASE,CORPORATE,MEDIUM,Identity,SOC,YES,OT|PRIVILEGE,2026-08-08T08:00:10Z,DEGRADED,Sentinel-Bridge,DR,2023-05-11
AST-001712,TELE-DC-01713,CSE-TELECOM-03,Telecom,WORKSTATION,DC,HIGH,Identity,NETSEC,YES,WEB|ENDPOINT|EXFILTRATION,2026-09-15T04:08:11Z,ACTIVE,EDR-Collector,STAGING,2022-09-10
AST-001713,TELE-DMZ-01714,CSE-TELECOM-03,Telecom,WORKSTATION,DMZ,CRITICAL,IMS,IT-OPS,YES,OT|PRIVILEGE|WEB,2026-07-14T23:21:24Z,ACTIVE,EDR-Collector,PRODUCTION,2022-08-20
AST-001714,TELE-OT-01715,CSE-TELECOM-03,Telecom,SERVER,OT,LOW,BSS,IT-OPS,YES,AUTH|NETWORK,2026-07-26T14:51:43Z,ACTIVE,QRadar-Archive,STAGING,2025-06-12
AST-001715,TELE-CORPORATE-01716,CSE-TELECOM-03,Telecom,WORKSTATION,CORPORATE,LOW,Core Network,IT-OPS,YES,NETWORK|DATABASE,2026-07-27T15:26:21Z,ACTIVE,Splunk-ES,PRODUCTION,2024-01-05
AST-001716,TELE-SCADA-01717,CSE-TELECOM-03,Telecom,DATABASE,SCADA,CRITICAL,Core Network,SOC,YES,ENDPOINT|OT|PRIVILEGE,2026-09-02T07:13:42Z,ACTIVE,Splunk-ES,PRODUCTION,2021-11-26
AST-001717,TELE-DC-01718,CSE-TELECOM-03,Telecom,FIREWALL,DC,HIGH,Identity,NETSEC,YES,NETWORK|EXFILTRATION|AUTH,2026-08-24T07:25:49Z,ACTIVE,EDR-Collector,PRODUCTION,2025-06-30
AST-001718,TELE-CORPORATE-01719,CSE-TELECOM-03,Telecom,DATABASE,CORPORATE,HIGH,BSS,NETSEC,YES,ENDPOINT|EXFILTRATION|OT,2026-07-25T05:56:51Z,ACTIVE,Splunk-ES,DR,2022-02-27
AST-001719,TELE-CORPORATE-01720,CSE-TELECOM-03,Telecom,WORKSTATION,CORPORATE,CRITICAL,IMS,APPSEC,YES,EXFILTRATION|NETWORK|PRIVILEGE,2026-09-20T00:25:16Z,ACTIVE,EDR-Collector,DR,2025-07-16
AST-001720,TELE-CORPORATE-01721,CSE-TELECOM-03,Telecom,SERVER,CORPORATE,MEDIUM,Core Network,SOC,YES,EXFILTRATION|ENDPOINT,2026-08-22T12:15:22Z,ACTIVE,QRadar-Archive,STAGING,2025-05-06
AST-001721,TELE-CORPORATE-01722,CSE-TELECOM-03,Telecom,FIREWALL,CORPORATE,LOW,BSS,OT-OPS,YES,OT|EXFILTRATION,2026-09-16T12:47:51Z,ACTIVE,Sentinel-Bridge,DR,2022-05-12
AST-001722,TELE-OT-01723,CSE-TELECOM-03,Telecom,FIREWALL,OT,HIGH,BSS,IT-OPS,YES,NETWORK|WEB|PRIVILEGE,2026-09-30T11:48:58Z,ACTIVE,Splunk-ES,PRODUCTION,2024-04-05
AST-001723,TELE-OT-01724,CSE-TELECOM-03,Telecom,NETWORK_DEVICE,OT,HIGH,IMS,IT-OPS,YES,OT|ENDPOINT|DATABASE,2026-09-09T01:51:23Z,ACTIVE,QRadar-Archive,STAGING,2021-08-21
AST-001724,TELE-CORPORATE-01725,CSE-TELECOM-03,Telecom,WORKSTATION,CORPORATE,MEDIUM,Core Network,NETSEC,YES,EXFILTRATION|AUTH,2026-09-06T19:06:15Z,ACTIVE,EDR-Collector,STAGING,2024-03-12
AST-001725,TELE-CORPORATE-01726,CSE-TELECOM-03,Telecom,NETWORK_DEVICE,CORPORATE,MEDIUM,IMS,SOC,YES,DATABASE|NETWORK,2026-08-29T19:16:51Z,ACTIVE,EDR-Collector,PRODUCTION,2025-01-12
AST-001726,TELE-CORPORATE-01727,CSE-TELECOM-03,Telecom,WORKSTATION,CORPORATE,MEDIUM,BSS,NETSEC,YES,NETWORK|WEB,2026-07-27T22:55:00Z,ACTIVE,Sentinel-Bridge,STAGING,2024-03-03
AST-001727,TELE-CORPORATE-01728,CSE-TELECOM-03,Telecom,SERVER,CORPORATE,MEDIUM,BSS,APPSEC,YES,OT|DATABASE,2026-08-08T20:16:35Z,MISSING,EDR-Collector,DR,2024-08-25
AST-001728,TELE-CORPORATE-01729,CSE-TELECOM-03,Telecom,APPLICATION,CORPORATE,CRITICAL,BSS,SOC,YES,EXFILTRATION|OT|AUTH,2026-09-21T00:37:28Z,ACTIVE,Splunk-ES,STAGING,2021-06-21
AST-001729,TELE-DMZ-01730,CSE-TELECOM-03,Telecom,NETWORK_DEVICE,DMZ,HIGH,BSS,OT-OPS,YES,AUTH|WEB|EXFILTRATION,2026-09-01T04:58:02Z,ACTIVE,Splunk-ES,STAGING,2022-02-28
AST-001730,TELE-OT-01731,CSE-TELECOM-03,Telecom,FIREWALL,OT,LOW,BSS,IT-OPS,YES,NETWORK|WEB,2026-08-25T23:17:42Z,ACTIVE,Splunk-ES,STAGING,2025-02-20
AST-001731,TELE-CORPORATE-01732,CSE-TELECOM-03,Telecom,NETWORK_DEVICE,CORPORATE,HIGH,BSS,SOC,YES,NETWORK|EXFILTRATION|PRIVILEGE,2026-08-11T11:14:52Z,ACTIVE,Sentinel-Bridge,DR,2024-11-28
AST-001732,TELE-DMZ-01733,CSE-TELECOM-03,Telecom,SERVER,DMZ,HIGH,Core Network,APPSEC,YES,WEB|ENDPOINT|EXFILTRATION,2026-08-21T12:53:53Z,ACTIVE,Splunk-ES,DR,2026-01-01
AST-001733,TELE-SCADA-01734,CSE-TELECOM-03,Telecom,APPLICATION,SCADA,HIGH,IMS,IT-OPS,YES,ENDPOINT|WEB|AUTH,2026-09-19T10:43:41Z,MISSING,Splunk-ES,PRODUCTION,2024-01-05
AST-001734,TELE-DC-01735,CSE-TELECOM-03,Telecom,WORKSTATION,DC,LOW,Identity,OT-OPS,YES,EXFILTRATION|ENDPOINT,2026-08-31T18:31:28Z,ACTIVE,Sentinel-Bridge,DR,2023-03-23
AST-001735,TELE-CORPORATE-01736,CSE-TELECOM-03,Telecom,NETWORK_DEVICE,CORPORATE,HIGH,IMS,SOC,YES,WEB|DATABASE|PRIVILEGE,2026-09-30T03:06:33Z,ACTIVE,Sentinel-Bridge,PRODUCTION,2022-12-01
AST-001736,TELE-CORPORATE-01737,CSE-TELECOM-03,Telecom,DATABASE,CORPORATE,MEDIUM,BSS,APPSEC,YES,EXFILTRATION|OT,2026-07-26T01:55:09Z,ACTIVE,EDR-Collector,PRODUCTION,2024-03-22
AST-001737,TELE-OT-01738,CSE-TELECOM-03,Telecom,HMI,OT,HIGH,BSS,NETSEC,YES,NETWORK|OT|PRIVILEGE,2026-07-24T17:01:30Z,DEGRADED,Splunk-ES,DR,2026-01-07
AST-001738,TELE-SCADA-01739,CSE-TELECOM-03,Telecom,SERVER,SCADA,HIGH,BSS,NETSEC,YES,AUTH|ENDPOINT|EXFILTRATION,2026-09-30T12:02:13Z,ACTIVE,EDR-Collector,DR,2023-04-23
AST-001739,TELE-SCADA-01740,CSE-TELECOM-03,Telecom,SERVER,SCADA,HIGH,Core Network,NETSEC,YES,NETWORK|WEB|EXFILTRATION,2026-07-29T20:56:34Z,ACTIVE,EDR-Collector,STAGING,2022-11-22
AST-001740,TELE-CORPORATE-01741,CSE-TELECOM-03,Telecom,SERVER,CORPORATE,MEDIUM,Core Network,NETSEC,YES,NETWORK|WEB,2026-07-07T03:24:44Z,ACTIVE,Splunk-ES,STAGING,2025-04-22
AST-001741,TELE-CORPORATE-01742,CSE-TELECOM-03,Telecom,WORKSTATION,CORPORATE,MEDIUM,Core Network,NETSEC,YES,AUTH|DATABASE,2026-09-28T04:22:56Z,DEGRADED,Splunk-ES,PRODUCTION,2021-09-13
AST-001742,TELE-DMZ-01743,CSE-TELECOM-03,Telecom,DATABASE,DMZ,MEDIUM,BSS,OT-OPS,YES,EXFILTRATION|AUTH,2026-07-25T06:22:31Z,ACTIVE,Sentinel-Bridge,DR,2025-12-21
AST-001743,TELE-OT-01744,CSE-TELECOM-03,Telecom,WORKSTATION,OT,HIGH,IMS,SOC,YES,DATABASE|OT|AUTH,2026-08-08T07:54:00Z,ACTIVE,EDR-Collector,DR,2021-06-14
AST-001744,TELE-DC-01745,CSE-TELECOM-03,Telecom,DATABASE,DC,LOW,Core Network,IT-OPS,YES,ENDPOINT|OT,2026-08-04T22:15:14Z,ACTIVE,QRadar-Archive,PRODUCTION,2024-10-07
AST-001745,TELE-DC-01746,CSE-TELECOM-03,Telecom,WORKSTATION,DC,MEDIUM,Core Network,OT-OPS,YES,WEB|EXFILTRATION,2026-09-22T22:16:37Z,ACTIVE,QRadar-Archive,PRODUCTION,2025-02-24
AST-001746,TELE-DC-01747,CSE-TELECOM-03,Telecom,FIREWALL,DC,HIGH,IMS,OT-OPS,YES,EXFILTRATION|OT|ENDPOINT,2026-07-18T08:21:21Z,ACTIVE,QRadar-Archive,STAGING,2025-02-06
AST-001747,TELE-CORPORATE-01748,CSE-TELECOM-03,Telecom,SERVER,CORPORATE,HIGH,Identity,APPSEC,YES,WEB|EXFILTRATION|AUTH,2026-09-05T19:06:03Z,ACTIVE,Sentinel-Bridge,PRODUCTION,2024-05-03
AST-001748,TELE-OT-01749,CSE-TELECOM-03,Telecom,PLC,OT,HIGH,IMS,OT-OPS,YES,EXFILTRATION|DATABASE|AUTH,2026-07-21T05:48:29Z,DEGRADED,QRadar-Archive,STAGING,2024-04-23
AST-001749,TELE-DMZ-01750,CSE-TELECOM-03,Telecom,WORKSTATION,DMZ,HIGH,BSS,SOC,YES,NETWORK|WEB|AUTH,2026-07-15T14:18:42Z,ACTIVE,QRadar-Archive,PRODUCTION,2020-09-26
AST-001750,TELE-CORPORATE-01751,CSE-TELECOM-03,Telecom,SERVER,CORPORATE,MEDIUM,Identity,IT-OPS,YES,DATABASE|PRIVILEGE,2026-08-23T18:10:28Z,ACTIVE,Sentinel-Bridge,STAGING,2020-04-03
AST-001751,TELE-OT-01752,CSE-TELECOM-03,Telecom,APPLICATION,OT,MEDIUM,IMS,IT-OPS,YES,OT|PRIVILEGE,2026-08-03T10:52:29Z,ACTIVE,Sentinel-Bridge,DR,2020-10-11
AST-001752,TELE-DMZ-01753,CSE-TELECOM-03,Telecom,SERVER,DMZ,LOW,Core Network,OT-OPS,YES,DATABASE|ENDPOINT,2026-09-22T02:13:26Z,MISSING,QRadar-Archive,DR,2025-12-29
AST-001753,TELE-DC-01754,CSE-TELECOM-03,Telecom,SERVER,DC,HIGH,IMS,APPSEC,YES,WEB|AUTH|ENDPOINT,2026-09-05T21:34:29Z,MISSING,QRadar-Archive,DR,2020-03-15
AST-001754,TELE-OT-01755,CSE-TELECOM-03,Telecom,WORKSTATION,OT,MEDIUM,Identity,APPSEC,YES,ENDPOINT|OT,2026-09-14T02:22:31Z,ACTIVE,QRadar-Archive,PRODUCTION,2022-10-11
AST-001755,TELE-CORPORATE-01756,CSE-TELECOM-03,Telecom,WORKSTATION,CORPORATE,LOW,IMS,SOC,YES,AUTH|OT,2026-08-03T08:11:45Z,ACTIVE,Sentinel-Bridge,PRODUCTION,2023-09-23
AST-001756,TELE-DC-01757,CSE-TELECOM-03,Telecom,SERVER,DC,HIGH,Core Network,OT-OPS,YES,AUTH|PRIVILEGE|WEB,2026-08-25T03:18:39Z,ACTIVE,QRadar-Archive,STAGING,2024-12-07
AST-001757,TELE-SCADA-01758,CSE-TELECOM-03,Telecom,SERVER,SCADA,LOW,BSS,OT-OPS,YES,WEB|NETWORK,2026-07-14T23:33:59Z,MISSING,Sentinel-Bridge,DR,2022-06-23
AST-001758,TELE-SCADA-01759,CSE-TELECOM-03,Telecom,SERVER,SCADA,HIGH,BSS,NETSEC,YES,DATABASE|WEB|AUTH,2026-09-10T07:53:47Z,ACTIVE,Splunk-ES,DR,2023-05-14
AST-001759,TELE-DMZ-01760,CSE-TELECOM-03,Telecom,SERVER,DMZ,HIGH,Core Network,IT-OPS,YES,AUTH|NETWORK|ENDPOINT,2026-09-13T15:48:55Z,ACTIVE,EDR-Collector,DR,2025-12-17
AST-001760,TELE-DC-01761,CSE-TELECOM-03,Telecom,WORKSTATION,DC,MEDIUM,BSS,OT-OPS,YES,NETWORK|OT,2026-08-07T20:36:20Z,ACTIVE,EDR-Collector,STAGING,2022-01-05
AST-001761,TELE-SCADA-01762,CSE-TELECOM-03,Telecom,SERVER,SCADA,MEDIUM,Identity,IT-OPS,YES,AUTH|EXFILTRATION,2026-09-25T05:30:44Z,ACTIVE,QRadar-Archive,STAGING,2022-03-20
AST-001762,TELE-DMZ-01763,CSE-TELECOM-03,Telecom,DATABASE,DMZ,LOW,IMS,SOC,YES,WEB|ENDPOINT,2026-07-08T05:07:48Z,ACTIVE,Sentinel-Bridge,PRODUCTION,2024-10-31
AST-001763,TELE-CORPORATE-01764,CSE-TELECOM-03,Telecom,WORKSTATION,CORPORATE,MEDIUM,IMS,IT-OPS,YES,ENDPOINT|DATABASE,2026-07-28T05:22:38Z,DEGRADED,EDR-Collector,PRODUCTION,2020-12-11
AST-001764,TELE-OT-01765,CSE-TELECOM-03,Telecom,WORKSTATION,OT,MEDIUM,Core Network,IT-OPS,YES,AUTH|ENDPOINT,2026-07-16T00:56:54Z,ACTIVE,EDR-Collector,PRODUCTION,2020-08-22
AST-001765,TELE-SCADA-01766,CSE-TELECOM-03,Telecom,DATABASE,SCADA,LOW,IMS,IT-OPS,YES,OT|AUTH,2026-08-25T11:59:08Z,ACTIVE,Splunk-ES,STAGING,2020-05-18
AST-001766,TELE-DMZ-01767,CSE-TELECOM-03,Telecom,NETWORK_DEVICE,DMZ,MEDIUM,BSS,NETSEC,YES,EXFILTRATION|NETWORK,2026-08-08T18:22:30Z,ACTIVE,Splunk-ES,PRODUCTION,2025-06-22
AST-001767,TELE-CORPORATE-01768,CSE-TELECOM-03,Telecom,WORKSTATION,CORPORATE,MEDIUM,Core Network,NETSEC,YES,EXFILTRATION|PRIVILEGE,2026-08-28T11:19:57Z,ACTIVE,EDR-Collector,PRODUCTION,2022-09-25
AST-001768,TELE-OT-01769,CSE-TELECOM-03,Telecom,SERVER,OT,LOW,Identity,IT-OPS,YES,PRIVILEGE|ENDPOINT,2026-07-01T00:03:04Z,ACTIVE,QRadar-Archive,PRODUCTION,2023-01-16
AST-001769,TELE-CORPORATE-01770,CSE-TELECOM-03,Telecom,SERVER,CORPORATE,MEDIUM,IMS,SOC,YES,NETWORK|ENDPOINT,2026-07-17T08:58:39Z,ACTIVE,Sentinel-Bridge,DR,2022-06-24
AST-001770,TELE-DMZ-01771,CSE-TELECOM-03,Telecom,SERVER,DMZ,MEDIUM,Core Network,SOC,YES,WEB|AUTH,2026-08-21T12:26:55Z,ACTIVE,Sentinel-Bridge,STAGING,2024-06-08
AST-001771,TELE-DMZ-01772,CSE-TELECOM-03,Telecom,WORKSTATION,DMZ,HIGH,Identity,OT-OPS,YES,NETWORK|WEB|AUTH,2026-07-17T04:40:18Z,ACTIVE,EDR-Collector,STAGING,2021-10-18
AST-001772,TELE-OT-01773,CSE-TELECOM-03,Telecom,PLC,OT,HIGH,Identity,SOC,YES,ENDPOINT|EXFILTRATION|PRIVILEGE,2026-08-31T19:44:15Z,MISSING,QRadar-Archive,DR,2024-05-15
AST-001773,TELE-CORPORATE-01774,CSE-TELECOM-03,Telecom,APPLICATION,CORPORATE,LOW,IMS,OT-OPS,YES,NETWORK|AUTH,2026-09-10T04:13:43Z,ACTIVE,QRadar-Archive,DR,2021-01-21
AST-001774,TELE-CORPORATE-01775,CSE-TELECOM-03,Telecom,NETWORK_DEVICE,CORPORATE,MEDIUM,BSS,NETSEC,YES,AUTH|OT,2026-07-26T20:58:58Z,ACTIVE,EDR-Collector,DR,2025-01-31
AST-001775,TELE-OT-01776,CSE-TELECOM-03,Telecom,SERVER,OT,MEDIUM,BSS,NETSEC,YES,OT|PRIVILEGE,2026-08-06T05:09:25Z,ACTIVE,EDR-Collector,STAGING,2025-12-17
AST-001776,TELE-SCADA-01777,CSE-TELECOM-03,Telecom,WORKSTATION,SCADA,MEDIUM,Identity,IT-OPS,YES,DATABASE|AUTH,2026-08-14T09:32:54Z,ACTIVE,QRadar-Archive,PRODUCTION,2024-07-28
AST-001777,TELE-SCADA-01778,CSE-TELECOM-03,Telecom,SERVER,SCADA,CRITICAL,BSS,APPSEC,YES,AUTH|NETWORK|EXFILTRATION,2026-08-25T13:48:33Z,ACTIVE,QRadar-Archive,STAGING,2022-07-11
AST-001778,TELE-DMZ-01779,CSE-TELECOM-03,Telecom,SERVER,DMZ,HIGH,Identity,APPSEC,YES,WEB|OT|ENDPOINT,2026-07-13T19:13:06Z,ACTIVE,Sentinel-Bridge,DR,2021-11-06
AST-001779,TELE-OT-01780,CSE-TELECOM-03,Telecom,PLC,OT,HIGH,BSS,SOC,YES,PRIVILEGE|NETWORK|DATABASE,2026-07-27T13:54:04Z,ACTIVE,Splunk-ES,DR,2021-05-08
AST-001780,TELE-OT-01781,CSE-TELECOM-03,Telecom,WORKSTATION,OT,MEDIUM,Identity,OT-OPS,YES,DATABASE|EXFILTRATION,2026-07-23T23:31:50Z,ACTIVE,Splunk-ES,STAGING,2021-08-20
AST-001781,TELE-DMZ-01782,CSE-TELECOM-03,Telecom,FIREWALL,DMZ,LOW,Core Network,OT-OPS,YES,AUTH|OT,2026-08-15T08:29:40Z,ACTIVE,Sentinel-Bridge,DR,2023-11-27
AST-001782,TELE-CORPORATE-01783,CSE-TELECOM-03,Telecom,WORKSTATION,CORPORATE,CRITICAL,Core Network,APPSEC,YES,ENDPOINT|AUTH|NETWORK,2026-09-28T11:43:32Z,ACTIVE,EDR-Collector,DR,2024-05-11
AST-001783,TELE-DMZ-01784,CSE-TELECOM-03,Telecom,WORKSTATION,DMZ,HIGH,Core Network,SOC,YES,WEB|ENDPOINT|EXFILTRATION,2026-08-23T19:06:17Z,ACTIVE,QRadar-Archive,PRODUCTION,2022-01-08
AST-001784,TELE-DC-01785,CSE-TELECOM-03,Telecom,SERVER,DC,HIGH,BSS,NETSEC,YES,EXFILTRATION|ENDPOINT|OT,2026-08-25T19:05:58Z,DEGRADED,Sentinel-Bridge,STAGING,2022-01-23
AST-001785,TELE-OT-01786,CSE-TELECOM-03,Telecom,SERVER,OT,CRITICAL,Core Network,IT-OPS,YES,DATABASE|WEB|NETWORK,2026-07-23T15:09:56Z,ACTIVE,QRadar-Archive,DR,2020-04-03
AST-001786,TELE-CORPORATE-01787,CSE-TELECOM-03,Telecom,DATABASE,CORPORATE,HIGH,Identity,IT-OPS,YES,EXFILTRATION|OT|WEB,2026-09-05T14:45:12Z,ACTIVE,Sentinel-Bridge,PRODUCTION,2024-09-18
AST-001787,TELE-SCADA-01788,CSE-TELECOM-03,Telecom,SERVER,SCADA,LOW,BSS,IT-OPS,YES,DATABASE|AUTH,2026-07-01T00:46:54Z,ACTIVE,Splunk-ES,STAGING,2020-09-02
AST-001788,TELE-DMZ-01789,CSE-TELECOM-03,Telecom,SERVER,DMZ,MEDIUM,IMS,OT-OPS,YES,DATABASE|WEB,2026-07-15T11:20:15Z,ACTIVE,QRadar-Archive,DR,2020-08-10
AST-001789,TELE-CORPORATE-01790,CSE-TELECOM-03,Telecom,FIREWALL,CORPORATE,HIGH,Identity,IT-OPS,YES,AUTH|OT|DATABASE,2026-07-07T20:09:37Z,ACTIVE,QRadar-Archive,STAGING,2024-03-24
AST-001790,TELE-DMZ-01791,CSE-TELECOM-03,Telecom,WORKSTATION,DMZ,CRITICAL,Identity,NETSEC,YES,NETWORK|ENDPOINT|DATABASE,2026-08-10T02:06:24Z,ACTIVE,EDR-Collector,DR,2024-03-04
AST-001791,TELE-DMZ-01792,CSE-TELECOM-03,Telecom,WORKSTATION,DMZ,HIGH,BSS,APPSEC,YES,ENDPOINT|PRIVILEGE|DATABASE,2026-08-15T07:00:52Z,ACTIVE,EDR-Collector,STAGING,2024-09-30
AST-001792,TELE-SCADA-01793,CSE-TELECOM-03,Telecom,DATABASE,SCADA,HIGH,Core Network,IT-OPS,YES,DATABASE|PRIVILEGE|AUTH,2026-07-04T01:51:02Z,DEGRADED,Splunk-ES,PRODUCTION,2024-10-11
AST-001793,TELE-DMZ-01794,CSE-TELECOM-03,Telecom,NETWORK_DEVICE,DMZ,LOW,IMS,APPSEC,YES,ENDPOINT|OT,2026-07-15T00:16:07Z,ACTIVE,EDR-Collector,DR,2023-08-17
AST-001794,TELE-CORPORATE-01795,CSE-TELECOM-03,Telecom,SERVER,CORPORATE,MEDIUM,BSS,APPSEC,YES,OT|WEB,2026-08-08T03:09:53Z,ACTIVE,QRadar-Archive,DR,2021-02-13
AST-001795,TELE-CORPORATE-01796,CSE-TELECOM-03,Telecom,SERVER,CORPORATE,HIGH,BSS,OT-OPS,YES,OT|WEB|EXFILTRATION,2026-08-01T06:45:43Z,ACTIVE,Sentinel-Bridge,STAGING,2020-04-01
AST-001796,TELE-DC-01797,CSE-TELECOM-03,Telecom,SERVER,DC,HIGH,IMS,IT-OPS,YES,PRIVILEGE|WEB|NETWORK,2026-07-19T22:25:03Z,ACTIVE,Sentinel-Bridge,DR,2024-04-01
AST-001797,TELE-CORPORATE-01798,CSE-TELECOM-03,Telecom,FIREWALL,CORPORATE,MEDIUM,IMS,APPSEC,YES,PRIVILEGE|WEB,2026-09-17T23:53:12Z,ACTIVE,QRadar-Archive,PRODUCTION,2025-04-14
AST-001798,TELE-CORPORATE-01799,CSE-TELECOM-03,Telecom,SERVER,CORPORATE,MEDIUM,IMS,IT-OPS,YES,OT|NETWORK,2026-08-29T01:50:38Z,ACTIVE,QRadar-Archive,DR,2024-04-09
AST-001799,TELE-DC-01800,CSE-TELECOM-03,Telecom,WORKSTATION,DC,HIGH,Identity,NETSEC,YES,PRIVILEGE|WEB|ENDPOINT,2026-08-14T01:31:27Z,ACTIVE,Sentinel-Bridge,STAGING,2026-02-22
AST-001800,TELE-CORPORATE-01801,CSE-TELECOM-03,Telecom,DATABASE,CORPORATE,HIGH,Core Network,OT-OPS,YES,ENDPOINT|NETWORK|PRIVILEGE,2026-08-18T17:51:20Z,ACTIVE,Sentinel-Bridge,STAGING,2023-04-07
AST-001801,TELE-DMZ-01802,CSE-TELECOM-03,Telecom,APPLICATION,DMZ,HIGH,Identity,NETSEC,YES,PRIVILEGE|NETWORK|ENDPOINT,2026-08-14T08:03:24Z,ACTIVE,Splunk-ES,STAGING,2022-09-09
AST-001802,TELE-DC-01803,CSE-TELECOM-03,Telecom,SERVER,DC,HIGH,Core Network,OT-OPS,YES,ENDPOINT|AUTH|DATABASE,2026-08-05T04:41:26Z,ACTIVE,QRadar-Archive,DR,2025-11-04
AST-001803,TELE-OT-01804,CSE-TELECOM-03,Telecom,HMI,OT,MEDIUM,BSS,APPSEC,YES,AUTH|NETWORK,2026-08-18T21:47:14Z,ACTIVE,Splunk-ES,STAGING,2023-02-04
AST-001804,TELE-OT-01805,CSE-TELECOM-03,Telecom,NETWORK_DEVICE,OT,MEDIUM,IMS,APPSEC,YES,NETWORK|PRIVILEGE,2026-08-24T06:54:12Z,ACTIVE,QRadar-Archive,DR,2022-03-30
AST-001805,TELE-CORPORATE-01806,CSE-TELECOM-03,Telecom,NETWORK_DEVICE,CORPORATE,MEDIUM,Core Network,IT-OPS,YES,EXFILTRATION|ENDPOINT,2026-09-07T09:08:10Z,ACTIVE,Sentinel-Bridge,DR,2024-03-08
AST-001806,TELE-CORPORATE-01807,CSE-TELECOM-03,Telecom,NETWORK_DEVICE,CORPORATE,HIGH,BSS,OT-OPS,YES,EXFILTRATION|PRIVILEGE|ENDPOINT,2026-09-09T21:33:22Z,ACTIVE,Sentinel-Bridge,PRODUCTION,2026-01-13
AST-001807,TELE-DMZ-01808,CSE-TELECOM-03,Telecom,WORKSTATION,DMZ,MEDIUM,IMS,OT-OPS,YES,DATABASE|AUTH,2026-08-22T08:49:44Z,ACTIVE,QRadar-Archive,PRODUCTION,2021-08-01
AST-001808,TELE-CORPORATE-01809,CSE-TELECOM-03,Telecom,SERVER,CORPORATE,HIGH,Core Network,APPSEC,YES,OT|DATABASE|ENDPOINT,2026-09-03T22:48:50Z,ACTIVE,Sentinel-Bridge,DR,2022-05-07
AST-001809,TELE-CORPORATE-01810,CSE-TELECOM-03,Telecom,SERVER,CORPORATE,LOW,BSS,OT-OPS,YES,OT|PRIVILEGE,2026-07-27T04:13:07Z,ACTIVE,QRadar-Archive,DR,2022-10-19
AST-001810,TELE-OT-01811,CSE-TELECOM-03,Telecom,PLC,OT,MEDIUM,Identity,APPSEC,YES,WEB|EXFILTRATION,2026-07-08T23:44:34Z,ACTIVE,QRadar-Archive,PRODUCTION,2022-11-06
AST-001811,TELE-OT-01812,CSE-TELECOM-03,Telecom,WORKSTATION,OT,CRITICAL,BSS,SOC,YES,NETWORK|DATABASE|OT,2026-09-16T00:00:38Z,MISSING,Splunk-ES,PRODUCTION,2022-07-05
AST-001812,TELE-OT-01813,CSE-TELECOM-03,Telecom,PLC,OT,CRITICAL,Core Network,OT-OPS,YES,OT|WEB|ENDPOINT,2026-07-23T03:24:10Z,ACTIVE,Splunk-ES,PRODUCTION,2023-12-31
AST-001813,TELE-CORPORATE-01814,CSE-TELECOM-03,Telecom,DATABASE,CORPORATE,MEDIUM,BSS,SOC,YES,AUTH|WEB,2026-08-26T04:22:45Z,ACTIVE,Sentinel-Bridge,DR,2020-10-07
AST-001814,TELE-DMZ-01815,CSE-TELECOM-03,Telecom,SERVER,DMZ,CRITICAL,BSS,IT-OPS,YES,PRIVILEGE|AUTH|NETWORK,2026-09-05T23:59:59Z,ACTIVE,Splunk-ES,PRODUCTION,2020-11-28
AST-001815,TELE-OT-01816,CSE-TELECOM-03,Telecom,APPLICATION,OT,HIGH,BSS,OT-OPS,YES,EXFILTRATION|OT|WEB,2026-08-09T02:27:41Z,ACTIVE,Splunk-ES,STAGING,2020-05-20
AST-001816,TELE-CORPORATE-01817,CSE-TELECOM-03,Telecom,APPLICATION,CORPORATE,MEDIUM,BSS,SOC,YES,NETWORK|ENDPOINT,2026-07-03T10:16:11Z,ACTIVE,Splunk-ES,PRODUCTION,2022-08-05
AST-001817,TELE-CORPORATE-01818,CSE-TELECOM-03,Telecom,DATABASE,CORPORATE,HIGH,Core Network,OT-OPS,YES,PRIVILEGE|WEB|EXFILTRATION,2026-08-14T19:36:00Z,ACTIVE,EDR-Collector,STAGING,2022-03-26
AST-001818,TELE-CORPORATE-01819,CSE-TELECOM-03,Telecom,WORKSTATION,CORPORATE,LOW,BSS,SOC,YES,WEB|NETWORK,2026-08-06T10:24:26Z,ACTIVE,Sentinel-Bridge,PRODUCTION,2022-02-13
AST-001819,TELE-OT-01820,CSE-TELECOM-03,Telecom,PLC,OT,HIGH,BSS,OT-OPS,YES,PRIVILEGE|OT|AUTH,2026-08-08T10:46:18Z,ACTIVE,Sentinel-Bridge,PRODUCTION,2022-08-21
AST-001820,TELE-DMZ-01821,CSE-TELECOM-03,Telecom,WORKSTATION,DMZ,HIGH,BSS,APPSEC,YES,ENDPOINT|EXFILTRATION|PRIVILEGE,2026-09-16T00:34:20Z,ACTIVE,Splunk-ES,DR,2022-01-07
AST-001821,TELE-DMZ-01822,CSE-TELECOM-03,Telecom,SERVER,DMZ,CRITICAL,Identity,NETSEC,YES,WEB|PRIVILEGE|OT,2026-07-04T02:14:45Z,ACTIVE,Splunk-ES,STAGING,2021-07-09
AST-001822,TELE-OT-01823,CSE-TELECOM-03,Telecom,DATABASE,OT,HIGH,Core Network,IT-OPS,YES,DATABASE|PRIVILEGE|EXFILTRATION,2026-07-11T08:28:06Z,ACTIVE,EDR-Collector,PRODUCTION,2021-11-13
AST-001823,TELE-CORPORATE-01824,CSE-TELECOM-03,Telecom,DATABASE,CORPORATE,HIGH,BSS,NETSEC,YES,DATABASE|WEB|EXFILTRATION,2026-09-19T13:59:09Z,DEGRADED,Sentinel-Bridge,PRODUCTION,2026-01-01
AST-001824,TELE-SCADA-01825,CSE-TELECOM-03,Telecom,DATABASE,SCADA,CRITICAL,IMS,IT-OPS,YES,ENDPOINT|EXFILTRATION|OT,2026-08-04T09:23:03Z,ACTIVE,Sentinel-Bridge,PRODUCTION,2020-07-28
AST-001825,TELE-DC-01826,CSE-TELECOM-03,Telecom,WORKSTATION,DC,HIGH,Core Network,SOC,YES,OT|AUTH|EXFILTRATION,2026-09-13T11:48:16Z,ACTIVE,Splunk-ES,PRODUCTION,2023-01-17
AST-001826,TELE-CORPORATE-01827,CSE-TELECOM-03,Telecom,FIREWALL,CORPORATE,MEDIUM,IMS,OT-OPS,YES,PRIVILEGE|NETWORK,2026-08-25T18:18:59Z,ACTIVE,EDR-Collector,STAGING,2020-10-14
AST-001827,TELE-CORPORATE-01828,CSE-TELECOM-03,Telecom,WORKSTATION,CORPORATE,MEDIUM,Identity,APPSEC,YES,WEB|ENDPOINT,2026-08-14T03:18:35Z,ACTIVE,Splunk-ES,DR,2025-05-28
AST-001828,TELE-CORPORATE-01829,CSE-TELECOM-03,Telecom,WORKSTATION,CORPORATE,HIGH,Identity,OT-OPS,YES,AUTH|EXFILTRATION|ENDPOINT,2026-08-02T19:10:05Z,ACTIVE,EDR-Collector,PRODUCTION,2022-11-17
AST-001829,TELE-DC-01830,CSE-TELECOM-03,Telecom,WORKSTATION,DC,MEDIUM,Identity,NETSEC,YES,DATABASE|WEB,2026-08-23T16:09:19Z,ACTIVE,QRadar-Archive,STAGING,2023-02-26
AST-001830,TELE-DC-01831,CSE-TELECOM-03,Telecom,APPLICATION,DC,MEDIUM,BSS,APPSEC,YES,DATABASE|WEB,2026-07-18T17:03:59Z,ACTIVE,Sentinel-Bridge,DR,2021-12-16
AST-001831,TELE-DC-01832,CSE-TELECOM-03,Telecom,SERVER,DC,LOW,IMS,OT-OPS,YES,EXFILTRATION|ENDPOINT,2026-08-02T12:32:07Z,ACTIVE,QRadar-Archive,PRODUCTION,2022-02-23
AST-001832,TELE-OT-01833,CSE-TELECOM-03,Telecom,DATABASE,OT,LOW,IMS,SOC,YES,ENDPOINT|PRIVILEGE,2026-08-09T23:37:37Z,ACTIVE,EDR-Collector,PRODUCTION,2022-03-21
AST-001833,TELE-CORPORATE-01834,CSE-TELECOM-03,Telecom,WORKSTATION,CORPORATE,MEDIUM,Identity,NETSEC,YES,AUTH|ENDPOINT,2026-08-14T10:41:29Z,ACTIVE,EDR-Collector,STAGING,2024-07-02
AST-001834,TELE-CORPORATE-01835,CSE-TELECOM-03,Telecom,WORKSTATION,CORPORATE,MEDIUM,Core Network,APPSEC,YES,AUTH|EXFILTRATION,2026-07-10T06:41:36Z,ACTIVE,QRadar-Archive,PRODUCTION,2025-04-13
AST-001835,TELE-DC-01836,CSE-TELECOM-03,Telecom,NETWORK_DEVICE,DC,MEDIUM,Core Network,SOC,YES,OT|NETWORK,2026-08-12T02:43:11Z,ACTIVE,Splunk-ES,STAGING,2020-06-10
AST-001836,TELE-CORPORATE-01837,CSE-TELECOM-03,Telecom,SERVER,CORPORATE,HIGH,BSS,APPSEC,YES,DATABASE|OT|PRIVILEGE,2026-09-08T21:32:16Z,ACTIVE,QRadar-Archive,STAGING,2022-10-19
AST-001837,TELE-DMZ-01838,CSE-TELECOM-03,Telecom,FIREWALL,DMZ,CRITICAL,IMS,APPSEC,YES,PRIVILEGE|DATABASE|WEB,2026-09-28T11:00:13Z,ACTIVE,Splunk-ES,DR,2023-06-28
AST-001838,TELE-DMZ-01839,CSE-TELECOM-03,Telecom,SERVER,DMZ,HIGH,BSS,SOC,YES,DATABASE|EXFILTRATION|PRIVILEGE,2026-09-13T21:40:49Z,ACTIVE,EDR-Collector,PRODUCTION,2024-12-21
AST-001839,TELE-CORPORATE-01840,CSE-TELECOM-03,Telecom,FIREWALL,CORPORATE,HIGH,IMS,OT-OPS,YES,NETWORK|ENDPOINT|WEB,2026-08-03T11:54:09Z,ACTIVE,EDR-Collector,STAGING,2023-01-15
AST-001840,TELE-DMZ-01841,CSE-TELECOM-03,Telecom,NETWORK_DEVICE,DMZ,HIGH,BSS,NETSEC,YES,EXFILTRATION|OT|AUTH,2026-07-09T02:33:00Z,ACTIVE,Splunk-ES,STAGING,2021-12-01
AST-001841,TELE-DMZ-01842,CSE-TELECOM-03,Telecom,FIREWALL,DMZ,MEDIUM,BSS,SOC,YES,PRIVILEGE|NETWORK,2026-08-31T07:54:43Z,ACTIVE,Sentinel-Bridge,STAGING,2019-12-16
AST-001842,TELE-CORPORATE-01843,CSE-TELECOM-03,Telecom,SERVER,CORPORATE,MEDIUM,BSS,SOC,YES,NETWORK|PRIVILEGE,2026-08-04T01:28:00Z,ACTIVE,EDR-Collector,STAGING,2022-12-03
AST-001843,TELE-OT-01844,CSE-TELECOM-03,Telecom,PLC,OT,CRITICAL,Core Network,NETSEC,YES,PRIVILEGE|ENDPOINT|EXFILTRATION,2026-09-11T08:11:24Z,ACTIVE,Sentinel-Bridge,DR,2024-08-27
AST-001844,TELE-CORPORATE-01845,CSE-TELECOM-03,Telecom,SERVER,CORPORATE,HIGH,IMS,SOC,YES,AUTH|DATABASE|NETWORK,2026-07-22T12:40:57Z,ACTIVE,Sentinel-Bridge,PRODUCTION,2022-03-01
AST-001845,TELE-CORPORATE-01846,CSE-TELECOM-03,Telecom,APPLICATION,CORPORATE,CRITICAL,Core Network,IT-OPS,YES,PRIVILEGE|ENDPOINT|AUTH,2026-08-07T17:00:24Z,ACTIVE,Splunk-ES,DR,2023-06-03
AST-001846,TELE-DC-01847,CSE-TELECOM-03,Telecom,WORKSTATION,DC,MEDIUM,Core Network,NETSEC,YES,AUTH|NETWORK,2026-08-29T09:12:30Z,ACTIVE,Sentinel-Bridge,DR,2021-10-16
AST-001847,TELE-CORPORATE-01848,CSE-TELECOM-03,Telecom,DATABASE,CORPORATE,HIGH,Identity,NETSEC,YES,AUTH|DATABASE|PRIVILEGE,2026-07-22T23:40:49Z,ACTIVE,Splunk-ES,PRODUCTION,2022-12-22
AST-001848,TELE-DMZ-01849,CSE-TELECOM-03,Telecom,NETWORK_DEVICE,DMZ,MEDIUM,BSS,APPSEC,YES,ENDPOINT|EXFILTRATION,2026-09-08T09:11:52Z,ACTIVE,EDR-Collector,DR,2024-06-07
AST-001849,TELE-DC-01850,CSE-TELECOM-03,Telecom,SERVER,DC,MEDIUM,BSS,NETSEC,YES,EXFILTRATION|PRIVILEGE,2026-07-06T01:52:08Z,ACTIVE,Splunk-ES,DR,2020-08-24
AST-001850,TELE-CORPORATE-01851,CSE-TELECOM-03,Telecom,SERVER,CORPORATE,HIGH,BSS,IT-OPS,YES,ENDPOINT|EXFILTRATION|AUTH,2026-09-05T01:27:23Z,ACTIVE,Splunk-ES,PRODUCTION,2024-07-30
AST-001851,TELE-DC-01852,CSE-TELECOM-03,Telecom,WORKSTATION,DC,CRITICAL,IMS,SOC,YES,NETWORK|AUTH|EXFILTRATION,2026-08-01T21:17:38Z,ACTIVE,Splunk-ES,STAGING,2022-11-21
AST-001852,TELE-CORPORATE-01853,CSE-TELECOM-03,Telecom,DATABASE,CORPORATE,LOW,IMS,OT-OPS,YES,AUTH|PRIVILEGE,2026-09-10T18:44:14Z,ACTIVE,Splunk-ES,PRODUCTION,2025-06-06
AST-001853,TELE-CORPORATE-01854,CSE-TELECOM-03,Telecom,WORKSTATION,CORPORATE,LOW,Core Network,IT-OPS,YES,DATABASE|EXFILTRATION,2026-07-11T09:29:22Z,ACTIVE,Sentinel-Bridge,STAGING,2025-12-26
AST-001854,TELE-OT-01855,CSE-TELECOM-03,Telecom,SERVER,OT,LOW,BSS,IT-OPS,YES,OT|NETWORK,2026-09-02T13:08:12Z,ACTIVE,EDR-Collector,PRODUCTION,2019-12-09
AST-001855,TELE-DMZ-01856,CSE-TELECOM-03,Telecom,FIREWALL,DMZ,MEDIUM,BSS,SOC,YES,ENDPOINT|WEB,2026-09-23T18:40:06Z,ACTIVE,Splunk-ES,PRODUCTION,2021-03-15
AST-001856,TELE-CORPORATE-01857,CSE-TELECOM-03,Telecom,SERVER,CORPORATE,CRITICAL,IMS,SOC,YES,PRIVILEGE|WEB|ENDPOINT,2026-09-30T21:13:51Z,ACTIVE,EDR-Collector,STAGING,2023-04-21
AST-001857,TELE-DC-01858,CSE-TELECOM-03,Telecom,WORKSTATION,DC,CRITICAL,Core Network,APPSEC,YES,OT|PRIVILEGE|NETWORK,2026-09-22T05:43:49Z,ACTIVE,QRadar-Archive,DR,2025-06-05
AST-001858,TELE-CORPORATE-01859,CSE-TELECOM-03,Telecom,SERVER,CORPORATE,MEDIUM,BSS,OT-OPS,YES,DATABASE|NETWORK,2026-08-25T18:57:25Z,ACTIVE,Splunk-ES,STAGING,2024-07-12
AST-001859,TELE-DC-01860,CSE-TELECOM-03,Telecom,WORKSTATION,DC,HIGH,BSS,OT-OPS,YES,AUTH|WEB|PRIVILEGE,2026-07-21T16:11:16Z,ACTIVE,QRadar-Archive,PRODUCTION,2022-10-02
AST-001860,TELE-DMZ-01861,CSE-TELECOM-03,Telecom,DATABASE,DMZ,HIGH,IMS,IT-OPS,YES,ENDPOINT|WEB|PRIVILEGE,2026-09-23T17:13:06Z,ACTIVE,Splunk-ES,STAGING,2020-01-12
AST-001861,TELE-CORPORATE-01862,CSE-TELECOM-03,Telecom,APPLICATION,CORPORATE,HIGH,IMS,OT-OPS,YES,OT|NETWORK|EXFILTRATION,2026-09-11T07:25:44Z,ACTIVE,Splunk-ES,DR,2022-03-25
AST-001862,TELE-OT-01863,CSE-TELECOM-03,Telecom,NETWORK_DEVICE,OT,MEDIUM,Identity,IT-OPS,YES,DATABASE|WEB,2026-08-25T19:16:43Z,ACTIVE,Splunk-ES,STAGING,2021-03-17
AST-001863,TELE-DC-01864,CSE-TELECOM-03,Telecom,NETWORK_DEVICE,DC,CRITICAL,Identity,OT-OPS,YES,PRIVILEGE|NETWORK|AUTH,2026-08-18T12:53:28Z,ACTIVE,EDR-Collector,STAGING,2020-11-19
AST-001864,TELE-CORPORATE-01865,CSE-TELECOM-03,Telecom,SERVER,CORPORATE,MEDIUM,IMS,IT-OPS,YES,OT|EXFILTRATION,2026-07-28T08:28:45Z,DEGRADED,EDR-Collector,PRODUCTION,2020-06-29
AST-001865,TELE-CORPORATE-01866,CSE-TELECOM-03,Telecom,APPLICATION,CORPORATE,MEDIUM,Core Network,IT-OPS,YES,ENDPOINT|WEB,2026-08-21T21:43:48Z,DEGRADED,Splunk-ES,STAGING,2020-12-22
AST-001866,TELE-CORPORATE-01867,CSE-TELECOM-03,Telecom,SERVER,CORPORATE,MEDIUM,Identity,OT-OPS,YES,PRIVILEGE|EXFILTRATION,2026-09-29T21:25:35Z,ACTIVE,Sentinel-Bridge,PRODUCTION,2020-11-08
AST-001867,TELE-OT-01868,CSE-TELECOM-03,Telecom,SERVER,OT,HIGH,BSS,APPSEC,YES,OT|NETWORK|WEB,2026-08-21T00:10:10Z,DEGRADED,Sentinel-Bridge,PRODUCTION,2023-04-21
AST-001868,TELE-CORPORATE-01869,CSE-TELECOM-03,Telecom,WORKSTATION,CORPORATE,MEDIUM,BSS,APPSEC,YES,EXFILTRATION|ENDPOINT,2026-07-13T08:44:30Z,ACTIVE,QRadar-Archive,STAGING,2020-04-01
AST-001869,TELE-CORPORATE-01870,CSE-TELECOM-03,Telecom,DATABASE,CORPORATE,MEDIUM,BSS,OT-OPS,YES,NETWORK|EXFILTRATION,2026-09-09T11:47:39Z,DEGRADED,Sentinel-Bridge,DR,2020-10-04
AST-001870,TELE-CORPORATE-01871,CSE-TELECOM-03,Telecom,NETWORK_DEVICE,CORPORATE,LOW,Identity,APPSEC,YES,ENDPOINT|PRIVILEGE,2026-07-17T14:45:00Z,ACTIVE,Splunk-ES,STAGING,2023-05-11
AST-001871,TELE-OT-01872,CSE-TELECOM-03,Telecom,HMI,OT,LOW,IMS,APPSEC,YES,AUTH|OT,2026-08-18T03:34:49Z,ACTIVE,EDR-Collector,PRODUCTION,2025-11-22
AST-001872,TELE-CORPORATE-01873,CSE-TELECOM-03,Telecom,WORKSTATION,CORPORATE,CRITICAL,BSS,OT-OPS,YES,ENDPOINT|WEB|DATABASE,2026-09-13T23:59:59Z,ACTIVE,EDR-Collector,STAGING,2020-01-31
AST-001873,TELE-CORPORATE-01874,CSE-TELECOM-03,Telecom,DATABASE,CORPORATE,LOW,Core Network,SOC,YES,AUTH|NETWORK,2026-09-15T00:04:58Z,ACTIVE,EDR-Collector,PRODUCTION,2024-02-13
AST-001874,TELE-DMZ-01875,CSE-TELECOM-03,Telecom,WORKSTATION,DMZ,HIGH,Identity,APPSEC,YES,WEB|NETWORK|DATABASE,2026-08-15T22:50:17Z,ACTIVE,Splunk-ES,DR,2023-09-02
AST-001875,TELE-OT-01876,CSE-TELECOM-03,Telecom,PLC,OT,MEDIUM,Core Network,IT-OPS,YES,PRIVILEGE|DATABASE,2026-08-27T06:31:38Z,ACTIVE,EDR-Collector,STAGING,2021-12-29
AST-001876,TELE-OT-01877,CSE-TELECOM-03,Telecom,HMI,OT,HIGH,Identity,OT-OPS,YES,WEB|AUTH|EXFILTRATION,2026-07-03T21:30:48Z,ACTIVE,Splunk-ES,PRODUCTION,2022-09-06
AST-001877,TELE-SCADA-01878,CSE-TELECOM-03,Telecom,FIREWALL,SCADA,LOW,BSS,NETSEC,YES,OT|DATABASE,2026-08-01T23:13:06Z,ACTIVE,EDR-Collector,STAGING,2025-09-29
AST-001878,TELE-CORPORATE-01879,CSE-TELECOM-03,Telecom,APPLICATION,CORPORATE,MEDIUM,Core Network,OT-OPS,YES,DATABASE|EXFILTRATION,2026-09-17T11:12:31Z,MISSING,Splunk-ES,PRODUCTION,2025-10-28
AST-001879,TELE-CORPORATE-01880,CSE-TELECOM-03,Telecom,SERVER,CORPORATE,LOW,Core Network,APPSEC,YES,EXFILTRATION|OT,2026-08-21T08:12:43Z,ACTIVE,QRadar-Archive,STAGING,2025-03-13
AST-001880,TELE-SCADA-01881,CSE-TELECOM-03,Telecom,SERVER,SCADA,CRITICAL,Identity,IT-OPS,YES,PRIVILEGE|NETWORK|AUTH,2026-08-10T15:44:13Z,ACTIVE,EDR-Collector,DR,2023-09-06
AST-001881,TELE-CORPORATE-01882,CSE-TELECOM-03,Telecom,SERVER,CORPORATE,LOW,IMS,NETSEC,YES,ENDPOINT|NETWORK,2026-08-17T06:33:22Z,ACTIVE,Sentinel-Bridge,PRODUCTION,2021-03-29
AST-001882,TELE-CORPORATE-01883,CSE-TELECOM-03,Telecom,SERVER,CORPORATE,LOW,Identity,OT-OPS,YES,ENDPOINT|OT,2026-07-27T22:02:21Z,ACTIVE,EDR-Collector,DR,2020-10-25
AST-001883,TELE-CORPORATE-01884,CSE-TELECOM-03,Telecom,SERVER,CORPORATE,HIGH,Identity,IT-OPS,YES,DATABASE|WEB|OT,2026-08-23T15:40:24Z,ACTIVE,Sentinel-Bridge,STAGING,2025-08-23
AST-001884,TELE-CORPORATE-01885,CSE-TELECOM-03,Telecom,NETWORK_DEVICE,CORPORATE,HIGH,IMS,SOC,YES,NETWORK|PRIVILEGE|WEB,2026-08-08T18:18:32Z,ACTIVE,QRadar-Archive,DR,2024-01-10
AST-001885,TELE-DC-01886,CSE-TELECOM-03,Telecom,FIREWALL,DC,MEDIUM,Core Network,APPSEC,YES,ENDPOINT|WEB,2026-08-14T23:49:46Z,DEGRADED,Splunk-ES,STAGING,2025-10-07
AST-001886,TELE-CORPORATE-01887,CSE-TELECOM-03,Telecom,WORKSTATION,CORPORATE,HIGH,IMS,OT-OPS,YES,NETWORK|ENDPOINT|PRIVILEGE,2026-09-28T04:40:08Z,ACTIVE,Sentinel-Bridge,DR,2024-01-03
AST-001887,TELE-DMZ-01888,CSE-TELECOM-03,Telecom,APPLICATION,DMZ,MEDIUM,BSS,IT-OPS,YES,EXFILTRATION|WEB,2026-07-15T02:07:14Z,ACTIVE,EDR-Collector,PRODUCTION,2024-04-21
AST-001888,TELE-CORPORATE-01889,CSE-TELECOM-03,Telecom,NETWORK_DEVICE,CORPORATE,LOW,Identity,SOC,YES,WEB|EXFILTRATION,2026-07-30T20:47:51Z,ACTIVE,Sentinel-Bridge,STAGING,2023-08-01
AST-001889,TELE-DMZ-01890,CSE-TELECOM-03,Telecom,WORKSTATION,DMZ,LOW,IMS,NETSEC,YES,NETWORK|PRIVILEGE,2026-09-17T23:15:25Z,ACTIVE,QRadar-Archive,DR,2022-05-04
AST-001890,TELE-OT-01891,CSE-TELECOM-03,Telecom,PLC,OT,CRITICAL,Core Network,SOC,YES,DATABASE|EXFILTRATION|NETWORK,2026-08-14T10:36:30Z,ACTIVE,Sentinel-Bridge,DR,2022-04-08
AST-001891,TELE-SCADA-01892,CSE-TELECOM-03,Telecom,WORKSTATION,SCADA,HIGH,BSS,NETSEC,YES,EXFILTRATION|WEB|ENDPOINT,2026-08-19T15:46:03Z,ACTIVE,EDR-Collector,DR,2025-10-13
AST-001892,TELE-OT-01893,CSE-TELECOM-03,Telecom,DATABASE,OT,CRITICAL,Core Network,APPSEC,YES,DATABASE|EXFILTRATION|ENDPOINT,2026-08-16T11:36:31Z,ACTIVE,Sentinel-Bridge,DR,2020-12-31
AST-001893,TELE-DC-01894,CSE-TELECOM-03,Telecom,SERVER,DC,CRITICAL,Identity,IT-OPS,YES,OT|DATABASE|PRIVILEGE,2026-08-14T22:35:08Z,ACTIVE,Splunk-ES,STAGING,2022-05-10
AST-001894,TELE-SCADA-01895,CSE-TELECOM-03,Telecom,SERVER,SCADA,HIGH,Identity,NETSEC,YES,DATABASE|PRIVILEGE|ENDPOINT,2026-07-14T09:01:30Z,ACTIVE,Splunk-ES,DR,2025-12-01
AST-001895,TELE-CORPORATE-01896,CSE-TELECOM-03,Telecom,FIREWALL,CORPORATE,MEDIUM,IMS,APPSEC,YES,PRIVILEGE|AUTH,2026-09-26T10:26:16Z,ACTIVE,EDR-Collector,DR,2025-11-20
AST-001896,TELE-OT-01897,CSE-TELECOM-03,Telecom,SERVER,OT,MEDIUM,Core Network,NETSEC,YES,AUTH|ENDPOINT,2026-07-31T21:46:20Z,ACTIVE,Sentinel-Bridge,DR,2023-04-17
AST-001897,TELE-DC-01898,CSE-TELECOM-03,Telecom,SERVER,DC,LOW,IMS,SOC,YES,DATABASE|ENDPOINT,2026-09-26T20:00:17Z,ACTIVE,Sentinel-Bridge,PRODUCTION,2021-05-22
AST-001898,TELE-OT-01899,CSE-TELECOM-03,Telecom,WORKSTATION,OT,LOW,IMS,APPSEC,YES,ENDPOINT|NETWORK,2026-08-25T15:33:23Z,ACTIVE,QRadar-Archive,DR,2020-07-05
AST-001899,TELE-OT-01900,CSE-TELECOM-03,Telecom,HMI,OT,HIGH,BSS,SOC,YES,WEB|DATABASE|OT,2026-08-21T04:52:29Z,ACTIVE,QRadar-Archive,STAGING,2021-07-15
AST-001900,TELE-CORPORATE-01901,CSE-TELECOM-03,Telecom,WORKSTATION,CORPORATE,HIGH,Core Network,NETSEC,YES,NETWORK|OT|PRIVILEGE,2026-07-26T18:24:24Z,ACTIVE,EDR-Collector,DR,2021-05-09
AST-001901,TELE-CORPORATE-01902,CSE-TELECOM-03,Telecom,APPLICATION,CORPORATE,HIGH,IMS,APPSEC,YES,WEB|AUTH|DATABASE,2026-08-14T17:31:46Z,ACTIVE,Splunk-ES,PRODUCTION,2020-09-16
AST-001902,TELE-OT-01903,CSE-TELECOM-03,Telecom,HMI,OT,LOW,Core Network,APPSEC,YES,EXFILTRATION|NETWORK,2026-09-24T04:00:47Z,ACTIVE,QRadar-Archive,PRODUCTION,2021-06-02
AST-001903,TELE-CORPORATE-01904,CSE-TELECOM-03,Telecom,SERVER,CORPORATE,LOW,Core Network,IT-OPS,YES,OT|ENDPOINT,2026-07-09T17:47:12Z,ACTIVE,EDR-Collector,STAGING,2023-12-16
AST-001904,TELE-CORPORATE-01905,CSE-TELECOM-03,Telecom,NETWORK_DEVICE,CORPORATE,MEDIUM,Core Network,APPSEC,YES,DATABASE|ENDPOINT,2026-09-14T11:15:13Z,ACTIVE,Sentinel-Bridge,DR,2020-08-29
AST-001905,TELE-OT-01906,CSE-TELECOM-03,Telecom,WORKSTATION,OT,LOW,BSS,OT-OPS,YES,AUTH|ENDPOINT,2026-07-18T07:06:52Z,MISSING,EDR-Collector,STAGING,2022-11-08
AST-001906,TELE-CORPORATE-01907,CSE-TELECOM-03,Telecom,APPLICATION,CORPORATE,MEDIUM,Core Network,SOC,YES,DATABASE|ENDPOINT,2026-08-11T16:25:56Z,ACTIVE,Sentinel-Bridge,PRODUCTION,2021-01-17
AST-001907,TELE-OT-01908,CSE-TELECOM-03,Telecom,FIREWALL,OT,LOW,Identity,NETSEC,YES,DATABASE|WEB,2026-09-07T04:49:33Z,ACTIVE,Sentinel-Bridge,DR,2022-06-30
AST-001908,TELE-SCADA-01909,CSE-TELECOM-03,Telecom,WORKSTATION,SCADA,MEDIUM,IMS,OT-OPS,YES,AUTH|WEB,2026-09-28T04:57:03Z,ACTIVE,EDR-Collector,STAGING,2024-10-07
AST-001909,TELE-DMZ-01910,CSE-TELECOM-03,Telecom,WORKSTATION,DMZ,HIGH,IMS,OT-OPS,YES,NETWORK|WEB|PRIVILEGE,2026-09-22T20:37:41Z,ACTIVE,QRadar-Archive,PRODUCTION,2024-12-04
AST-001910,TELE-OT-01911,CSE-TELECOM-03,Telecom,PLC,OT,MEDIUM,IMS,OT-OPS,YES,OT|DATABASE,2026-08-29T06:05:42Z,ACTIVE,EDR-Collector,STAGING,2022-03-28
AST-001911,TELE-CORPORATE-01912,CSE-TELECOM-03,Telecom,WORKSTATION,CORPORATE,HIGH,Core Network,NETSEC,YES,ENDPOINT|PRIVILEGE|EXFILTRATION,2026-08-25T17:32:40Z,ACTIVE,QRadar-Archive,PRODUCTION,2020-03-25
AST-001912,TELE-DMZ-01913,CSE-TELECOM-03,Telecom,DATABASE,DMZ,CRITICAL,IMS,OT-OPS,YES,ENDPOINT|OT|AUTH,2026-07-01T17:20:20Z,ACTIVE,QRadar-Archive,DR,2022-09-02
AST-001913,TELE-CORPORATE-01914,CSE-TELECOM-03,Telecom,FIREWALL,CORPORATE,LOW,Identity,IT-OPS,YES,EXFILTRATION|PRIVILEGE,2026-09-07T15:26:02Z,ACTIVE,QRadar-Archive,DR,2024-08-27
AST-001914,TELE-DC-01915,CSE-TELECOM-03,Telecom,SERVER,DC,HIGH,Identity,NETSEC,YES,DATABASE|ENDPOINT|PRIVILEGE,2026-08-12T22:17:13Z,ACTIVE,Splunk-ES,DR,2023-03-03
AST-001915,TELE-DC-01916,CSE-TELECOM-03,Telecom,SERVER,DC,HIGH,Identity,NETSEC,YES,WEB|ENDPOINT|EXFILTRATION,2026-09-07T12:44:46Z,ACTIVE,QRadar-Archive,DR,2022-07-08
AST-001916,TELE-SCADA-01917,CSE-TELECOM-03,Telecom,WORKSTATION,SCADA,LOW,IMS,APPSEC,YES,ENDPOINT|DATABASE,2026-09-06T00:20:38Z,ACTIVE,Sentinel-Bridge,DR,2021-08-13
AST-001917,TELE-DMZ-01918,CSE-TELECOM-03,Telecom,FIREWALL,DMZ,CRITICAL,Identity,APPSEC,YES,OT|EXFILTRATION|WEB,2026-07-04T23:00:57Z,DEGRADED,Splunk-ES,STAGING,2025-02-19
AST-001918,TELE-SCADA-01919,CSE-TELECOM-03,Telecom,SERVER,SCADA,CRITICAL,Core Network,APPSEC,YES,OT|WEB|ENDPOINT,2026-09-17T23:59:59Z,ACTIVE,Splunk-ES,DR,2023-12-08
AST-001919,TELE-CORPORATE-01920,CSE-TELECOM-03,Telecom,SERVER,CORPORATE,MEDIUM,Core Network,APPSEC,YES,NETWORK|ENDPOINT,2026-08-28T16:11:34Z,ACTIVE,QRadar-Archive,STAGING,2023-11-04
AST-001920,TELE-CORPORATE-01921,CSE-TELECOM-03,Telecom,SERVER,CORPORATE,HIGH,Identity,OT-OPS,YES,DATABASE|AUTH|PRIVILEGE,2026-09-16T03:29:52Z,ACTIVE,Sentinel-Bridge,STAGING,2025-02-13
AST-001921,TELE-CORPORATE-01922,CSE-TELECOM-03,Telecom,DATABASE,CORPORATE,MEDIUM,Core Network,OT-OPS,YES,AUTH|ENDPOINT,2026-09-01T12:01:50Z,ACTIVE,Sentinel-Bridge,PRODUCTION,2024-04-28
AST-001922,TELE-DC-01923,CSE-TELECOM-03,Telecom,DATABASE,DC,HIGH,IMS,IT-OPS,YES,OT|WEB|EXFILTRATION,2026-07-03T15:12:44Z,ACTIVE,QRadar-Archive,DR,2020-05-17
AST-001923,TELE-CORPORATE-01924,CSE-TELECOM-03,Telecom,NETWORK_DEVICE,CORPORATE,MEDIUM,BSS,SOC,YES,ENDPOINT|PRIVILEGE,2026-07-12T05:05:17Z,ACTIVE,Sentinel-Bridge,PRODUCTION,2022-06-26
AST-001924,TELE-DC-01925,CSE-TELECOM-03,Telecom,WORKSTATION,DC,MEDIUM,IMS,IT-OPS,YES,DATABASE|ENDPOINT,2026-09-04T14:05:15Z,ACTIVE,EDR-Collector,STAGING,2025-01-24
AST-001925,TELE-DMZ-01926,CSE-TELECOM-03,Telecom,SERVER,DMZ,MEDIUM,Identity,SOC,YES,PRIVILEGE|NETWORK,2026-08-03T11:25:17Z,ACTIVE,Sentinel-Bridge,DR,2023-08-03
AST-001926,TELE-DC-01927,CSE-TELECOM-03,Telecom,SERVER,DC,MEDIUM,IMS,NETSEC,YES,DATABASE|ENDPOINT,2026-09-29T00:59:55Z,ACTIVE,QRadar-Archive,DR,2020-10-14
AST-001927,TELE-CORPORATE-01928,CSE-TELECOM-03,Telecom,DATABASE,CORPORATE,MEDIUM,Core Network,SOC,YES,DATABASE|WEB,2026-07-19T17:41:57Z,ACTIVE,Splunk-ES,STAGING,2021-10-20
AST-001928,TELE-DMZ-01929,CSE-TELECOM-03,Telecom,WORKSTATION,DMZ,LOW,Identity,APPSEC,YES,ENDPOINT|NETWORK,2026-07-22T00:27:09Z,ACTIVE,Splunk-ES,PRODUCTION,2025-07-23
AST-001929,TELE-OT-01930,CSE-TELECOM-03,Telecom,APPLICATION,OT,CRITICAL,Core Network,SOC,YES,EXFILTRATION|AUTH|NETWORK,2026-09-12T10:26:54Z,ACTIVE,EDR-Collector,DR,2024-11-15
AST-001930,TELE-CORPORATE-01931,CSE-TELECOM-03,Telecom,NETWORK_DEVICE,CORPORATE,MEDIUM,Core Network,NETSEC,YES,AUTH|PRIVILEGE,2026-08-25T04:22:01Z,DEGRADED,Splunk-ES,STAGING,2024-10-12
AST-001931,TELE-DMZ-01932,CSE-TELECOM-03,Telecom,FIREWALL,DMZ,HIGH,Identity,IT-OPS,YES,WEB|OT|PRIVILEGE,2026-08-09T05:44:43Z,ACTIVE,EDR-Collector,DR,2021-11-24
AST-001932,TELE-CORPORATE-01933,CSE-TELECOM-03,Telecom,DATABASE,CORPORATE,CRITICAL,Identity,IT-OPS,YES,OT|AUTH|PRIVILEGE,2026-09-07T09:45:35Z,ACTIVE,EDR-Collector,DR,2021-11-06
AST-001933,TELE-CORPORATE-01934,CSE-TELECOM-03,Telecom,SERVER,CORPORATE,MEDIUM,Identity,SOC,YES,ENDPOINT|OT,2026-08-01T04:32:58Z,ACTIVE,EDR-Collector,STAGING,2021-06-17
AST-001934,TELE-SCADA-01935,CSE-TELECOM-03,Telecom,FIREWALL,SCADA,HIGH,Identity,OT-OPS,YES,DATABASE|NETWORK|ENDPOINT,2026-09-05T06:33:44Z,ACTIVE,Splunk-ES,STAGING,2024-10-28
AST-001935,TELE-DC-01936,CSE-TELECOM-03,Telecom,SERVER,DC,HIGH,IMS,SOC,YES,DATABASE|NETWORK|PRIVILEGE,2026-08-02T01:22:43Z,ACTIVE,Splunk-ES,DR,2021-04-05
AST-001936,TELE-CORPORATE-01937,CSE-TELECOM-03,Telecom,APPLICATION,CORPORATE,HIGH,IMS,IT-OPS,YES,PRIVILEGE|DATABASE|ENDPOINT,2026-08-04T07:42:00Z,DEGRADED,Sentinel-Bridge,PRODUCTION,2022-11-30
AST-001937,TELE-DMZ-01938,CSE-TELECOM-03,Telecom,NETWORK_DEVICE,DMZ,MEDIUM,BSS,NETSEC,YES,DATABASE|AUTH,2026-07-22T12:46:24Z,ACTIVE,EDR-Collector,PRODUCTION,2023-05-13
AST-001938,TELE-OT-01939,CSE-TELECOM-03,Telecom,SERVER,OT,HIGH,Identity,SOC,YES,AUTH|OT|WEB,2026-07-11T18:11:31Z,DEGRADED,Sentinel-Bridge,DR,2023-03-23
AST-001939,TELE-DMZ-01940,CSE-TELECOM-03,Telecom,WORKSTATION,DMZ,HIGH,IMS,OT-OPS,YES,NETWORK|ENDPOINT|EXFILTRATION,2026-07-15T04:18:09Z,ACTIVE,QRadar-Archive,PRODUCTION,2024-01-18
AST-001940,TELE-OT-01941,CSE-TELECOM-03,Telecom,SERVER,OT,CRITICAL,Core Network,IT-OPS,YES,EXFILTRATION|DATABASE|NETWORK,2026-07-26T16:46:27Z,ACTIVE,Splunk-ES,DR,2024-05-28
AST-001941,TELE-DC-01942,CSE-TELECOM-03,Telecom,FIREWALL,DC,MEDIUM,BSS,APPSEC,YES,PRIVILEGE|DATABASE,2026-09-28T13:57:42Z,ACTIVE,QRadar-Archive,DR,2023-08-03
AST-001942,TELE-CORPORATE-01943,CSE-TELECOM-03,Telecom,APPLICATION,CORPORATE,HIGH,Identity,SOC,YES,PRIVILEGE|AUTH|OT,2026-08-10T00:06:55Z,ACTIVE,QRadar-Archive,PRODUCTION,2024-11-22
AST-001943,TELE-CORPORATE-01944,CSE-TELECOM-03,Telecom,SERVER,CORPORATE,HIGH,IMS,IT-OPS,YES,WEB|NETWORK|DATABASE,2026-08-07T03:27:51Z,ACTIVE,Splunk-ES,STAGING,2025-12-30
AST-001944,TELE-OT-01945,CSE-TELECOM-03,Telecom,NETWORK_DEVICE,OT,MEDIUM,Identity,NETSEC,YES,ENDPOINT|WEB,2026-07-29T15:23:17Z,ACTIVE,QRadar-Archive,DR,2020-07-17
AST-001945,TELE-CORPORATE-01946,CSE-TELECOM-03,Telecom,WORKSTATION,CORPORATE,HIGH,BSS,APPSEC,YES,AUTH|EXFILTRATION|DATABASE,2026-07-22T01:00:32Z,ACTIVE,QRadar-Archive,PRODUCTION,2021-12-28
AST-001946,TELE-CORPORATE-01947,CSE-TELECOM-03,Telecom,SERVER,CORPORATE,MEDIUM,IMS,OT-OPS,YES,DATABASE|NETWORK,2026-07-06T14:10:51Z,ACTIVE,EDR-Collector,PRODUCTION,2023-01-31
AST-001947,TELE-CORPORATE-01948,CSE-TELECOM-03,Telecom,NETWORK_DEVICE,CORPORATE,LOW,BSS,OT-OPS,YES,NETWORK|AUTH,2026-09-19T04:23:51Z,ACTIVE,Sentinel-Bridge,DR,2023-10-04
AST-001948,TELE-SCADA-01949,CSE-TELECOM-03,Telecom,WORKSTATION,SCADA,MEDIUM,IMS,NETSEC,YES,WEB|NETWORK,2026-07-20T17:50:16Z,DEGRADED,QRadar-Archive,STAGING,2021-03-03
AST-001949,TELE-SCADA-01950,CSE-TELECOM-03,Telecom,NETWORK_DEVICE,SCADA,LOW,IMS,NETSEC,YES,OT|ENDPOINT,2026-08-11T23:12:51Z,MISSING,Splunk-ES,PRODUCTION,2020-04-29
AST-001950,TELE-DMZ-01951,CSE-TELECOM-03,Telecom,DATABASE,DMZ,MEDIUM,BSS,APPSEC,YES,NETWORK|PRIVILEGE,2026-08-17T07:18:31Z,ACTIVE,EDR-Collector,PRODUCTION,2022-01-26
AST-001951,TRAN-SCADA-01952,CSE-TRANSPORT-04,Transport,WORKSTATION,SCADA,HIGH,Identity,IT-OPS,YES,WEB|NETWORK|EXFILTRATION,2026-08-16T13:57:12Z,ACTIVE,QRadar-Archive,STAGING,2024-10-06
AST-001952,TRAN-DMZ-01953,CSE-TRANSPORT-04,Transport,APPLICATION,DMZ,HIGH,Ticketing,OT-OPS,YES,DATABASE|NETWORK|ENDPOINT,2026-08-18T03:40:12Z,ACTIVE,Sentinel-Bridge,DR,2022-11-02
AST-001953,TRAN-CORPORATE-01954,CSE-TRANSPORT-04,Transport,WORKSTATION,CORPORATE,LOW,Fleet Control,SOC,YES,EXFILTRATION|ENDPOINT,2026-08-24T01:33:08Z,MISSING,Splunk-ES,DR,2020-01-02
AST-001954,TRAN-CORPORATE-01955,CSE-TRANSPORT-04,Transport,NETWORK_DEVICE,CORPORATE,LOW,Ticketing,SOC,YES,DATABASE|AUTH,2026-08-30T09:34:52Z,ACTIVE,QRadar-Archive,STAGING,2025-03-01
AST-001955,TRAN-CORPORATE-01956,CSE-TRANSPORT-04,Transport,DATABASE,CORPORATE,CRITICAL,Fleet Control,OT-OPS,YES,AUTH|DATABASE|PRIVILEGE,2026-08-31T16:53:09Z,ACTIVE,EDR-Collector,STAGING,2022-03-25
AST-001956,TRAN-DMZ-01957,CSE-TRANSPORT-04,Transport,WORKSTATION,DMZ,HIGH,Fleet Control,IT-OPS,YES,WEB|EXFILTRATION|ENDPOINT,2026-08-02T03:33:19Z,ACTIVE,Splunk-ES,STAGING,2024-05-14
AST-001957,TRAN-OT-01958,CSE-TRANSPORT-04,Transport,HMI,OT,LOW,Fleet Control,APPSEC,YES,PRIVILEGE|OT,2026-08-07T04:51:26Z,ACTIVE,Splunk-ES,DR,2024-12-02
AST-001958,TRAN-DC-01959,CSE-TRANSPORT-04,Transport,SERVER,DC,LOW,Fleet Control,SOC,YES,DATABASE|PRIVILEGE,2026-09-22T04:30:08Z,ACTIVE,Splunk-ES,DR,2020-03-05
AST-001959,TRAN-DMZ-01960,CSE-TRANSPORT-04,Transport,SERVER,DMZ,HIGH,Ticketing,IT-OPS,YES,NETWORK|PRIVILEGE|ENDPOINT,2026-08-04T05:31:01Z,ACTIVE,Splunk-ES,PRODUCTION,2024-01-25
AST-001960,TRAN-CORPORATE-01961,CSE-TRANSPORT-04,Transport,DATABASE,CORPORATE,HIGH,Identity,NETSEC,YES,OT|ENDPOINT|AUTH,2026-09-23T17:16:27Z,ACTIVE,QRadar-Archive,PRODUCTION,2022-03-02
AST-001961,TRAN-DMZ-01962,CSE-TRANSPORT-04,Transport,WORKSTATION,DMZ,HIGH,Identity,IT-OPS,YES,ENDPOINT|NETWORK|WEB,2026-07-03T13:03:53Z,ACTIVE,Sentinel-Bridge,PRODUCTION,2022-04-17
AST-001962,TRAN-SCADA-01963,CSE-TRANSPORT-04,Transport,WORKSTATION,SCADA,MEDIUM,Identity,SOC,YES,AUTH|ENDPOINT,2026-09-06T16:44:24Z,ACTIVE,Splunk-ES,PRODUCTION,2020-10-29
AST-001963,TRAN-CORPORATE-01964,CSE-TRANSPORT-04,Transport,WORKSTATION,CORPORATE,LOW,Identity,OT-OPS,YES,NETWORK|WEB,2026-09-26T21:10:22Z,ACTIVE,Sentinel-Bridge,DR,2020-01-07
AST-001964,TRAN-SCADA-01965,CSE-TRANSPORT-04,Transport,SERVER,SCADA,MEDIUM,Fleet Control,OT-OPS,YES,WEB|ENDPOINT,2026-08-27T17:51:27Z,ACTIVE,QRadar-Archive,PRODUCTION,2024-03-03
AST-001965,TRAN-CORPORATE-01966,CSE-TRANSPORT-04,Transport,WORKSTATION,CORPORATE,LOW,Ticketing,OT-OPS,YES,PRIVILEGE|AUTH,2026-07-27T21:01:19Z,ACTIVE,Sentinel-Bridge,PRODUCTION,2025-12-04
AST-001966,TRAN-DMZ-01967,CSE-TRANSPORT-04,Transport,NETWORK_DEVICE,DMZ,MEDIUM,Fleet Control,OT-OPS,YES,AUTH|PRIVILEGE,2026-07-09T07:34:32Z,ACTIVE,QRadar-Archive,DR,2025-01-26
AST-001967,TRAN-OT-01968,CSE-TRANSPORT-04,Transport,PLC,OT,CRITICAL,Identity,APPSEC,YES,DATABASE|EXFILTRATION|PRIVILEGE,2026-09-05T07:56:46Z,MISSING,Splunk-ES,DR,2020-07-17
AST-001968,TRAN-DMZ-01969,CSE-TRANSPORT-04,Transport,DATABASE,DMZ,MEDIUM,Cargo,APPSEC,YES,NETWORK|EXFILTRATION,2026-09-29T23:21:50Z,ACTIVE,Sentinel-Bridge,STAGING,2024-12-11
AST-001969,TRAN-CORPORATE-01970,CSE-TRANSPORT-04,Transport,SERVER,CORPORATE,CRITICAL,Ticketing,OT-OPS,YES,PRIVILEGE|AUTH|OT,2026-08-13T17:36:00Z,ACTIVE,EDR-Collector,PRODUCTION,2022-12-03
AST-001970,TRAN-DC-01971,CSE-TRANSPORT-04,Transport,WORKSTATION,DC,HIGH,Ticketing,IT-OPS,YES,OT|NETWORK|AUTH,2026-07-20T00:00:54Z,ACTIVE,EDR-Collector,PRODUCTION,2025-12-26
AST-001971,TRAN-DC-01972,CSE-TRANSPORT-04,Transport,DATABASE,DC,MEDIUM,Fleet Control,SOC,YES,AUTH|WEB,2026-08-21T10:05:40Z,ACTIVE,QRadar-Archive,DR,2020-03-30
AST-001972,TRAN-CORPORATE-01973,CSE-TRANSPORT-04,Transport,FIREWALL,CORPORATE,MEDIUM,Ticketing,SOC,YES,WEB|EXFILTRATION,2026-07-13T07:58:18Z,ACTIVE,QRadar-Archive,PRODUCTION,2022-09-13
AST-001973,TRAN-DMZ-01974,CSE-TRANSPORT-04,Transport,WORKSTATION,DMZ,MEDIUM,Ticketing,IT-OPS,YES,NETWORK|ENDPOINT,2026-07-14T11:44:36Z,ACTIVE,EDR-Collector,PRODUCTION,2024-01-17
AST-001974,TRAN-CORPORATE-01975,CSE-TRANSPORT-04,Transport,SERVER,CORPORATE,MEDIUM,Fleet Control,NETSEC,YES,OT|ENDPOINT,2026-07-30T08:45:43Z,ACTIVE,QRadar-Archive,DR,2020-09-27
AST-001975,TRAN-OT-01976,CSE-TRANSPORT-04,Transport,HMI,OT,HIGH,Ticketing,IT-OPS,YES,DATABASE|ENDPOINT|NETWORK,2026-09-10T07:24:17Z,ACTIVE,EDR-Collector,STAGING,2020-10-19
AST-001976,TRAN-OT-01977,CSE-TRANSPORT-04,Transport,PLC,OT,MEDIUM,Cargo,NETSEC,YES,PRIVILEGE|DATABASE,2026-09-07T23:14:45Z,ACTIVE,EDR-Collector,PRODUCTION,2020-05-01
AST-001977,TRAN-DC-01978,CSE-TRANSPORT-04,Transport,WORKSTATION,DC,HIGH,Fleet Control,APPSEC,YES,EXFILTRATION|OT|NETWORK,2026-08-11T16:00:46Z,ACTIVE,QRadar-Archive,DR,2023-08-28
AST-001978,TRAN-CORPORATE-01979,CSE-TRANSPORT-04,Transport,DATABASE,CORPORATE,MEDIUM,Cargo,OT-OPS,YES,WEB|PRIVILEGE,2026-07-05T13:16:14Z,ACTIVE,EDR-Collector,PRODUCTION,2023-10-15
AST-001979,TRAN-DMZ-01980,CSE-TRANSPORT-04,Transport,FIREWALL,DMZ,MEDIUM,Ticketing,NETSEC,YES,WEB|PRIVILEGE,2026-07-29T04:40:09Z,ACTIVE,QRadar-Archive,STAGING,2021-02-18
AST-001980,TRAN-CORPORATE-01981,CSE-TRANSPORT-04,Transport,APPLICATION,CORPORATE,MEDIUM,Identity,IT-OPS,YES,AUTH|DATABASE,2026-07-16T06:19:15Z,ACTIVE,Splunk-ES,STAGING,2022-07-27
AST-001981,TRAN-DMZ-01982,CSE-TRANSPORT-04,Transport,NETWORK_DEVICE,DMZ,MEDIUM,Identity,NETSEC,YES,ENDPOINT|OT,2026-09-06T04:51:21Z,ACTIVE,Splunk-ES,PRODUCTION,2022-07-06
AST-001982,TRAN-DMZ-01983,CSE-TRANSPORT-04,Transport,FIREWALL,DMZ,MEDIUM,Cargo,IT-OPS,YES,AUTH|ENDPOINT,2026-08-28T00:11:03Z,ACTIVE,Sentinel-Bridge,DR,2023-08-10
AST-001983,TRAN-OT-01984,CSE-TRANSPORT-04,Transport,APPLICATION,OT,LOW,Cargo,NETSEC,YES,WEB|EXFILTRATION,2026-07-14T02:47:02Z,ACTIVE,Sentinel-Bridge,STAGING,2023-07-04
AST-001984,TRAN-CORPORATE-01985,CSE-TRANSPORT-04,Transport,FIREWALL,CORPORATE,MEDIUM,Ticketing,OT-OPS,YES,EXFILTRATION|AUTH,2026-07-04T11:36:58Z,ACTIVE,Sentinel-Bridge,PRODUCTION,2023-06-24
AST-001985,TRAN-DMZ-01986,CSE-TRANSPORT-04,Transport,APPLICATION,DMZ,LOW,Cargo,SOC,YES,AUTH|DATABASE,2026-08-19T00:24:50Z,DEGRADED,Splunk-ES,PRODUCTION,2020-12-01
AST-001986,TRAN-DC-01987,CSE-TRANSPORT-04,Transport,WORKSTATION,DC,MEDIUM,Identity,IT-OPS,YES,EXFILTRATION|AUTH,2026-07-11T02:30:16Z,ACTIVE,Splunk-ES,PRODUCTION,2019-12-11
AST-001987,TRAN-DMZ-01988,CSE-TRANSPORT-04,Transport,SERVER,DMZ,HIGH,Ticketing,IT-OPS,YES,WEB|EXFILTRATION|PRIVILEGE,2026-07-25T05:19:01Z,ACTIVE,EDR-Collector,DR,2021-12-31
AST-001988,TRAN-OT-01989,CSE-TRANSPORT-04,Transport,SERVER,OT,HIGH,Identity,IT-OPS,YES,EXFILTRATION|NETWORK|WEB,2026-09-23T19:42:26Z,ACTIVE,Splunk-ES,DR,2021-06-27
AST-001989,TRAN-DMZ-01990,CSE-TRANSPORT-04,Transport,APPLICATION,DMZ,HIGH,Fleet Control,OT-OPS,YES,EXFILTRATION|DATABASE|PRIVILEGE,2026-08-30T10:48:11Z,ACTIVE,Sentinel-Bridge,STAGING,2020-11-03
AST-001990,TRAN-OT-01991,CSE-TRANSPORT-04,Transport,PLC,OT,CRITICAL,Identity,APPSEC,YES,WEB|NETWORK|DATABASE,2026-08-23T15:30:41Z,DEGRADED,Sentinel-Bridge,PRODUCTION,2024-08-27
AST-001991,TRAN-DMZ-01992,CSE-TRANSPORT-04,Transport,SERVER,DMZ,MEDIUM,Cargo,APPSEC,YES,AUTH|EXFILTRATION,2026-09-28T16:37:40Z,ACTIVE,QRadar-Archive,PRODUCTION,2021-09-07
AST-001992,TRAN-CORPORATE-01993,CSE-TRANSPORT-04,Transport,SERVER,CORPORATE,MEDIUM,Fleet Control,NETSEC,YES,EXFILTRATION|PRIVILEGE,2026-09-11T06:13:00Z,ACTIVE,Splunk-ES,DR,2026-03-12
AST-001993,TRAN-OT-01994,CSE-TRANSPORT-04,Transport,PLC,OT,MEDIUM,Ticketing,OT-OPS,YES,DATABASE|ENDPOINT,2026-09-26T08:34:59Z,ACTIVE,Splunk-ES,STAGING,2020-11-24
AST-001994,TRAN-DMZ-01995,CSE-TRANSPORT-04,Transport,SERVER,DMZ,CRITICAL,Identity,APPSEC,YES,ENDPOINT|OT|NETWORK,2026-07-31T13:37:37Z,ACTIVE,Sentinel-Bridge,STAGING,2020-04-06
AST-001995,TRAN-OT-01996,CSE-TRANSPORT-04,Transport,APPLICATION,OT,HIGH,Ticketing,OT-OPS,YES,AUTH|DATABASE|NETWORK,2026-08-09T02:11:02Z,ACTIVE,Splunk-ES,DR,2023-06-09
AST-001996,TRAN-CORPORATE-01997,CSE-TRANSPORT-04,Transport,DATABASE,CORPORATE,MEDIUM,Identity,NETSEC,YES,ENDPOINT|PRIVILEGE,2026-07-12T13:08:37Z,ACTIVE,EDR-Collector,DR,2020-02-03
AST-001997,TRAN-CORPORATE-01998,CSE-TRANSPORT-04,Transport,SERVER,CORPORATE,MEDIUM,Cargo,OT-OPS,YES,OT|PRIVILEGE,2026-09-28T02:10:32Z,ACTIVE,EDR-Collector,DR,2022-10-25
AST-001998,TRAN-OT-01999,CSE-TRANSPORT-04,Transport,HMI,OT,MEDIUM,Fleet Control,APPSEC,YES,DATABASE|PRIVILEGE,2026-08-23T17:00:30Z,ACTIVE,Sentinel-Bridge,STAGING,2021-07-12
AST-001999,TRAN-OT-02000,CSE-TRANSPORT-04,Transport,PLC,OT,HIGH,Identity,NETSEC,YES,NETWORK|DATABASE|ENDPOINT,2026-08-29T03:43:46Z,ACTIVE,QRadar-Archive,PRODUCTION,2020-02-01
AST-002000,TRAN-DC-02001,CSE-TRANSPORT-04,Transport,FIREWALL,DC,HIGH,Fleet Control,SOC,YES,ENDPOINT|WEB|PRIVILEGE,2026-09-12T14:05:31Z,ACTIVE,EDR-Collector,STAGING,2023-06-21
AST-002001,TRAN-OT-02002,CSE-TRANSPORT-04,Transport,DATABASE,OT,LOW,Identity,APPSEC,YES,WEB|NETWORK,2026-09-20T21:21:03Z,ACTIVE,QRadar-Archive,STAGING,2024-04-06
AST-002002,TRAN-DC-02003,CSE-TRANSPORT-04,Transport,SERVER,DC,LOW,Identity,NETSEC,YES,DATABASE|NETWORK,2026-07-04T09:44:45Z,ACTIVE,QRadar-Archive,PRODUCTION,2021-04-27
AST-002003,TRAN-CORPORATE-02004,CSE-TRANSPORT-04,Transport,SERVER,CORPORATE,LOW,Cargo,SOC,YES,PRIVILEGE|AUTH,2026-07-21T05:36:55Z,ACTIVE,Sentinel-Bridge,DR,2024-10-20
AST-002004,TRAN-DMZ-02005,CSE-TRANSPORT-04,Transport,APPLICATION,DMZ,CRITICAL,Cargo,IT-OPS,YES,ENDPOINT|PRIVILEGE|NETWORK,2026-07-14T06:48:24Z,ACTIVE,Splunk-ES,DR,2022-12-03
AST-002005,TRAN-SCADA-02006,CSE-TRANSPORT-04,Transport,FIREWALL,SCADA,MEDIUM,Identity,SOC,YES,AUTH|NETWORK,2026-07-10T03:36:56Z,ACTIVE,QRadar-Archive,PRODUCTION,2020-12-14
AST-002006,TRAN-CORPORATE-02007,CSE-TRANSPORT-04,Transport,SERVER,CORPORATE,HIGH,Fleet Control,OT-OPS,YES,EXFILTRATION|DATABASE|PRIVILEGE,2026-09-22T09:25:27Z,ACTIVE,QRadar-Archive,DR,2020-01-07
AST-002007,TRAN-DC-02008,CSE-TRANSPORT-04,Transport,NETWORK_DEVICE,DC,MEDIUM,Fleet Control,IT-OPS,YES,DATABASE|NETWORK,2026-07-04T10:42:05Z,ACTIVE,Sentinel-Bridge,DR,2024-12-18
AST-002008,TRAN-OT-02009,CSE-TRANSPORT-04,Transport,HMI,OT,MEDIUM,Identity,SOC,YES,NETWORK|EXFILTRATION,2026-09-19T03:07:30Z,ACTIVE,Splunk-ES,PRODUCTION,2022-11-17
AST-002009,TRAN-SCADA-02010,CSE-TRANSPORT-04,Transport,DATABASE,SCADA,MEDIUM,Cargo,APPSEC,YES,WEB|AUTH,2026-08-07T10:07:32Z,ACTIVE,EDR-Collector,STAGING,2021-03-18
AST-002010,TRAN-CORPORATE-02011,CSE-TRANSPORT-04,Transport,WORKSTATION,CORPORATE,LOW,Identity,NETSEC,YES,EXFILTRATION|OT,2026-08-02T09:29:04Z,ACTIVE,Splunk-ES,PRODUCTION,2024-03-22
AST-002011,TRAN-CORPORATE-02012,CSE-TRANSPORT-04,Transport,SERVER,CORPORATE,CRITICAL,Ticketing,NETSEC,YES,PRIVILEGE|AUTH|ENDPOINT,2026-08-18T18:29:46Z,ACTIVE,Splunk-ES,PRODUCTION,2020-09-08
AST-002012,TRAN-OT-02013,CSE-TRANSPORT-04,Transport,PLC,OT,MEDIUM,Cargo,NETSEC,YES,DATABASE|AUTH,2026-08-08T01:56:54Z,ACTIVE,QRadar-Archive,PRODUCTION,2024-09-29
AST-002013,TRAN-OT-02014,CSE-TRANSPORT-04,Transport,NETWORK_DEVICE,OT,LOW,Identity,NETSEC,YES,DATABASE|AUTH,2026-07-18T00:36:48Z,ACTIVE,Splunk-ES,DR,2024-10-18
AST-002014,TRAN-DMZ-02015,CSE-TRANSPORT-04,Transport,WORKSTATION,DMZ,MEDIUM,Identity,SOC,YES,AUTH|PRIVILEGE,2026-09-03T00:42:41Z,ACTIVE,QRadar-Archive,DR,2024-05-26
AST-002015,TRAN-OT-02016,CSE-TRANSPORT-04,Transport,PLC,OT,MEDIUM,Fleet Control,APPSEC,YES,EXFILTRATION|ENDPOINT,2026-08-14T22:27:32Z,DEGRADED,Sentinel-Bridge,PRODUCTION,2024-08-02
AST-002016,TRAN-CORPORATE-02017,CSE-TRANSPORT-04,Transport,SERVER,CORPORATE,HIGH,Ticketing,SOC,YES,AUTH|WEB|OT,2026-09-08T21:14:30Z,ACTIVE,Splunk-ES,PRODUCTION,2020-12-29
AST-002017,TRAN-SCADA-02018,CSE-TRANSPORT-04,Transport,APPLICATION,SCADA,MEDIUM,Ticketing,SOC,YES,AUTH|NETWORK,2026-09-06T22:21:33Z,DEGRADED,EDR-Collector,PRODUCTION,2025-03-09
AST-002018,TRAN-CORPORATE-02019,CSE-TRANSPORT-04,Transport,SERVER,CORPORATE,HIGH,Identity,APPSEC,YES,AUTH|DATABASE|PRIVILEGE,2026-09-09T02:52:16Z,ACTIVE,EDR-Collector,PRODUCTION,2021-05-24
AST-002019,TRAN-SCADA-02020,CSE-TRANSPORT-04,Transport,APPLICATION,SCADA,HIGH,Fleet Control,SOC,YES,OT|PRIVILEGE|WEB,2026-09-25T06:48:19Z,ACTIVE,EDR-Collector,PRODUCTION,2024-02-21
AST-002020,TRAN-CORPORATE-02021,CSE-TRANSPORT-04,Transport,SERVER,CORPORATE,LOW,Ticketing,IT-OPS,YES,DATABASE|NETWORK,2026-09-26T05:07:48Z,ACTIVE,Splunk-ES,STAGING,2024-01-06
AST-002021,TRAN-DC-02022,CSE-TRANSPORT-04,Transport,WORKSTATION,DC,MEDIUM,Identity,OT-OPS,YES,ENDPOINT|OT,2026-09-30T08:27:08Z,ACTIVE,Splunk-ES,STAGING,2020-08-25
AST-002022,TRAN-DC-02023,CSE-TRANSPORT-04,Transport,SERVER,DC,MEDIUM,Ticketing,IT-OPS,YES,PRIVILEGE|AUTH,2026-09-27T20:35:36Z,ACTIVE,Splunk-ES,DR,2025-05-27
AST-002023,TRAN-DMZ-02024,CSE-TRANSPORT-04,Transport,APPLICATION,DMZ,MEDIUM,Ticketing,NETSEC,YES,NETWORK|EXFILTRATION,2026-08-28T03:38:55Z,ACTIVE,QRadar-Archive,STAGING,2023-01-27
AST-002024,TRAN-CORPORATE-02025,CSE-TRANSPORT-04,Transport,FIREWALL,CORPORATE,HIGH,Fleet Control,IT-OPS,YES,NETWORK|OT|WEB,2026-09-29T20:49:41Z,ACTIVE,QRadar-Archive,DR,2023-02-20
AST-002025,TRAN-CORPORATE-02026,CSE-TRANSPORT-04,Transport,FIREWALL,CORPORATE,HIGH,Fleet Control,APPSEC,YES,WEB|DATABASE|ENDPOINT,2026-09-18T11:19:56Z,ACTIVE,EDR-Collector,DR,2024-09-01
AST-002026,TRAN-DMZ-02027,CSE-TRANSPORT-04,Transport,FIREWALL,DMZ,MEDIUM,Identity,SOC,YES,OT|EXFILTRATION,2026-09-07T06:32:45Z,ACTIVE,EDR-Collector,DR,2021-02-27
AST-002027,TRAN-DMZ-02028,CSE-TRANSPORT-04,Transport,WORKSTATION,DMZ,HIGH,Identity,OT-OPS,YES,EXFILTRATION|OT|AUTH,2026-09-17T04:42:01Z,MISSING,Splunk-ES,STAGING,2021-10-19
AST-002028,TRAN-SCADA-02029,CSE-TRANSPORT-04,Transport,NETWORK_DEVICE,SCADA,HIGH,Ticketing,NETSEC,YES,AUTH|NETWORK|WEB,2026-07-03T16:46:10Z,ACTIVE,Sentinel-Bridge,STAGING,2020-03-05
AST-002029,TRAN-OT-02030,CSE-TRANSPORT-04,Transport,FIREWALL,OT,CRITICAL,Cargo,OT-OPS,YES,DATABASE|EXFILTRATION|WEB,2026-09-20T23:56:59Z,DEGRADED,EDR-Collector,PRODUCTION,2024-04-28
AST-002030,TRAN-CORPORATE-02031,CSE-TRANSPORT-04,Transport,WORKSTATION,CORPORATE,HIGH,Fleet Control,IT-OPS,YES,OT|WEB|EXFILTRATION,2026-08-16T06:40:17Z,ACTIVE,Splunk-ES,STAGING,2024-03-10
AST-002031,TRAN-CORPORATE-02032,CSE-TRANSPORT-04,Transport,SERVER,CORPORATE,HIGH,Identity,SOC,YES,WEB|OT|ENDPOINT,2026-09-15T04:57:42Z,ACTIVE,EDR-Collector,PRODUCTION,2025-12-04
AST-002032,TRAN-OT-02033,CSE-TRANSPORT-04,Transport,PLC,OT,HIGH,Ticketing,SOC,YES,AUTH|PRIVILEGE|OT,2026-08-20T07:54:26Z,ACTIVE,Sentinel-Bridge,PRODUCTION,2025-05-04
AST-002033,TRAN-CORPORATE-02034,CSE-TRANSPORT-04,Transport,SERVER,CORPORATE,MEDIUM,Fleet Control,SOC,YES,NETWORK|PRIVILEGE,2026-09-03T10:21:26Z,ACTIVE,Sentinel-Bridge,PRODUCTION,2023-11-30
AST-002034,TRAN-CORPORATE-02035,CSE-TRANSPORT-04,Transport,NETWORK_DEVICE,CORPORATE,HIGH,Cargo,NETSEC,YES,EXFILTRATION|ENDPOINT|PRIVILEGE,2026-09-15T15:35:14Z,ACTIVE,Sentinel-Bridge,PRODUCTION,2023-01-27
AST-002035,TRAN-DC-02036,CSE-TRANSPORT-04,Transport,SERVER,DC,HIGH,Ticketing,OT-OPS,YES,PRIVILEGE|DATABASE|AUTH,2026-09-26T17:31:40Z,ACTIVE,EDR-Collector,PRODUCTION,2021-12-09
AST-002036,TRAN-OT-02037,CSE-TRANSPORT-04,Transport,SERVER,OT,HIGH,Ticketing,OT-OPS,YES,EXFILTRATION|WEB|NETWORK,2026-09-24T15:42:02Z,ACTIVE,Splunk-ES,DR,2022-03-05
AST-002037,TRAN-OT-02038,CSE-TRANSPORT-04,Transport,WORKSTATION,OT,MEDIUM,Ticketing,NETSEC,YES,PRIVILEGE|NETWORK,2026-09-23T09:08:04Z,ACTIVE,QRadar-Archive,STAGING,2024-08-10
AST-002038,TRAN-CORPORATE-02039,CSE-TRANSPORT-04,Transport,DATABASE,CORPORATE,HIGH,Cargo,SOC,YES,WEB|EXFILTRATION|DATABASE,2026-08-26T03:54:19Z,ACTIVE,Splunk-ES,DR,2024-10-19
AST-002039,TRAN-CORPORATE-02040,CSE-TRANSPORT-04,Transport,WORKSTATION,CORPORATE,MEDIUM,Identity,NETSEC,YES,ENDPOINT|AUTH,2026-09-04T12:10:52Z,ACTIVE,EDR-Collector,STAGING,2025-03-28
AST-002040,TRAN-OT-02041,CSE-TRANSPORT-04,Transport,PLC,OT,HIGH,Ticketing,APPSEC,YES,EXFILTRATION|PRIVILEGE|AUTH,2026-07-31T19:46:56Z,ACTIVE,Splunk-ES,STAGING,2023-12-29
AST-002041,TRAN-DMZ-02042,CSE-TRANSPORT-04,Transport,APPLICATION,DMZ,MEDIUM,Fleet Control,NETSEC,YES,DATABASE|NETWORK,2026-07-18T14:16:04Z,ACTIVE,Sentinel-Bridge,PRODUCTION,2024-10-09
AST-002042,TRAN-DMZ-02043,CSE-TRANSPORT-04,Transport,APPLICATION,DMZ,HIGH,Fleet Control,NETSEC,YES,EXFILTRATION|ENDPOINT|NETWORK,2026-07-17T01:53:42Z,ACTIVE,Sentinel-Bridge,PRODUCTION,2025-06-14
AST-002043,TRAN-CORPORATE-02044,CSE-TRANSPORT-04,Transport,SERVER,CORPORATE,MEDIUM,Fleet Control,SOC,YES,AUTH|PRIVILEGE,2026-09-24T22:44:41Z,ACTIVE,EDR-Collector,DR,2022-04-25
AST-002044,TRAN-DMZ-02045,CSE-TRANSPORT-04,Transport,WORKSTATION,DMZ,CRITICAL,Identity,SOC,YES,ENDPOINT|DATABASE|PRIVILEGE,2026-08-02T23:52:10Z,ACTIVE,Sentinel-Bridge,PRODUCTION,2020-06-03
AST-002045,TRAN-CORPORATE-02046,CSE-TRANSPORT-04,Transport,SERVER,CORPORATE,CRITICAL,Ticketing,SOC,YES,NETWORK|OT|EXFILTRATION,2026-09-03T02:16:39Z,ACTIVE,Splunk-ES,PRODUCTION,2021-03-01
AST-002046,TRAN-OT-02047,CSE-TRANSPORT-04,Transport,NETWORK_DEVICE,OT,LOW,Fleet Control,SOC,YES,EXFILTRATION|ENDPOINT,2026-07-19T18:10:08Z,ACTIVE,QRadar-Archive,STAGING,2022-04-08
AST-002047,TRAN-CORPORATE-02048,CSE-TRANSPORT-04,Transport,WORKSTATION,CORPORATE,HIGH,Ticketing,APPSEC,YES,DATABASE|AUTH|WEB,2026-08-16T07:51:05Z,ACTIVE,Sentinel-Bridge,DR,2022-01-19
AST-002048,TRAN-CORPORATE-02049,CSE-TRANSPORT-04,Transport,SERVER,CORPORATE,HIGH,Cargo,IT-OPS,YES,WEB|AUTH|DATABASE,2026-08-30T18:47:12Z,DEGRADED,Sentinel-Bridge,STAGING,2021-03-26
AST-002049,TRAN-OT-02050,CSE-TRANSPORT-04,Transport,SERVER,OT,HIGH,Identity,IT-OPS,YES,OT|AUTH|EXFILTRATION,2026-09-09T19:44:52Z,ACTIVE,QRadar-Archive,DR,2022-05-18
AST-002050,TRAN-CORPORATE-02051,CSE-TRANSPORT-04,Transport,NETWORK_DEVICE,CORPORATE,MEDIUM,Cargo,IT-OPS,YES,PRIVILEGE|WEB,2026-09-26T09:15:42Z,ACTIVE,Splunk-ES,PRODUCTION,2020-06-18
AST-002051,TRAN-DMZ-02052,CSE-TRANSPORT-04,Transport,WORKSTATION,DMZ,LOW,Ticketing,SOC,YES,WEB|OT,2026-09-21T22:46:16Z,ACTIVE,EDR-Collector,PRODUCTION,2020-12-15
AST-002052,TRAN-CORPORATE-02053,CSE-TRANSPORT-04,Transport,APPLICATION,CORPORATE,MEDIUM,Ticketing,IT-OPS,YES,DATABASE|NETWORK,2026-07-02T21:09:38Z,DEGRADED,Splunk-ES,DR,2024-06-07
AST-002053,TRAN-CORPORATE-02054,CSE-TRANSPORT-04,Transport,NETWORK_DEVICE,CORPORATE,HIGH,Cargo,NETSEC,YES,ENDPOINT|OT|WEB,2026-08-07T22:36:18Z,ACTIVE,EDR-Collector,DR,2023-12-25
AST-002054,TRAN-SCADA-02055,CSE-TRANSPORT-04,Transport,SERVER,SCADA,MEDIUM,Cargo,IT-OPS,YES,PRIVILEGE|ENDPOINT,2026-07-09T12:42:33Z,ACTIVE,EDR-Collector,DR,2025-02-21
AST-002055,TRAN-DMZ-02056,CSE-TRANSPORT-04,Transport,SERVER,DMZ,CRITICAL,Ticketing,IT-OPS,YES,AUTH|WEB|NETWORK,2026-09-06T23:59:59Z,MISSING,Splunk-ES,PRODUCTION,2020-05-31
AST-002056,TRAN-OT-02057,CSE-TRANSPORT-04,Transport,WORKSTATION,OT,HIGH,Identity,OT-OPS,YES,PRIVILEGE|WEB|NETWORK,2026-07-12T18:13:47Z,ACTIVE,QRadar-Archive,PRODUCTION,2022-03-22
AST-002057,TRAN-DC-02058,CSE-TRANSPORT-04,Transport,SERVER,DC,HIGH,Fleet Control,APPSEC,YES,EXFILTRATION|ENDPOINT|PRIVILEGE,2026-07-02T23:49:59Z,ACTIVE,Sentinel-Bridge,DR,2023-02-07
AST-002058,TRAN-DC-02059,CSE-TRANSPORT-04,Transport,SERVER,DC,MEDIUM,Fleet Control,APPSEC,YES,PRIVILEGE|OT,2026-08-22T08:27:27Z,ACTIVE,EDR-Collector,PRODUCTION,2025-04-23
AST-002059,TRAN-OT-02060,CSE-TRANSPORT-04,Transport,HMI,OT,LOW,Ticketing,NETSEC,YES,DATABASE|WEB,2026-08-24T19:54:51Z,ACTIVE,EDR-Collector,STAGING,2023-12-08
AST-002060,TRAN-DMZ-02061,CSE-TRANSPORT-04,Transport,DATABASE,DMZ,HIGH,Fleet Control,SOC,YES,DATABASE|OT|EXFILTRATION,2026-07-21T04:04:28Z,ACTIVE,EDR-Collector,DR,2020-11-08
AST-002061,TRAN-DMZ-02062,CSE-TRANSPORT-04,Transport,NETWORK_DEVICE,DMZ,LOW,Identity,APPSEC,YES,NETWORK|PRIVILEGE,2026-07-14T19:36:05Z,ACTIVE,QRadar-Archive,STAGING,2025-12-13
AST-002062,TRAN-OT-02063,CSE-TRANSPORT-04,Transport,SERVER,OT,LOW,Fleet Control,SOC,YES,DATABASE|WEB,2026-08-03T22:56:24Z,ACTIVE,Splunk-ES,DR,2023-12-17
AST-002063,TRAN-CORPORATE-02064,CSE-TRANSPORT-04,Transport,NETWORK_DEVICE,CORPORATE,LOW,Fleet Control,IT-OPS,YES,DATABASE|NETWORK,2026-07-12T00:25:06Z,ACTIVE,QRadar-Archive,DR,2025-12-20
AST-002064,TRAN-DC-02065,CSE-TRANSPORT-04,Transport,WORKSTATION,DC,HIGH,Fleet Control,IT-OPS,YES,AUTH|DATABASE|NETWORK,2026-08-27T03:57:19Z,ACTIVE,Sentinel-Bridge,STAGING,2021-10-16
AST-002065,TRAN-DC-02066,CSE-TRANSPORT-04,Transport,NETWORK_DEVICE,DC,MEDIUM,Ticketing,SOC,YES,EXFILTRATION|ENDPOINT,2026-08-19T01:47:44Z,ACTIVE,QRadar-Archive,STAGING,2023-07-19
AST-002066,TRAN-CORPORATE-02067,CSE-TRANSPORT-04,Transport,NETWORK_DEVICE,CORPORATE,MEDIUM,Cargo,OT-OPS,YES,NETWORK|EXFILTRATION,2026-07-02T11:17:43Z,ACTIVE,Sentinel-Bridge,DR,2025-01-01
AST-002067,TRAN-OT-02068,CSE-TRANSPORT-04,Transport,SERVER,OT,MEDIUM,Ticketing,OT-OPS,YES,DATABASE|NETWORK,2026-07-16T09:22:40Z,ACTIVE,EDR-Collector,STAGING,2022-02-28
AST-002068,TRAN-CORPORATE-02069,CSE-TRANSPORT-04,Transport,APPLICATION,CORPORATE,LOW,Fleet Control,NETSEC,YES,WEB|EXFILTRATION,2026-09-08T19:35:33Z,ACTIVE,Splunk-ES,DR,2021-05-02
AST-002069,TRAN-DMZ-02070,CSE-TRANSPORT-04,Transport,APPLICATION,DMZ,MEDIUM,Cargo,NETSEC,YES,DATABASE|NETWORK,2026-09-25T17:14:56Z,ACTIVE,QRadar-Archive,STAGING,2025-04-22
AST-002070,TRAN-CORPORATE-02071,CSE-TRANSPORT-04,Transport,DATABASE,CORPORATE,LOW,Ticketing,IT-OPS,YES,NETWORK|EXFILTRATION,2026-09-24T06:12:59Z,DEGRADED,Splunk-ES,PRODUCTION,2024-11-04
AST-002071,TRAN-DMZ-02072,CSE-TRANSPORT-04,Transport,SERVER,DMZ,MEDIUM,Cargo,SOC,YES,NETWORK|AUTH,2026-09-29T13:27:12Z,ACTIVE,EDR-Collector,DR,2023-09-11
AST-002072,TRAN-CORPORATE-02073,CSE-TRANSPORT-04,Transport,NETWORK_DEVICE,CORPORATE,LOW,Identity,SOC,YES,NETWORK|DATABASE,2026-09-15T10:44:52Z,ACTIVE,EDR-Collector,STAGING,2024-06-12
AST-002073,TRAN-CORPORATE-02074,CSE-TRANSPORT-04,Transport,SERVER,CORPORATE,HIGH,Ticketing,APPSEC,YES,AUTH|EXFILTRATION|PRIVILEGE,2026-09-15T21:47:11Z,ACTIVE,QRadar-Archive,STAGING,2023-02-05
AST-002074,TRAN-OT-02075,CSE-TRANSPORT-04,Transport,HMI,OT,CRITICAL,Ticketing,IT-OPS,YES,OT|ENDPOINT|WEB,2026-08-02T18:07:52Z,ACTIVE,Sentinel-Bridge,DR,2022-04-16
AST-002075,TRAN-DMZ-02076,CSE-TRANSPORT-04,Transport,WORKSTATION,DMZ,LOW,Cargo,IT-OPS,YES,NETWORK|ENDPOINT,2026-08-25T19:58:00Z,ACTIVE,EDR-Collector,STAGING,2020-05-27
AST-002076,TRAN-OT-02077,CSE-TRANSPORT-04,Transport,PLC,OT,HIGH,Identity,IT-OPS,YES,WEB|DATABASE|NETWORK,2026-07-18T22:47:03Z,ACTIVE,Sentinel-Bridge,STAGING,2022-09-14
AST-002077,TRAN-SCADA-02078,CSE-TRANSPORT-04,Transport,FIREWALL,SCADA,HIGH,Identity,APPSEC,YES,AUTH|OT|NETWORK,2026-09-04T15:22:47Z,ACTIVE,Splunk-ES,STAGING,2025-01-20
AST-002078,TRAN-CORPORATE-02079,CSE-TRANSPORT-04,Transport,FIREWALL,CORPORATE,HIGH,Fleet Control,SOC,YES,ENDPOINT|WEB|PRIVILEGE,2026-08-04T03:57:33Z,ACTIVE,QRadar-Archive,STAGING,2022-01-12
AST-002079,TRAN-CORPORATE-02080,CSE-TRANSPORT-04,Transport,WORKSTATION,CORPORATE,MEDIUM,Cargo,NETSEC,YES,ENDPOINT|WEB,2026-07-25T14:07:55Z,ACTIVE,Sentinel-Bridge,DR,2023-06-28
AST-002080,TRAN-CORPORATE-02081,CSE-TRANSPORT-04,Transport,WORKSTATION,CORPORATE,MEDIUM,Identity,SOC,YES,EXFILTRATION|PRIVILEGE,2026-08-25T14:06:04Z,ACTIVE,Splunk-ES,STAGING,2022-09-22
AST-002081,TRAN-OT-02082,CSE-TRANSPORT-04,Transport,SERVER,OT,MEDIUM,Identity,NETSEC,YES,DATABASE|NETWORK,2026-07-30T05:36:57Z,ACTIVE,Splunk-ES,PRODUCTION,2023-04-29
AST-002082,TRAN-DMZ-02083,CSE-TRANSPORT-04,Transport,SERVER,DMZ,CRITICAL,Ticketing,OT-OPS,YES,OT|NETWORK|AUTH,2026-08-29T09:42:10Z,ACTIVE,QRadar-Archive,DR,2022-04-17
AST-002083,TRAN-DC-02084,CSE-TRANSPORT-04,Transport,NETWORK_DEVICE,DC,MEDIUM,Identity,APPSEC,YES,AUTH|WEB,2026-07-15T09:27:10Z,ACTIVE,QRadar-Archive,STAGING,2022-06-23
AST-002084,TRAN-CORPORATE-02085,CSE-TRANSPORT-04,Transport,WORKSTATION,CORPORATE,HIGH,Identity,NETSEC,YES,OT|DATABASE|ENDPOINT,2026-07-13T01:21:17Z,ACTIVE,QRadar-Archive,PRODUCTION,2022-05-02
AST-002085,TRAN-OT-02086,CSE-TRANSPORT-04,Transport,WORKSTATION,OT,HIGH,Ticketing,APPSEC,YES,WEB|ENDPOINT|PRIVILEGE,2026-08-28T22:13:56Z,ACTIVE,QRadar-Archive,PRODUCTION,2023-12-31
AST-002086,TRAN-DC-02087,CSE-TRANSPORT-04,Transport,SERVER,DC,HIGH,Identity,APPSEC,YES,NETWORK|OT|ENDPOINT,2026-07-06T10:23:55Z,ACTIVE,QRadar-Archive,PRODUCTION,2021-01-19
AST-002087,TRAN-DC-02088,CSE-TRANSPORT-04,Transport,FIREWALL,DC,HIGH,Cargo,IT-OPS,YES,AUTH|DATABASE|ENDPOINT,2026-07-26T05:01:11Z,ACTIVE,QRadar-Archive,STAGING,2024-05-11
AST-002088,TRAN-CORPORATE-02089,CSE-TRANSPORT-04,Transport,SERVER,CORPORATE,LOW,Identity,NETSEC,YES,DATABASE|OT,2026-09-08T04:32:40Z,ACTIVE,QRadar-Archive,DR,2020-08-03
AST-002089,TRAN-SCADA-02090,CSE-TRANSPORT-04,Transport,SERVER,SCADA,LOW,Identity,SOC,YES,NETWORK|AUTH,2026-08-19T02:42:06Z,ACTIVE,Splunk-ES,DR,2023-08-24
AST-002090,TRAN-DC-02091,CSE-TRANSPORT-04,Transport,SERVER,DC,MEDIUM,Identity,OT-OPS,YES,OT|WEB,2026-08-19T09:03:45Z,ACTIVE,QRadar-Archive,STAGING,2021-05-02
AST-002091,TRAN-OT-02092,CSE-TRANSPORT-04,Transport,HMI,OT,HIGH,Identity,APPSEC,YES,NETWORK|ENDPOINT|WEB,2026-09-01T16:45:41Z,MISSING,QRadar-Archive,DR,2023-08-04
AST-002092,TRAN-SCADA-02093,CSE-TRANSPORT-04,Transport,FIREWALL,SCADA,HIGH,Cargo,APPSEC,YES,OT|PRIVILEGE|DATABASE,2026-08-26T20:24:52Z,ACTIVE,Splunk-ES,STAGING,2022-10-27
AST-002093,TRAN-CORPORATE-02094,CSE-TRANSPORT-04,Transport,SERVER,CORPORATE,CRITICAL,Cargo,IT-OPS,YES,OT|DATABASE|PRIVILEGE,2026-09-08T23:59:59Z,DEGRADED,Sentinel-Bridge,PRODUCTION,2024-04-17
AST-002094,TRAN-CORPORATE-02095,CSE-TRANSPORT-04,Transport,NETWORK_DEVICE,CORPORATE,CRITICAL,Identity,NETSEC,YES,WEB|OT|ENDPOINT,2026-09-10T23:59:59Z,ACTIVE,Splunk-ES,STAGING,2020-08-31
AST-002095,TRAN-DMZ-02096,CSE-TRANSPORT-04,Transport,DATABASE,DMZ,CRITICAL,Cargo,SOC,YES,AUTH|OT|NETWORK,2026-09-19T07:27:24Z,ACTIVE,Splunk-ES,STAGING,2022-01-08
AST-002096,TRAN-DMZ-02097,CSE-TRANSPORT-04,Transport,FIREWALL,DMZ,HIGH,Fleet Control,APPSEC,YES,NETWORK|EXFILTRATION|DATABASE,2026-09-10T22:26:15Z,ACTIVE,QRadar-Archive,DR,2022-10-20
AST-002097,TRAN-DMZ-02098,CSE-TRANSPORT-04,Transport,WORKSTATION,DMZ,HIGH,Identity,OT-OPS,YES,ENDPOINT|PRIVILEGE|WEB,2026-07-07T19:37:42Z,ACTIVE,EDR-Collector,DR,2021-12-16
AST-002098,TRAN-CORPORATE-02099,CSE-TRANSPORT-04,Transport,WORKSTATION,CORPORATE,MEDIUM,Cargo,OT-OPS,YES,PRIVILEGE|EXFILTRATION,2026-08-28T21:27:57Z,ACTIVE,Splunk-ES,PRODUCTION,2023-04-14
AST-002099,TRAN-CORPORATE-02100,CSE-TRANSPORT-04,Transport,SERVER,CORPORATE,HIGH,Ticketing,SOC,YES,WEB|OT|ENDPOINT,2026-07-21T05:37:10Z,DEGRADED,QRadar-Archive,STAGING,2021-05-23
AST-002100,TRAN-DC-02101,CSE-TRANSPORT-04,Transport,SERVER,DC,HIGH,Cargo,APPSEC,YES,AUTH|NETWORK|PRIVILEGE,2026-08-03T01:53:40Z,ACTIVE,Sentinel-Bridge,DR,2021-08-27
AST-002101,TRAN-OT-02102,CSE-TRANSPORT-04,Transport,WORKSTATION,OT,HIGH,Fleet Control,SOC,YES,WEB|PRIVILEGE|DATABASE,2026-09-17T14:03:06Z,ACTIVE,EDR-Collector,DR,2020-04-28
AST-002102,TRAN-DC-02103,CSE-TRANSPORT-04,Transport,APPLICATION,DC,HIGH,Cargo,IT-OPS,YES,AUTH|DATABASE|OT,2026-07-13T16:34:25Z,ACTIVE,QRadar-Archive,PRODUCTION,2026-03-23
AST-002103,TRAN-DC-02104,CSE-TRANSPORT-04,Transport,WORKSTATION,DC,MEDIUM,Identity,APPSEC,YES,EXFILTRATION|ENDPOINT,2026-07-15T14:48:12Z,ACTIVE,Splunk-ES,DR,2025-07-24
AST-002104,TRAN-CORPORATE-02105,CSE-TRANSPORT-04,Transport,APPLICATION,CORPORATE,LOW,Cargo,OT-OPS,YES,EXFILTRATION|OT,2026-09-09T11:12:55Z,ACTIVE,QRadar-Archive,STAGING,2023-11-06
AST-002105,TRAN-CORPORATE-02106,CSE-TRANSPORT-04,Transport,SERVER,CORPORATE,MEDIUM,Cargo,IT-OPS,YES,OT|DATABASE,2026-08-04T16:54:35Z,ACTIVE,EDR-Collector,PRODUCTION,2021-07-19
AST-002106,TRAN-CORPORATE-02107,CSE-TRANSPORT-04,Transport,FIREWALL,CORPORATE,CRITICAL,Fleet Control,SOC,YES,OT|EXFILTRATION|NETWORK,2026-08-01T18:43:31Z,ACTIVE,EDR-Collector,STAGING,2025-12-12
AST-002107,TRAN-CORPORATE-02108,CSE-TRANSPORT-04,Transport,WORKSTATION,CORPORATE,MEDIUM,Fleet Control,NETSEC,YES,PRIVILEGE|WEB,2026-07-29T22:57:58Z,ACTIVE,QRadar-Archive,DR,2025-08-18
AST-002108,TRAN-OT-02109,CSE-TRANSPORT-04,Transport,PLC,OT,HIGH,Fleet Control,IT-OPS,YES,WEB|DATABASE|ENDPOINT,2026-09-05T22:20:39Z,ACTIVE,Sentinel-Bridge,PRODUCTION,2022-09-17
AST-002109,TRAN-DC-02110,CSE-TRANSPORT-04,Transport,WORKSTATION,DC,HIGH,Ticketing,OT-OPS,YES,PRIVILEGE|WEB|AUTH,2026-09-06T16:17:10Z,ACTIVE,Splunk-ES,DR,2025-01-19
AST-002110,TRAN-OT-02111,CSE-TRANSPORT-04,Transport,APPLICATION,OT,MEDIUM,Identity,IT-OPS,YES,DATABASE|AUTH,2026-09-21T00:39:42Z,ACTIVE,Sentinel-Bridge,PRODUCTION,2023-11-02
AST-002111,TRAN-OT-02112,CSE-TRANSPORT-04,Transport,APPLICATION,OT,LOW,Cargo,IT-OPS,YES,ENDPOINT|AUTH,2026-09-22T14:31:54Z,MISSING,EDR-Collector,PRODUCTION,2022-11-10
AST-002112,TRAN-DC-02113,CSE-TRANSPORT-04,Transport,FIREWALL,DC,MEDIUM,Cargo,SOC,YES,WEB|ENDPOINT,2026-08-02T02:24:11Z,ACTIVE,Sentinel-Bridge,PRODUCTION,2021-12-10
AST-002113,TRAN-DMZ-02114,CSE-TRANSPORT-04,Transport,WORKSTATION,DMZ,HIGH,Identity,NETSEC,YES,WEB|NETWORK|OT,2026-07-20T06:35:29Z,ACTIVE,Sentinel-Bridge,DR,2026-03-22
AST-002114,TRAN-SCADA-02115,CSE-TRANSPORT-04,Transport,SERVER,SCADA,HIGH,Identity,NETSEC,YES,DATABASE|AUTH|NETWORK,2026-09-07T22:20:30Z,ACTIVE,Sentinel-Bridge,PRODUCTION,2022-01-31
AST-002115,TRAN-CORPORATE-02116,CSE-TRANSPORT-04,Transport,WORKSTATION,CORPORATE,MEDIUM,Fleet Control,NETSEC,YES,EXFILTRATION|AUTH,2026-09-07T17:13:10Z,ACTIVE,EDR-Collector,DR,2021-10-25
AST-002116,TRAN-CORPORATE-02117,CSE-TRANSPORT-04,Transport,WORKSTATION,CORPORATE,LOW,Ticketing,NETSEC,YES,AUTH|PRIVILEGE,2026-07-19T03:11:58Z,ACTIVE,Splunk-ES,STAGING,2019-12-19
AST-002117,TRAN-CORPORATE-02118,CSE-TRANSPORT-04,Transport,FIREWALL,CORPORATE,HIGH,Ticketing,IT-OPS,YES,ENDPOINT|WEB|EXFILTRATION,2026-07-24T22:09:06Z,ACTIVE,EDR-Collector,PRODUCTION,2021-07-04
AST-002118,TRAN-SCADA-02119,CSE-TRANSPORT-04,Transport,WORKSTATION,SCADA,LOW,Ticketing,SOC,YES,EXFILTRATION|WEB,2026-07-03T05:25:37Z,ACTIVE,QRadar-Archive,DR,2025-11-01
AST-002119,TRAN-CORPORATE-02120,CSE-TRANSPORT-04,Transport,WORKSTATION,CORPORATE,MEDIUM,Cargo,IT-OPS,YES,PRIVILEGE|AUTH,2026-09-11T16:06:40Z,ACTIVE,Sentinel-Bridge,PRODUCTION,2021-02-21
AST-002120,TRAN-DMZ-02121,CSE-TRANSPORT-04,Transport,SERVER,DMZ,HIGH,Identity,OT-OPS,YES,DATABASE|ENDPOINT|PRIVILEGE,2026-08-17T07:19:39Z,ACTIVE,QRadar-Archive,DR,2025-07-27
AST-002121,TRAN-OT-02122,CSE-TRANSPORT-04,Transport,HMI,OT,HIGH,Cargo,OT-OPS,YES,EXFILTRATION|ENDPOINT|AUTH,2026-08-03T05:19:57Z,DEGRADED,Sentinel-Bridge,STAGING,2022-06-24
AST-002122,TRAN-OT-02123,CSE-TRANSPORT-04,Transport,DATABASE,OT,MEDIUM,Cargo,OT-OPS,YES,DATABASE|PRIVILEGE,2026-09-02T22:37:15Z,ACTIVE,QRadar-Archive,DR,2022-09-29
AST-002123,TRAN-SCADA-02124,CSE-TRANSPORT-04,Transport,SERVER,SCADA,CRITICAL,Ticketing,OT-OPS,YES,ENDPOINT|EXFILTRATION|PRIVILEGE,2026-09-21T18:22:44Z,ACTIVE,EDR-Collector,STAGING,2025-07-29
AST-002124,TRAN-DC-02125,CSE-TRANSPORT-04,Transport,NETWORK_DEVICE,DC,MEDIUM,Cargo,APPSEC,YES,DATABASE|ENDPOINT,2026-09-26T09:48:12Z,ACTIVE,EDR-Collector,STAGING,2025-03-12
AST-002125,TRAN-DMZ-02126,CSE-TRANSPORT-04,Transport,APPLICATION,DMZ,MEDIUM,Identity,NETSEC,YES,PRIVILEGE|AUTH,2026-08-11T12:45:27Z,ACTIVE,Splunk-ES,DR,2022-05-30
AST-002126,TRAN-DMZ-02127,CSE-TRANSPORT-04,Transport,WORKSTATION,DMZ,HIGH,Ticketing,SOC,YES,EXFILTRATION|PRIVILEGE|ENDPOINT,2026-09-27T22:31:43Z,ACTIVE,Sentinel-Bridge,STAGING,2022-12-18
AST-002127,TRAN-OT-02128,CSE-TRANSPORT-04,Transport,SERVER,OT,HIGH,Cargo,APPSEC,YES,EXFILTRATION|PRIVILEGE|OT,2026-09-26T13:28:41Z,ACTIVE,Splunk-ES,STAGING,2023-08-29
AST-002128,TRAN-CORPORATE-02129,CSE-TRANSPORT-04,Transport,WORKSTATION,CORPORATE,HIGH,Ticketing,IT-OPS,YES,AUTH|DATABASE|WEB,2026-09-11T08:28:47Z,ACTIVE,QRadar-Archive,DR,2023-02-06
AST-002129,TRAN-CORPORATE-02130,CSE-TRANSPORT-04,Transport,SERVER,CORPORATE,HIGH,Ticketing,IT-OPS,YES,DATABASE|EXFILTRATION|WEB,2026-09-15T19:20:53Z,ACTIVE,EDR-Collector,PRODUCTION,2025-07-18
AST-002130,TRAN-OT-02131,CSE-TRANSPORT-04,Transport,APPLICATION,OT,HIGH,Cargo,IT-OPS,YES,OT|PRIVILEGE|EXFILTRATION,2026-09-15T01:13:07Z,ACTIVE,Sentinel-Bridge,PRODUCTION,2024-04-21
AST-002131,TRAN-CORPORATE-02132,CSE-TRANSPORT-04,Transport,DATABASE,CORPORATE,MEDIUM,Fleet Control,APPSEC,YES,WEB|PRIVILEGE,2026-09-14T00:23:02Z,ACTIVE,Splunk-ES,PRODUCTION,2023-11-07
AST-002132,TRAN-DC-02133,CSE-TRANSPORT-04,Transport,WORKSTATION,DC,HIGH,Fleet Control,NETSEC,YES,PRIVILEGE|WEB|AUTH,2026-09-13T19:10:23Z,ACTIVE,QRadar-Archive,STAGING,2024-09-01
AST-002133,TRAN-DC-02134,CSE-TRANSPORT-04,Transport,FIREWALL,DC,MEDIUM,Cargo,OT-OPS,YES,OT|EXFILTRATION,2026-08-12T19:23:34Z,DEGRADED,Splunk-ES,PRODUCTION,2025-10-01
AST-002134,TRAN-CORPORATE-02135,CSE-TRANSPORT-04,Transport,APPLICATION,CORPORATE,LOW,Ticketing,SOC,YES,WEB|EXFILTRATION,2026-07-17T03:33:59Z,ACTIVE,Splunk-ES,PRODUCTION,2023-03-12
AST-002135,TRAN-SCADA-02136,CSE-TRANSPORT-04,Transport,SERVER,SCADA,HIGH,Fleet Control,APPSEC,YES,DATABASE|ENDPOINT|OT,2026-08-16T15:31:29Z,ACTIVE,QRadar-Archive,DR,2025-01-17
AST-002136,TRAN-CORPORATE-02137,CSE-TRANSPORT-04,Transport,SERVER,CORPORATE,MEDIUM,Identity,OT-OPS,YES,AUTH|NETWORK,2026-08-02T20:03:25Z,ACTIVE,QRadar-Archive,DR,2022-05-20
AST-002137,TRAN-DC-02138,CSE-TRANSPORT-04,Transport,DATABASE,DC,LOW,Ticketing,OT-OPS,YES,WEB|DATABASE,2026-07-10T08:54:01Z,ACTIVE,Sentinel-Bridge,STAGING,2024-11-06
AST-002138,TRAN-DMZ-02139,CSE-TRANSPORT-04,Transport,NETWORK_DEVICE,DMZ,MEDIUM,Identity,SOC,YES,PRIVILEGE|ENDPOINT,2026-08-04T18:07:14Z,ACTIVE,Splunk-ES,PRODUCTION,2026-01-23
AST-002139,TRAN-CORPORATE-02140,CSE-TRANSPORT-04,Transport,DATABASE,CORPORATE,HIGH,Ticketing,IT-OPS,YES,NETWORK|WEB|AUTH,2026-08-20T23:07:57Z,DEGRADED,Splunk-ES,DR,2024-04-24
AST-002140,TRAN-SCADA-02141,CSE-TRANSPORT-04,Transport,WORKSTATION,SCADA,MEDIUM,Fleet Control,IT-OPS,YES,DATABASE|WEB,2026-09-29T13:03:00Z,DEGRADED,QRadar-Archive,DR,2024-01-07
AST-002141,TRAN-OT-02142,CSE-TRANSPORT-04,Transport,PLC,OT,MEDIUM,Cargo,APPSEC,YES,PRIVILEGE|ENDPOINT,2026-08-24T14:30:04Z,ACTIVE,QRadar-Archive,DR,2024-06-03
AST-002142,TRAN-SCADA-02143,CSE-TRANSPORT-04,Transport,SERVER,SCADA,CRITICAL,Ticketing,APPSEC,YES,NETWORK|ENDPOINT|EXFILTRATION,2026-09-27T21:29:03Z,ACTIVE,Sentinel-Bridge,PRODUCTION,2020-02-13
AST-002143,TRAN-DMZ-02144,CSE-TRANSPORT-04,Transport,APPLICATION,DMZ,LOW,Identity,IT-OPS,YES,AUTH|DATABASE,2026-07-06T17:15:44Z,ACTIVE,EDR-Collector,DR,2020-12-20
AST-002144,TRAN-DC-02145,CSE-TRANSPORT-04,Transport,WORKSTATION,DC,MEDIUM,Fleet Control,IT-OPS,YES,PRIVILEGE|NETWORK,2026-09-21T19:28:35Z,DEGRADED,QRadar-Archive,STAGING,2021-10-23
AST-002145,TRAN-DMZ-02146,CSE-TRANSPORT-04,Transport,WORKSTATION,DMZ,LOW,Identity,APPSEC,YES,PRIVILEGE|AUTH,2026-09-19T16:09:03Z,ACTIVE,Splunk-ES,STAGING,2021-06-02
AST-002146,TRAN-CORPORATE-02147,CSE-TRANSPORT-04,Transport,DATABASE,CORPORATE,HIGH,Ticketing,NETSEC,YES,DATABASE|NETWORK|ENDPOINT,2026-08-29T15:54:18Z,ACTIVE,QRadar-Archive,PRODUCTION,2023-04-18
AST-002147,TRAN-OT-02148,CSE-TRANSPORT-04,Transport,WORKSTATION,OT,HIGH,Ticketing,NETSEC,YES,DATABASE|NETWORK|OT,2026-09-05T15:33:27Z,ACTIVE,Splunk-ES,DR,2020-07-13
AST-002148,TRAN-DMZ-02149,CSE-TRANSPORT-04,Transport,WORKSTATION,DMZ,HIGH,Identity,SOC,YES,OT|EXFILTRATION|AUTH,2026-09-28T12:10:33Z,ACTIVE,Sentinel-Bridge,STAGING,2022-05-26
AST-002149,TRAN-DC-02150,CSE-TRANSPORT-04,Transport,APPLICATION,DC,CRITICAL,Cargo,SOC,YES,EXFILTRATION|OT|AUTH,2026-09-24T03:24:20Z,ACTIVE,EDR-Collector,DR,2024-07-29
AST-002150,TRAN-CORPORATE-02151,CSE-TRANSPORT-04,Transport,WORKSTATION,CORPORATE,CRITICAL,Identity,OT-OPS,YES,ENDPOINT|WEB|OT,2026-09-06T06:57:35Z,ACTIVE,EDR-Collector,STAGING,2020-07-31
AST-002151,TRAN-OT-02152,CSE-TRANSPORT-04,Transport,PLC,OT,MEDIUM,Fleet Control,NETSEC,YES,ENDPOINT|NETWORK,2026-07-18T06:58:50Z,ACTIVE,EDR-Collector,STAGING,2022-03-16
AST-002152,TRAN-DC-02153,CSE-TRANSPORT-04,Transport,APPLICATION,DC,MEDIUM,Ticketing,OT-OPS,YES,DATABASE|PRIVILEGE,2026-08-02T17:05:30Z,ACTIVE,EDR-Collector,DR,2025-12-25
AST-002153,TRAN-OT-02154,CSE-TRANSPORT-04,Transport,FIREWALL,OT,MEDIUM,Identity,APPSEC,YES,WEB|AUTH,2026-09-14T14:49:47Z,ACTIVE,EDR-Collector,PRODUCTION,2022-03-23
AST-002154,TRAN-SCADA-02155,CSE-TRANSPORT-04,Transport,DATABASE,SCADA,MEDIUM,Cargo,OT-OPS,YES,DATABASE|WEB,2026-09-09T08:48:21Z,ACTIVE,Sentinel-Bridge,DR,2024-03-27
AST-002155,TRAN-DC-02156,CSE-TRANSPORT-04,Transport,FIREWALL,DC,LOW,Ticketing,OT-OPS,YES,AUTH|OT,2026-09-03T20:11:12Z,ACTIVE,EDR-Collector,STAGING,2020-02-17
AST-002156,TRAN-CORPORATE-02157,CSE-TRANSPORT-04,Transport,FIREWALL,CORPORATE,LOW,Fleet Control,NETSEC,YES,ENDPOINT|DATABASE,2026-09-24T17:45:13Z,ACTIVE,QRadar-Archive,PRODUCTION,2019-12-18
AST-002157,TRAN-CORPORATE-02158,CSE-TRANSPORT-04,Transport,FIREWALL,CORPORATE,MEDIUM,Ticketing,IT-OPS,YES,PRIVILEGE|OT,2026-07-16T02:22:41Z,ACTIVE,Sentinel-Bridge,PRODUCTION,2020-06-03
AST-002158,TRAN-OT-02159,CSE-TRANSPORT-04,Transport,WORKSTATION,OT,LOW,Cargo,APPSEC,YES,PRIVILEGE|WEB,2026-08-16T13:07:58Z,ACTIVE,EDR-Collector,DR,2020-07-13
AST-002159,TRAN-DMZ-02160,CSE-TRANSPORT-04,Transport,NETWORK_DEVICE,DMZ,CRITICAL,Fleet Control,NETSEC,YES,AUTH|PRIVILEGE|NETWORK,2026-07-26T19:22:06Z,ACTIVE,EDR-Collector,PRODUCTION,2020-06-30
AST-002160,TRAN-OT-02161,CSE-TRANSPORT-04,Transport,HMI,OT,CRITICAL,Ticketing,APPSEC,YES,ENDPOINT|OT|WEB,2026-08-08T23:55:59Z,ACTIVE,Splunk-ES,DR,2021-09-01
AST-002161,TRAN-DMZ-02162,CSE-TRANSPORT-04,Transport,APPLICATION,DMZ,MEDIUM,Cargo,NETSEC,YES,OT|PRIVILEGE,2026-09-01T22:26:24Z,ACTIVE,QRadar-Archive,DR,2021-10-05
AST-002162,TRAN-CORPORATE-02163,CSE-TRANSPORT-04,Transport,WORKSTATION,CORPORATE,CRITICAL,Ticketing,OT-OPS,YES,PRIVILEGE|DATABASE|WEB,2026-08-04T19:14:58Z,ACTIVE,Splunk-ES,DR,2024-05-30
AST-002163,TRAN-DMZ-02164,CSE-TRANSPORT-04,Transport,SERVER,DMZ,MEDIUM,Ticketing,IT-OPS,YES,NETWORK|DATABASE,2026-09-20T21:49:02Z,ACTIVE,EDR-Collector,STAGING,2020-04-05
AST-002164,TRAN-OT-02165,CSE-TRANSPORT-04,Transport,PLC,OT,MEDIUM,Identity,NETSEC,YES,AUTH|WEB,2026-08-06T05:30:32Z,ACTIVE,Splunk-ES,DR,2021-02-19
AST-002165,TRAN-OT-02166,CSE-TRANSPORT-04,Transport,SERVER,OT,MEDIUM,Fleet Control,SOC,YES,EXFILTRATION|WEB,2026-08-18T12:39:33Z,DEGRADED,Splunk-ES,STAGING,2020-01-19
AST-002166,TRAN-DC-02167,CSE-TRANSPORT-04,Transport,WORKSTATION,DC,HIGH,Ticketing,IT-OPS,YES,ENDPOINT|EXFILTRATION|OT,2026-07-16T16:42:58Z,ACTIVE,Splunk-ES,DR,2020-07-21
AST-002167,TRAN-OT-02168,CSE-TRANSPORT-04,Transport,WORKSTATION,OT,HIGH,Ticketing,NETSEC,YES,DATABASE|ENDPOINT|PRIVILEGE,2026-07-13T17:39:43Z,ACTIVE,EDR-Collector,PRODUCTION,2021-07-16
AST-002168,TRAN-DMZ-02169,CSE-TRANSPORT-04,Transport,FIREWALL,DMZ,HIGH,Ticketing,APPSEC,YES,NETWORK|EXFILTRATION|ENDPOINT,2026-08-22T14:43:34Z,ACTIVE,EDR-Collector,STAGING,2021-03-25
AST-002169,TRAN-CORPORATE-02170,CSE-TRANSPORT-04,Transport,FIREWALL,CORPORATE,MEDIUM,Ticketing,NETSEC,YES,OT|EXFILTRATION,2026-07-13T21:08:11Z,ACTIVE,EDR-Collector,STAGING,2020-10-13
AST-002170,TRAN-OT-02171,CSE-TRANSPORT-04,Transport,HMI,OT,CRITICAL,Ticketing,OT-OPS,YES,ENDPOINT|AUTH|WEB,2026-09-06T23:59:59Z,ACTIVE,Sentinel-Bridge,DR,2020-05-13
AST-002171,TRAN-DC-02172,CSE-TRANSPORT-04,Transport,NETWORK_DEVICE,DC,MEDIUM,Identity,APPSEC,YES,AUTH|EXFILTRATION,2026-07-26T07:43:21Z,ACTIVE,Splunk-ES,STAGING,2021-04-10
AST-002172,TRAN-SCADA-02173,CSE-TRANSPORT-04,Transport,APPLICATION,SCADA,HIGH,Identity,NETSEC,YES,NETWORK|OT|DATABASE,2026-07-22T20:37:09Z,ACTIVE,Sentinel-Bridge,DR,2026-02-23
AST-002173,TRAN-CORPORATE-02174,CSE-TRANSPORT-04,Transport,SERVER,CORPORATE,HIGH,Cargo,SOC,YES,OT|AUTH|DATABASE,2026-08-08T08:58:56Z,MISSING,QRadar-Archive,DR,2022-10-02
AST-002174,TRAN-DMZ-02175,CSE-TRANSPORT-04,Transport,SERVER,DMZ,MEDIUM,Cargo,APPSEC,YES,WEB|DATABASE,2026-08-16T05:16:16Z,ACTIVE,QRadar-Archive,STAGING,2022-05-07
AST-002175,TRAN-CORPORATE-02176,CSE-TRANSPORT-04,Transport,APPLICATION,CORPORATE,HIGH,Ticketing,NETSEC,YES,OT|AUTH|ENDPOINT,2026-09-11T03:27:01Z,DEGRADED,EDR-Collector,DR,2021-08-11
AST-002176,TRAN-CORPORATE-02177,CSE-TRANSPORT-04,Transport,DATABASE,CORPORATE,CRITICAL,Ticketing,SOC,YES,AUTH|NETWORK|ENDPOINT,2026-07-16T14:56:10Z,ACTIVE,EDR-Collector,DR,2022-10-30
AST-002177,TRAN-DMZ-02178,CSE-TRANSPORT-04,Transport,SERVER,DMZ,HIGH,Ticketing,NETSEC,YES,NETWORK|WEB|ENDPOINT,2026-08-24T07:36:36Z,ACTIVE,EDR-Collector,DR,2025-09-19
AST-002178,TRAN-DMZ-02179,CSE-TRANSPORT-04,Transport,APPLICATION,DMZ,HIGH,Cargo,SOC,YES,ENDPOINT|NETWORK|AUTH,2026-09-18T23:30:33Z,DEGRADED,QRadar-Archive,STAGING,2025-03-19
AST-002179,TRAN-CORPORATE-02180,CSE-TRANSPORT-04,Transport,NETWORK_DEVICE,CORPORATE,MEDIUM,Identity,OT-OPS,YES,ENDPOINT|PRIVILEGE,2026-08-19T16:53:22Z,ACTIVE,QRadar-Archive,STAGING,2023-06-08
AST-002180,TRAN-CORPORATE-02181,CSE-TRANSPORT-04,Transport,SERVER,CORPORATE,MEDIUM,Fleet Control,APPSEC,YES,OT|WEB,2026-09-13T05:48:06Z,ACTIVE,EDR-Collector,DR,2021-11-11
AST-002181,TRAN-CORPORATE-02182,CSE-TRANSPORT-04,Transport,SERVER,CORPORATE,MEDIUM,Identity,NETSEC,YES,EXFILTRATION|PRIVILEGE,2026-07-18T15:54:51Z,ACTIVE,Splunk-ES,PRODUCTION,2022-08-24
AST-002182,TRAN-OT-02183,CSE-TRANSPORT-04,Transport,WORKSTATION,OT,HIGH,Ticketing,OT-OPS,YES,NETWORK|AUTH|DATABASE,2026-07-14T01:32:01Z,ACTIVE,EDR-Collector,PRODUCTION,2021-08-12
AST-002183,TRAN-CORPORATE-02184,CSE-TRANSPORT-04,Transport,NETWORK_DEVICE,CORPORATE,HIGH,Identity,IT-OPS,YES,OT|NETWORK|AUTH,2026-09-15T01:16:58Z,ACTIVE,QRadar-Archive,PRODUCTION,2025-11-27
AST-002184,TRAN-CORPORATE-02185,CSE-TRANSPORT-04,Transport,SERVER,CORPORATE,MEDIUM,Cargo,APPSEC,YES,OT|ENDPOINT,2026-08-21T12:43:33Z,ACTIVE,EDR-Collector,DR,2023-03-26
AST-002185,TRAN-DMZ-02186,CSE-TRANSPORT-04,Transport,NETWORK_DEVICE,DMZ,CRITICAL,Identity,IT-OPS,YES,NETWORK|AUTH|OT,2026-07-24T02:36:21Z,ACTIVE,Splunk-ES,DR,2026-03-12
AST-002186,TRAN-SCADA-02187,CSE-TRANSPORT-04,Transport,NETWORK_DEVICE,SCADA,HIGH,Ticketing,OT-OPS,YES,PRIVILEGE|AUTH|WEB,2026-07-23T23:42:06Z,ACTIVE,EDR-Collector,DR,2025-02-20
AST-002187,TRAN-DC-02188,CSE-TRANSPORT-04,Transport,SERVER,DC,MEDIUM,Identity,APPSEC,YES,ENDPOINT|AUTH,2026-08-15T07:15:32Z,ACTIVE,Sentinel-Bridge,STAGING,2025-06-05
AST-002188,TRAN-CORPORATE-02189,CSE-TRANSPORT-04,Transport,DATABASE,CORPORATE,MEDIUM,Cargo,IT-OPS,YES,ENDPOINT|PRIVILEGE,2026-07-14T23:52:54Z,ACTIVE,EDR-Collector,PRODUCTION,2021-10-13
AST-002189,TRAN-DC-02190,CSE-TRANSPORT-04,Transport,DATABASE,DC,MEDIUM,Ticketing,OT-OPS,YES,DATABASE|EXFILTRATION,2026-09-25T17:39:30Z,ACTIVE,Sentinel-Bridge,STAGING,2025-10-29
AST-002190,TRAN-OT-02191,CSE-TRANSPORT-04,Transport,SERVER,OT,LOW,Ticketing,APPSEC,YES,WEB|PRIVILEGE,2026-07-25T12:34:39Z,ACTIVE,EDR-Collector,PRODUCTION,2024-01-15
AST-002191,TRAN-DMZ-02192,CSE-TRANSPORT-04,Transport,WORKSTATION,DMZ,HIGH,Identity,NETSEC,YES,DATABASE|WEB|AUTH,2026-07-01T11:14:57Z,DEGRADED,QRadar-Archive,PRODUCTION,2021-02-23
AST-002192,TRAN-CORPORATE-02193,CSE-TRANSPORT-04,Transport,SERVER,CORPORATE,MEDIUM,Fleet Control,NETSEC,YES,ENDPOINT|NETWORK,2026-08-24T23:00:31Z,ACTIVE,Sentinel-Bridge,DR,2024-12-21
AST-002193,TRAN-CORPORATE-02194,CSE-TRANSPORT-04,Transport,WORKSTATION,CORPORATE,MEDIUM,Identity,APPSEC,YES,OT|WEB,2026-07-20T23:52:01Z,ACTIVE,EDR-Collector,PRODUCTION,2025-10-14
AST-002194,TRAN-DC-02195,CSE-TRANSPORT-04,Transport,NETWORK_DEVICE,DC,MEDIUM,Cargo,APPSEC,YES,NETWORK|PRIVILEGE,2026-08-31T18:19:47Z,ACTIVE,Splunk-ES,PRODUCTION,2022-11-24
AST-002195,TRAN-SCADA-02196,CSE-TRANSPORT-04,Transport,WORKSTATION,SCADA,MEDIUM,Ticketing,OT-OPS,YES,AUTH|NETWORK,2026-08-02T11:05:04Z,ACTIVE,QRadar-Archive,STAGING,2021-10-23
AST-002196,TRAN-DC-02197,CSE-TRANSPORT-04,Transport,SERVER,DC,HIGH,Fleet Control,IT-OPS,YES,DATABASE|PRIVILEGE|WEB,2026-09-24T20:34:28Z,ACTIVE,Splunk-ES,DR,2021-08-10
AST-002197,TRAN-OT-02198,CSE-TRANSPORT-04,Transport,DATABASE,OT,MEDIUM,Ticketing,APPSEC,YES,PRIVILEGE|AUTH,2026-09-09T09:15:33Z,ACTIVE,EDR-Collector,PRODUCTION,2019-12-11
AST-002198,TRAN-OT-02199,CSE-TRANSPORT-04,Transport,SERVER,OT,MEDIUM,Identity,OT-OPS,YES,DATABASE|ENDPOINT,2026-08-12T06:56:26Z,ACTIVE,Splunk-ES,PRODUCTION,2020-03-29
AST-002199,TRAN-DC-02200,CSE-TRANSPORT-04,Transport,NETWORK_DEVICE,DC,LOW,Ticketing,APPSEC,YES,DATABASE|OT,2026-07-07T02:46:26Z,ACTIVE,Splunk-ES,STAGING,2023-12-23
AST-002200,TRAN-OT-02201,CSE-TRANSPORT-04,Transport,NETWORK_DEVICE,OT,HIGH,Cargo,APPSEC,YES,AUTH|DATABASE|OT,2026-08-26T16:38:23Z,ACTIVE,Splunk-ES,STAGING,2020-02-02
AST-002201,TRAN-OT-02202,CSE-TRANSPORT-04,Transport,WORKSTATION,OT,CRITICAL,Identity,IT-OPS,YES,DATABASE|AUTH|WEB,2026-09-29T17:30:27Z,ACTIVE,QRadar-Archive,STAGING,2024-07-19
AST-002202,TRAN-DMZ-02203,CSE-TRANSPORT-04,Transport,WORKSTATION,DMZ,MEDIUM,Identity,SOC,YES,WEB|NETWORK,2026-09-29T00:10:49Z,ACTIVE,EDR-Collector,STAGING,2022-12-31
AST-002203,TRAN-CORPORATE-02204,CSE-TRANSPORT-04,Transport,NETWORK_DEVICE,CORPORATE,HIGH,Ticketing,NETSEC,YES,ENDPOINT|DATABASE|AUTH,2026-07-02T05:02:26Z,ACTIVE,Sentinel-Bridge,STAGING,2020-03-14
AST-002204,TRAN-CORPORATE-02205,CSE-TRANSPORT-04,Transport,DATABASE,CORPORATE,HIGH,Cargo,NETSEC,YES,DATABASE|OT|EXFILTRATION,2026-07-21T09:41:45Z,MISSING,Sentinel-Bridge,STAGING,2023-01-12
AST-002205,TRAN-DC-02206,CSE-TRANSPORT-04,Transport,DATABASE,DC,MEDIUM,Fleet Control,SOC,YES,DATABASE|AUTH,2026-09-26T06:40:46Z,ACTIVE,Sentinel-Bridge,PRODUCTION,2025-08-15
AST-002206,TRAN-SCADA-02207,CSE-TRANSPORT-04,Transport,SERVER,SCADA,HIGH,Fleet Control,APPSEC,YES,DATABASE|OT|PRIVILEGE,2026-08-14T18:48:24Z,ACTIVE,QRadar-Archive,DR,2020-10-05
AST-002207,TRAN-DMZ-02208,CSE-TRANSPORT-04,Transport,APPLICATION,DMZ,LOW,Cargo,SOC,YES,EXFILTRATION|DATABASE,2026-07-15T04:59:39Z,ACTIVE,Sentinel-Bridge,DR,2025-12-26
AST-002208,TRAN-DC-02209,CSE-TRANSPORT-04,Transport,WORKSTATION,DC,HIGH,Cargo,IT-OPS,YES,EXFILTRATION|DATABASE|ENDPOINT,2026-08-06T04:43:16Z,ACTIVE,QRadar-Archive,PRODUCTION,2025-11-08
AST-002209,TRAN-OT-02210,CSE-TRANSPORT-04,Transport,SERVER,OT,CRITICAL,Fleet Control,OT-OPS,YES,DATABASE|EXFILTRATION|WEB,2026-07-02T08:30:49Z,ACTIVE,QRadar-Archive,STAGING,2022-08-10
AST-002210,TRAN-CORPORATE-02211,CSE-TRANSPORT-04,Transport,SERVER,CORPORATE,CRITICAL,Ticketing,NETSEC,YES,ENDPOINT|EXFILTRATION|OT,2026-07-18T00:24:56Z,ACTIVE,QRadar-Archive,DR,2021-08-14
AST-002211,TRAN-CORPORATE-02212,CSE-TRANSPORT-04,Transport,NETWORK_DEVICE,CORPORATE,MEDIUM,Ticketing,SOC,YES,PRIVILEGE|ENDPOINT,2026-09-05T20:37:13Z,ACTIVE,Splunk-ES,DR,2023-12-04
AST-002212,TRAN-OT-02213,CSE-TRANSPORT-04,Transport,PLC,OT,MEDIUM,Cargo,NETSEC,YES,NETWORK|AUTH,2026-07-14T21:11:19Z,ACTIVE,QRadar-Archive,STAGING,2021-11-11
AST-002213,TRAN-CORPORATE-02214,CSE-TRANSPORT-04,Transport,FIREWALL,CORPORATE,CRITICAL,Fleet Control,NETSEC,YES,ENDPOINT|NETWORK|AUTH,2026-09-07T07:03:42Z,ACTIVE,QRadar-Archive,PRODUCTION,2022-04-08
AST-002214,TRAN-SCADA-02215,CSE-TRANSPORT-04,Transport,NETWORK_DEVICE,SCADA,LOW,Cargo,IT-OPS,YES,ENDPOINT|PRIVILEGE,2026-09-28T00:50:16Z,ACTIVE,QRadar-Archive,STAGING,2021-05-13
AST-002215,TRAN-DMZ-02216,CSE-TRANSPORT-04,Transport,APPLICATION,DMZ,HIGH,Ticketing,IT-OPS,YES,DATABASE|OT|ENDPOINT,2026-07-31T08:53:29Z,ACTIVE,EDR-Collector,DR,2020-06-03
AST-002216,TRAN-CORPORATE-02217,CSE-TRANSPORT-04,Transport,SERVER,CORPORATE,HIGH,Identity,SOC,YES,ENDPOINT|NETWORK|DATABASE,2026-07-21T04:17:23Z,ACTIVE,Sentinel-Bridge,STAGING,2024-03-13
AST-002217,TRAN-OT-02218,CSE-TRANSPORT-04,Transport,HMI,OT,HIGH,Ticketing,NETSEC,YES,NETWORK|AUTH|ENDPOINT,2026-07-09T18:21:10Z,ACTIVE,Sentinel-Bridge,PRODUCTION,2023-03-14
AST-002218,TRAN-DMZ-02219,CSE-TRANSPORT-04,Transport,FIREWALL,DMZ,HIGH,Cargo,SOC,YES,EXFILTRATION|AUTH|DATABASE,2026-09-19T00:03:40Z,ACTIVE,Splunk-ES,PRODUCTION,2026-01-27
AST-002219,TRAN-CORPORATE-02220,CSE-TRANSPORT-04,Transport,SERVER,CORPORATE,MEDIUM,Fleet Control,IT-OPS,YES,ENDPOINT|EXFILTRATION,2026-09-05T21:10:04Z,DEGRADED,EDR-Collector,STAGING,2019-12-07
AST-002220,TRAN-DC-02221,CSE-TRANSPORT-04,Transport,NETWORK_DEVICE,DC,MEDIUM,Cargo,SOC,YES,OT|WEB,2026-09-27T09:27:14Z,ACTIVE,Splunk-ES,STAGING,2022-03-09
AST-002221,TRAN-OT-02222,CSE-TRANSPORT-04,Transport,APPLICATION,OT,LOW,Ticketing,APPSEC,YES,AUTH|PRIVILEGE,2026-08-08T05:38:58Z,ACTIVE,QRadar-Archive,DR,2025-11-14
AST-002222,TRAN-DC-02223,CSE-TRANSPORT-04,Transport,SERVER,DC,HIGH,Ticketing,OT-OPS,YES,NETWORK|EXFILTRATION|OT,2026-07-21T04:46:30Z,ACTIVE,Splunk-ES,STAGING,2026-01-25
AST-002223,TRAN-DC-02224,CSE-TRANSPORT-04,Transport,WORKSTATION,DC,HIGH,Fleet Control,SOC,YES,WEB|EXFILTRATION|PRIVILEGE,2026-09-27T17:58:39Z,ACTIVE,Splunk-ES,STAGING,2023-11-23
AST-002224,TRAN-OT-02225,CSE-TRANSPORT-04,Transport,PLC,OT,MEDIUM,Identity,SOC,YES,ENDPOINT|WEB,2026-08-10T07:00:43Z,ACTIVE,Splunk-ES,PRODUCTION,2020-02-26
AST-002225,TRAN-OT-02226,CSE-TRANSPORT-04,Transport,PLC,OT,HIGH,Identity,SOC,YES,DATABASE|NETWORK|OT,2026-09-09T09:57:05Z,ACTIVE,QRadar-Archive,DR,2024-01-27
AST-002226,TRAN-DC-02227,CSE-TRANSPORT-04,Transport,APPLICATION,DC,HIGH,Ticketing,OT-OPS,YES,DATABASE|OT|WEB,2026-08-23T22:57:09Z,ACTIVE,QRadar-Archive,STAGING,2023-07-04
AST-002227,TRAN-OT-02228,CSE-TRANSPORT-04,Transport,DATABASE,OT,MEDIUM,Fleet Control,SOC,YES,AUTH|DATABASE,2026-09-18T07:39:38Z,ACTIVE,EDR-Collector,STAGING,2025-09-24
AST-002228,TRAN-DC-02229,CSE-TRANSPORT-04,Transport,FIREWALL,DC,HIGH,Ticketing,OT-OPS,YES,WEB|PRIVILEGE|AUTH,2026-07-20T11:13:25Z,ACTIVE,Splunk-ES,STAGING,2024-11-21
AST-002229,TRAN-OT-02230,CSE-TRANSPORT-04,Transport,FIREWALL,OT,MEDIUM,Cargo,SOC,YES,EXFILTRATION|AUTH,2026-09-06T09:32:44Z,ACTIVE,Sentinel-Bridge,PRODUCTION,2023-04-18
AST-002230,TRAN-OT-02231,CSE-TRANSPORT-04,Transport,APPLICATION,OT,HIGH,Cargo,APPSEC,YES,AUTH|NETWORK|DATABASE,2026-07-08T04:32:59Z,ACTIVE,Sentinel-Bridge,PRODUCTION,2022-07-28
AST-002231,TRAN-OT-02232,CSE-TRANSPORT-04,Transport,HMI,OT,HIGH,Fleet Control,OT-OPS,YES,DATABASE|WEB|AUTH,2026-08-14T21:10:04Z,ACTIVE,Sentinel-Bridge,PRODUCTION,2023-11-05
AST-002232,TRAN-CORPORATE-02233,CSE-TRANSPORT-04,Transport,FIREWALL,CORPORATE,LOW,Fleet Control,APPSEC,YES,OT|ENDPOINT,2026-09-21T03:36:41Z,ACTIVE,Splunk-ES,STAGING,2020-06-15
AST-002233,TRAN-CORPORATE-02234,CSE-TRANSPORT-04,Transport,WORKSTATION,CORPORATE,HIGH,Identity,IT-OPS,YES,EXFILTRATION|ENDPOINT|WEB,2026-07-05T07:34:44Z,DEGRADED,Sentinel-Bridge,STAGING,2021-03-03
AST-002234,TRAN-OT-02235,CSE-TRANSPORT-04,Transport,PLC,OT,MEDIUM,Ticketing,IT-OPS,YES,AUTH|NETWORK,2026-08-14T08:27:21Z,ACTIVE,EDR-Collector,STAGING,2021-10-22
AST-002235,TRAN-DMZ-02236,CSE-TRANSPORT-04,Transport,WORKSTATION,DMZ,CRITICAL,Cargo,APPSEC,YES,AUTH|DATABASE|EXFILTRATION,2026-07-31T16:22:21Z,ACTIVE,Splunk-ES,STAGING,2023-04-25
AST-002236,TRAN-SCADA-02237,CSE-TRANSPORT-04,Transport,WORKSTATION,SCADA,HIGH,Fleet Control,NETSEC,YES,EXFILTRATION|ENDPOINT|PRIVILEGE,2026-07-07T06:52:58Z,ACTIVE,QRadar-Archive,PRODUCTION,2023-11-13
AST-002237,TRAN-OT-02238,CSE-TRANSPORT-04,Transport,WORKSTATION,OT,HIGH,Cargo,NETSEC,YES,PRIVILEGE|DATABASE|EXFILTRATION,2026-08-11T19:50:20Z,DEGRADED,Splunk-ES,DR,2023-01-18
AST-002238,TRAN-OT-02239,CSE-TRANSPORT-04,Transport,WORKSTATION,OT,HIGH,Ticketing,APPSEC,YES,WEB|ENDPOINT|NETWORK,2026-08-10T01:43:17Z,ACTIVE,Sentinel-Bridge,STAGING,2024-11-19
AST-002239,TRAN-CORPORATE-02240,CSE-TRANSPORT-04,Transport,NETWORK_DEVICE,CORPORATE,LOW,Fleet Control,SOC,YES,PRIVILEGE|AUTH,2026-08-30T07:37:09Z,ACTIVE,Sentinel-Bridge,DR,2021-08-31
AST-002240,TRAN-CORPORATE-02241,CSE-TRANSPORT-04,Transport,NETWORK_DEVICE,CORPORATE,CRITICAL,Ticketing,NETSEC,YES,AUTH|PRIVILEGE|WEB,2026-08-09T09:15:51Z,ACTIVE,Splunk-ES,DR,2023-09-03
AST-002241,TRAN-CORPORATE-02242,CSE-TRANSPORT-04,Transport,WORKSTATION,CORPORATE,HIGH,Ticketing,APPSEC,YES,PRIVILEGE|OT|ENDPOINT,2026-08-16T02:02:47Z,ACTIVE,QRadar-Archive,STAGING,2020-05-30
AST-002242,TRAN-DMZ-02243,CSE-TRANSPORT-04,Transport,WORKSTATION,DMZ,MEDIUM,Fleet Control,IT-OPS,YES,DATABASE|PRIVILEGE,2026-07-11T04:24:32Z,ACTIVE,EDR-Collector,PRODUCTION,2025-11-04
AST-002243,TRAN-CORPORATE-02244,CSE-TRANSPORT-04,Transport,SERVER,CORPORATE,CRITICAL,Cargo,NETSEC,YES,OT|WEB|ENDPOINT,2026-08-12T03:52:39Z,ACTIVE,Splunk-ES,DR,2025-03-10
AST-002244,TRAN-CORPORATE-02245,CSE-TRANSPORT-04,Transport,NETWORK_DEVICE,CORPORATE,MEDIUM,Cargo,IT-OPS,YES,EXFILTRATION|AUTH,2026-07-23T05:33:17Z,ACTIVE,Splunk-ES,STAGING,2020-09-23
AST-002245,TRAN-DC-02246,CSE-TRANSPORT-04,Transport,SERVER,DC,LOW,Ticketing,SOC,YES,WEB|PRIVILEGE,2026-09-26T08:22:36Z,ACTIVE,EDR-Collector,STAGING,2020-08-01
AST-002246,TRAN-OT-02247,CSE-TRANSPORT-04,Transport,PLC,OT,HIGH,Ticketing,OT-OPS,YES,DATABASE|OT|WEB,2026-07-31T17:20:26Z,ACTIVE,Sentinel-Bridge,DR,2022-01-20
AST-002247,TRAN-DMZ-02248,CSE-TRANSPORT-04,Transport,SERVER,DMZ,LOW,Fleet Control,OT-OPS,YES,EXFILTRATION|DATABASE,2026-08-26T10:57:11Z,ACTIVE,EDR-Collector,PRODUCTION,2020-04-07
AST-002248,TRAN-CORPORATE-02249,CSE-TRANSPORT-04,Transport,SERVER,CORPORATE,MEDIUM,Ticketing,OT-OPS,YES,EXFILTRATION|ENDPOINT,2026-07-07T23:56:08Z,ACTIVE,Sentinel-Bridge,PRODUCTION,2024-04-14
AST-002249,TRAN-CORPORATE-02250,CSE-TRANSPORT-04,Transport,WORKSTATION,CORPORATE,HIGH,Ticketing,IT-OPS,YES,AUTH|WEB|ENDPOINT,2026-08-05T06:55:17Z,ACTIVE,QRadar-Archive,STAGING,2021-07-29
AST-002250,TRAN-CORPORATE-02251,CSE-TRANSPORT-04,Transport,WORKSTATION,CORPORATE,HIGH,Ticketing,IT-OPS,YES,OT|EXFILTRATION|PRIVILEGE,2026-09-11T00:11:06Z,DEGRADED,Sentinel-Bridge,DR,2026-01-05
AST-002251,TRAN-CORPORATE-02252,CSE-TRANSPORT-04,Transport,SERVER,CORPORATE,HIGH,Cargo,APPSEC,YES,AUTH|EXFILTRATION|WEB,2026-09-23T12:35:24Z,ACTIVE,QRadar-Archive,STAGING,2021-11-14
AST-002252,TRAN-CORPORATE-02253,CSE-TRANSPORT-04,Transport,SERVER,CORPORATE,CRITICAL,Identity,SOC,YES,OT|EXFILTRATION|AUTH,2026-07-06T09:43:26Z,DEGRADED,Sentinel-Bridge,DR,2024-06-28
AST-002253,TRAN-DMZ-02254,CSE-TRANSPORT-04,Transport,WORKSTATION,DMZ,HIGH,Identity,IT-OPS,YES,NETWORK|ENDPOINT|WEB,2026-07-28T08:58:16Z,ACTIVE,QRadar-Archive,DR,2023-07-07
AST-002254,TRAN-OT-02255,CSE-TRANSPORT-04,Transport,FIREWALL,OT,LOW,Cargo,OT-OPS,YES,EXFILTRATION|WEB,2026-08-31T09:59:41Z,ACTIVE,Sentinel-Bridge,DR,2021-02-14
AST-002255,TRAN-DC-02256,CSE-TRANSPORT-04,Transport,SERVER,DC,CRITICAL,Cargo,APPSEC,YES,PRIVILEGE|EXFILTRATION|AUTH,2026-09-09T18:04:05Z,ACTIVE,Sentinel-Bridge,STAGING,2023-06-01
AST-002256,TRAN-CORPORATE-02257,CSE-TRANSPORT-04,Transport,WORKSTATION,CORPORATE,CRITICAL,Fleet Control,NETSEC,YES,DATABASE|EXFILTRATION|OT,2026-09-07T05:05:46Z,ACTIVE,Sentinel-Bridge,DR,2023-10-02
AST-002257,TRAN-SCADA-02258,CSE-TRANSPORT-04,Transport,WORKSTATION,SCADA,HIGH,Ticketing,IT-OPS,YES,DATABASE|EXFILTRATION|AUTH,2026-08-08T21:53:30Z,ACTIVE,EDR-Collector,DR,2024-09-20
AST-002258,TRAN-SCADA-02259,CSE-TRANSPORT-04,Transport,SERVER,SCADA,MEDIUM,Fleet Control,SOC,YES,ENDPOINT|DATABASE,2026-07-04T13:49:53Z,DEGRADED,Sentinel-Bridge,PRODUCTION,2020-08-16
AST-002259,TRAN-DMZ-02260,CSE-TRANSPORT-04,Transport,DATABASE,DMZ,MEDIUM,Identity,NETSEC,YES,EXFILTRATION|ENDPOINT,2026-09-29T02:31:14Z,ACTIVE,EDR-Collector,STAGING,2025-03-13
AST-002260,TRAN-CORPORATE-02261,CSE-TRANSPORT-04,Transport,SERVER,CORPORATE,MEDIUM,Cargo,NETSEC,YES,WEB|EXFILTRATION,2026-09-13T20:50:04Z,ACTIVE,QRadar-Archive,DR,2024-10-22
AST-002261,TRAN-CORPORATE-02262,CSE-TRANSPORT-04,Transport,WORKSTATION,CORPORATE,MEDIUM,Identity,SOC,YES,WEB|OT,2026-08-28T20:52:25Z,ACTIVE,Splunk-ES,PRODUCTION,2024-09-14
AST-002262,TRAN-SCADA-02263,CSE-TRANSPORT-04,Transport,APPLICATION,SCADA,MEDIUM,Fleet Control,APPSEC,YES,EXFILTRATION|AUTH,2026-07-28T16:49:32Z,ACTIVE,EDR-Collector,PRODUCTION,2021-11-28
AST-002263,TRAN-OT-02264,CSE-TRANSPORT-04,Transport,WORKSTATION,OT,CRITICAL,Ticketing,SOC,YES,EXFILTRATION|OT|AUTH,2026-09-20T23:45:03Z,ACTIVE,Splunk-ES,PRODUCTION,2022-09-09
AST-002264,TRAN-SCADA-02265,CSE-TRANSPORT-04,Transport,SERVER,SCADA,MEDIUM,Ticketing,OT-OPS,YES,ENDPOINT|WEB,2026-09-14T00:53:24Z,ACTIVE,Splunk-ES,DR,2025-06-24
AST-002265,TRAN-CORPORATE-02266,CSE-TRANSPORT-04,Transport,SERVER,CORPORATE,LOW,Fleet Control,NETSEC,YES,WEB|NETWORK,2026-08-11T03:40:52Z,ACTIVE,QRadar-Archive,PRODUCTION,2022-02-17
AST-002266,TRAN-DMZ-02267,CSE-TRANSPORT-04,Transport,WORKSTATION,DMZ,MEDIUM,Fleet Control,IT-OPS,YES,OT|ENDPOINT,2026-07-17T19:13:11Z,ACTIVE,Splunk-ES,DR,2021-02-09
AST-002267,TRAN-CORPORATE-02268,CSE-TRANSPORT-04,Transport,SERVER,CORPORATE,LOW,Cargo,APPSEC,YES,ENDPOINT|NETWORK,2026-07-31T11:37:22Z,ACTIVE,Sentinel-Bridge,DR,2021-07-23
AST-002268,TRAN-OT-02269,CSE-TRANSPORT-04,Transport,WORKSTATION,OT,MEDIUM,Ticketing,IT-OPS,YES,AUTH|EXFILTRATION,2026-08-09T07:47:00Z,ACTIVE,QRadar-Archive,STAGING,2023-05-31
AST-002269,TRAN-CORPORATE-02270,CSE-TRANSPORT-04,Transport,WORKSTATION,CORPORATE,HIGH,Ticketing,OT-OPS,YES,WEB|ENDPOINT|EXFILTRATION,2026-07-07T03:12:27Z,ACTIVE,Splunk-ES,DR,2022-12-03
AST-002270,TRAN-DC-02271,CSE-TRANSPORT-04,Transport,WORKSTATION,DC,LOW,Ticketing,SOC,YES,ENDPOINT|EXFILTRATION,2026-09-08T08:29:39Z,ACTIVE,EDR-Collector,STAGING,2024-09-06
AST-002271,TRAN-CORPORATE-02272,CSE-TRANSPORT-04,Transport,WORKSTATION,CORPORATE,LOW,Identity,OT-OPS,YES,NETWORK|PRIVILEGE,2026-08-20T02:03:59Z,ACTIVE,Sentinel-Bridge,PRODUCTION,2023-05-26
AST-002272,TRAN-CORPORATE-02273,CSE-TRANSPORT-04,Transport,APPLICATION,CORPORATE,MEDIUM,Identity,NETSEC,YES,ENDPOINT|WEB,2026-08-26T04:16:02Z,ACTIVE,QRadar-Archive,DR,2023-04-23
AST-002273,TRAN-CORPORATE-02274,CSE-TRANSPORT-04,Transport,APPLICATION,CORPORATE,HIGH,Cargo,APPSEC,YES,AUTH|NETWORK|OT,2026-08-08T20:58:17Z,ACTIVE,EDR-Collector,STAGING,2020-08-25
AST-002274,TRAN-OT-02275,CSE-TRANSPORT-04,Transport,FIREWALL,OT,CRITICAL,Cargo,OT-OPS,YES,PRIVILEGE|AUTH|WEB,2026-09-21T04:56:38Z,ACTIVE,EDR-Collector,PRODUCTION,2023-04-26
AST-002275,TRAN-CORPORATE-02276,CSE-TRANSPORT-04,Transport,WORKSTATION,CORPORATE,MEDIUM,Identity,IT-OPS,YES,OT|AUTH,2026-07-20T10:20:23Z,ACTIVE,Splunk-ES,STAGING,2023-12-24
AST-002276,TRAN-OT-02277,CSE-TRANSPORT-04,Transport,HMI,OT,LOW,Fleet Control,APPSEC,YES,WEB|AUTH,2026-07-29T18:32:54Z,ACTIVE,Sentinel-Bridge,DR,2024-09-18
AST-002277,TRAN-CORPORATE-02278,CSE-TRANSPORT-04,Transport,DATABASE,CORPORATE,CRITICAL,Cargo,NETSEC,YES,DATABASE|ENDPOINT|PRIVILEGE,2026-09-19T23:59:59Z,ACTIVE,Splunk-ES,DR,2020-10-18
AST-002278,TRAN-CORPORATE-02279,CSE-TRANSPORT-04,Transport,WORKSTATION,CORPORATE,MEDIUM,Identity,APPSEC,YES,NETWORK|EXFILTRATION,2026-07-16T11:48:22Z,ACTIVE,QRadar-Archive,PRODUCTION,2020-08-28
AST-002279,TRAN-CORPORATE-02280,CSE-TRANSPORT-04,Transport,DATABASE,CORPORATE,LOW,Ticketing,APPSEC,YES,WEB|EXFILTRATION,2026-08-07T19:44:45Z,ACTIVE,Sentinel-Bridge,STAGING,2022-11-08
AST-002280,TRAN-DC-02281,CSE-TRANSPORT-04,Transport,WORKSTATION,DC,MEDIUM,Cargo,SOC,YES,ENDPOINT|AUTH,2026-08-21T17:48:39Z,ACTIVE,Splunk-ES,DR,2025-12-31
AST-002281,TRAN-DMZ-02282,CSE-TRANSPORT-04,Transport,APPLICATION,DMZ,CRITICAL,Fleet Control,OT-OPS,YES,DATABASE|OT|NETWORK,2026-09-27T22:19:14Z,ACTIVE,Splunk-ES,PRODUCTION,2020-09-09
AST-002282,TRAN-SCADA-02283,CSE-TRANSPORT-04,Transport,SERVER,SCADA,HIGH,Fleet Control,APPSEC,YES,PRIVILEGE|DATABASE|ENDPOINT,2026-09-02T00:34:18Z,MISSING,Splunk-ES,PRODUCTION,2021-02-07
AST-002283,TRAN-CORPORATE-02284,CSE-TRANSPORT-04,Transport,SERVER,CORPORATE,LOW,Identity,SOC,YES,WEB|PRIVILEGE,2026-07-12T20:55:58Z,ACTIVE,Splunk-ES,DR,2022-10-28
AST-002284,TRAN-OT-02285,CSE-TRANSPORT-04,Transport,HMI,OT,MEDIUM,Identity,APPSEC,YES,AUTH|PRIVILEGE,2026-08-14T07:48:24Z,ACTIVE,EDR-Collector,PRODUCTION,2022-10-25
AST-002285,TRAN-CORPORATE-02286,CSE-TRANSPORT-04,Transport,DATABASE,CORPORATE,CRITICAL,Ticketing,NETSEC,YES,ENDPOINT|OT|DATABASE,2026-07-14T21:43:19Z,ACTIVE,QRadar-Archive,PRODUCTION,2020-11-24
AST-002286,TRAN-DMZ-02287,CSE-TRANSPORT-04,Transport,WORKSTATION,DMZ,MEDIUM,Cargo,OT-OPS,YES,DATABASE|ENDPOINT,2026-08-08T21:21:11Z,ACTIVE,Sentinel-Bridge,PRODUCTION,2026-03-26
AST-002287,TRAN-OT-02288,CSE-TRANSPORT-04,Transport,PLC,OT,CRITICAL,Ticketing,SOC,YES,OT|EXFILTRATION|PRIVILEGE,2026-07-29T19:04:40Z,ACTIVE,QRadar-Archive,PRODUCTION,2020-05-09
AST-002288,TRAN-OT-02289,CSE-TRANSPORT-04,Transport,HMI,OT,CRITICAL,Cargo,APPSEC,YES,AUTH|WEB|DATABASE,2026-09-08T23:59:59Z,ACTIVE,EDR-Collector,STAGING,2022-01-14
AST-002289,TRAN-CORPORATE-02290,CSE-TRANSPORT-04,Transport,FIREWALL,CORPORATE,LOW,Cargo,NETSEC,YES,DATABASE|PRIVILEGE,2026-09-14T12:34:03Z,ACTIVE,QRadar-Archive,DR,2023-11-15
AST-002290,TRAN-SCADA-02291,CSE-TRANSPORT-04,Transport,DATABASE,SCADA,HIGH,Fleet Control,SOC,YES,ENDPOINT|NETWORK|EXFILTRATION,2026-08-07T23:17:22Z,ACTIVE,Splunk-ES,DR,2024-06-25
AST-002291,TRAN-CORPORATE-02292,CSE-TRANSPORT-04,Transport,NETWORK_DEVICE,CORPORATE,MEDIUM,Identity,SOC,YES,EXFILTRATION|AUTH,2026-07-05T08:30:52Z,ACTIVE,Splunk-ES,DR,2024-02-05
AST-002292,TRAN-DMZ-02293,CSE-TRANSPORT-04,Transport,DATABASE,DMZ,MEDIUM,Fleet Control,IT-OPS,YES,NETWORK|DATABASE,2026-08-13T18:24:48Z,ACTIVE,Splunk-ES,DR,2023-05-05
AST-002293,TRAN-CORPORATE-02294,CSE-TRANSPORT-04,Transport,DATABASE,CORPORATE,HIGH,Identity,OT-OPS,YES,OT|PRIVILEGE|AUTH,2026-08-29T15:49:00Z,ACTIVE,QRadar-Archive,DR,2021-10-06
AST-002294,TRAN-DC-02295,CSE-TRANSPORT-04,Transport,SERVER,DC,HIGH,Ticketing,OT-OPS,YES,WEB|DATABASE|ENDPOINT,2026-07-15T09:36:58Z,ACTIVE,QRadar-Archive,PRODUCTION,2022-02-06
AST-002295,TRAN-DC-02296,CSE-TRANSPORT-04,Transport,NETWORK_DEVICE,DC,CRITICAL,Ticketing,OT-OPS,YES,EXFILTRATION|DATABASE|PRIVILEGE,2026-08-27T03:48:34Z,MISSING,Splunk-ES,PRODUCTION,2025-08-12
AST-002296,TRAN-CORPORATE-02297,CSE-TRANSPORT-04,Transport,SERVER,CORPORATE,MEDIUM,Cargo,IT-OPS,YES,WEB|PRIVILEGE,2026-08-17T21:25:59Z,ACTIVE,Sentinel-Bridge,STAGING,2023-11-09
AST-002297,TRAN-DMZ-02298,CSE-TRANSPORT-04,Transport,FIREWALL,DMZ,HIGH,Cargo,SOC,YES,AUTH|EXFILTRATION|PRIVILEGE,2026-08-17T14:20:04Z,ACTIVE,QRadar-Archive,PRODUCTION,2026-01-23
AST-002298,TRAN-CORPORATE-02299,CSE-TRANSPORT-04,Transport,SERVER,CORPORATE,CRITICAL,Cargo,SOC,YES,DATABASE|ENDPOINT|NETWORK,2026-09-20T07:38:30Z,ACTIVE,Sentinel-Bridge,PRODUCTION,2025-12-06
AST-002299,TRAN-DC-02300,CSE-TRANSPORT-04,Transport,SERVER,DC,LOW,Identity,IT-OPS,YES,WEB|PRIVILEGE,2026-09-14T04:35:45Z,ACTIVE,Splunk-ES,STAGING,2020-11-04
AST-002300,TRAN-DMZ-02301,CSE-TRANSPORT-04,Transport,WORKSTATION,DMZ,CRITICAL,Ticketing,IT-OPS,YES,ENDPOINT|EXFILTRATION|PRIVILEGE,2026-09-09T23:59:59Z,DEGRADED,EDR-Collector,DR,2023-11-28
AST-002301,TRAN-OT-02302,CSE-TRANSPORT-04,Transport,WORKSTATION,OT,MEDIUM,Ticketing,OT-OPS,YES,ENDPOINT|PRIVILEGE,2026-08-06T06:03:33Z,ACTIVE,EDR-Collector,PRODUCTION,2021-03-25
AST-002302,TRAN-DMZ-02303,CSE-TRANSPORT-04,Transport,FIREWALL,DMZ,CRITICAL,Identity,IT-OPS,YES,DATABASE|ENDPOINT|EXFILTRATION,2026-09-06T00:21:00Z,ACTIVE,EDR-Collector,PRODUCTION,2025-07-11
AST-002303,TRAN-OT-02304,CSE-TRANSPORT-04,Transport,PLC,OT,LOW,Identity,SOC,YES,EXFILTRATION|PRIVILEGE,2026-08-22T12:31:08Z,ACTIVE,EDR-Collector,STAGING,2023-02-07
AST-002304,TRAN-DC-02305,CSE-TRANSPORT-04,Transport,WORKSTATION,DC,LOW,Fleet Control,SOC,YES,EXFILTRATION|NETWORK,2026-08-01T08:18:15Z,ACTIVE,Splunk-ES,STAGING,2021-09-08
AST-002305,TRAN-DC-02306,CSE-TRANSPORT-04,Transport,DATABASE,DC,HIGH,Ticketing,APPSEC,YES,OT|EXFILTRATION|AUTH,2026-09-21T11:10:50Z,ACTIVE,Sentinel-Bridge,PRODUCTION,2023-07-14
AST-002306,TRAN-OT-02307,CSE-TRANSPORT-04,Transport,HMI,OT,HIGH,Fleet Control,APPSEC,YES,DATABASE|EXFILTRATION|WEB,2026-08-28T00:54:28Z,ACTIVE,Sentinel-Bridge,PRODUCTION,2023-06-06
AST-002307,TRAN-CORPORATE-02308,CSE-TRANSPORT-04,Transport,DATABASE,CORPORATE,CRITICAL,Cargo,OT-OPS,YES,ENDPOINT|PRIVILEGE|EXFILTRATION,2026-08-26T21:57:43Z,ACTIVE,EDR-Collector,DR,2025-06-16
AST-002308,TRAN-CORPORATE-02309,CSE-TRANSPORT-04,Transport,DATABASE,CORPORATE,MEDIUM,Cargo,IT-OPS,YES,DATABASE|OT,2026-09-17T15:43:09Z,ACTIVE,Splunk-ES,PRODUCTION,2021-12-11
AST-002309,TRAN-OT-02310,CSE-TRANSPORT-04,Transport,NETWORK_DEVICE,OT,HIGH,Ticketing,OT-OPS,YES,PRIVILEGE|EXFILTRATION|AUTH,2026-08-31T02:15:52Z,ACTIVE,Splunk-ES,DR,2023-11-19
AST-002310,TRAN-CORPORATE-02311,CSE-TRANSPORT-04,Transport,APPLICATION,CORPORATE,CRITICAL,Fleet Control,APPSEC,YES,OT|WEB|DATABASE,2026-08-07T03:38:54Z,ACTIVE,EDR-Collector,PRODUCTION,2023-03-20
AST-002311,TRAN-CORPORATE-02312,CSE-TRANSPORT-04,Transport,APPLICATION,CORPORATE,HIGH,Cargo,SOC,YES,ENDPOINT|PRIVILEGE|WEB,2026-08-23T02:39:49Z,ACTIVE,Splunk-ES,STAGING,2023-07-31
AST-002312,TRAN-OT-02313,CSE-TRANSPORT-04,Transport,APPLICATION,OT,MEDIUM,Ticketing,IT-OPS,YES,AUTH|OT,2026-08-18T07:53:11Z,DEGRADED,QRadar-Archive,STAGING,2021-10-15
AST-002313,TRAN-OT-02314,CSE-TRANSPORT-04,Transport,HMI,OT,MEDIUM,Cargo,SOC,YES,NETWORK|AUTH,2026-07-09T22:00:29Z,ACTIVE,QRadar-Archive,DR,2019-12-27
AST-002314,TRAN-DC-02315,CSE-TRANSPORT-04,Transport,FIREWALL,DC,HIGH,Identity,NETSEC,YES,ENDPOINT|AUTH|DATABASE,2026-08-20T02:31:39Z,ACTIVE,QRadar-Archive,DR,2025-08-27
AST-002315,TRAN-CORPORATE-02316,CSE-TRANSPORT-04,Transport,WORKSTATION,CORPORATE,MEDIUM,Identity,OT-OPS,YES,OT|AUTH,2026-08-05T21:44:50Z,DEGRADED,Splunk-ES,PRODUCTION,2022-09-18
AST-002316,TRAN-DMZ-02317,CSE-TRANSPORT-04,Transport,FIREWALL,DMZ,LOW,Fleet Control,NETSEC,YES,WEB|DATABASE,2026-08-08T01:46:57Z,ACTIVE,QRadar-Archive,STAGING,2022-10-15
AST-002317,TRAN-DC-02318,CSE-TRANSPORT-04,Transport,DATABASE,DC,CRITICAL,Fleet Control,SOC,YES,PRIVILEGE|DATABASE|AUTH,2026-07-05T22:57:48Z,ACTIVE,Sentinel-Bridge,DR,2021-12-26
AST-002318,TRAN-DMZ-02319,CSE-TRANSPORT-04,Transport,WORKSTATION,DMZ,HIGH,Fleet Control,SOC,YES,PRIVILEGE|NETWORK|WEB,2026-08-12T09:07:00Z,ACTIVE,Splunk-ES,DR,2020-03-26
AST-002319,TRAN-DC-02320,CSE-TRANSPORT-04,Transport,FIREWALL,DC,HIGH,Cargo,NETSEC,YES,PRIVILEGE|OT|NETWORK,2026-07-26T08:25:34Z,ACTIVE,Splunk-ES,DR,2024-09-04
AST-002320,TRAN-CORPORATE-02321,CSE-TRANSPORT-04,Transport,APPLICATION,CORPORATE,LOW,Fleet Control,SOC,YES,OT|EXFILTRATION,2026-09-20T00:42:10Z,ACTIVE,Splunk-ES,PRODUCTION,2025-12-27
AST-002321,TRAN-DMZ-02322,CSE-TRANSPORT-04,Transport,SERVER,DMZ,MEDIUM,Identity,OT-OPS,YES,AUTH|WEB,2026-08-26T18:52:12Z,ACTIVE,EDR-Collector,STAGING,2026-02-21
AST-002322,TRAN-SCADA-02323,CSE-TRANSPORT-04,Transport,WORKSTATION,SCADA,LOW,Ticketing,OT-OPS,YES,PRIVILEGE|ENDPOINT,2026-07-20T11:29:16Z,ACTIVE,EDR-Collector,PRODUCTION,2024-08-02
AST-002323,TRAN-CORPORATE-02324,CSE-TRANSPORT-04,Transport,WORKSTATION,CORPORATE,HIGH,Ticketing,OT-OPS,YES,OT|AUTH|PRIVILEGE,2026-09-14T20:36:14Z,ACTIVE,Splunk-ES,DR,2025-06-06
AST-002324,TRAN-OT-02325,CSE-TRANSPORT-04,Transport,WORKSTATION,OT,MEDIUM,Ticketing,OT-OPS,YES,ENDPOINT|AUTH,2026-08-16T00:04:31Z,ACTIVE,Splunk-ES,PRODUCTION,2021-12-15
AST-002325,TRAN-DMZ-02326,CSE-TRANSPORT-04,Transport,FIREWALL,DMZ,HIGH,Fleet Control,OT-OPS,YES,DATABASE|PRIVILEGE|WEB,2026-07-17T17:46:15Z,ACTIVE,Sentinel-Bridge,PRODUCTION,2022-07-02
AST-002326,TRAN-DC-02327,CSE-TRANSPORT-04,Transport,FIREWALL,DC,MEDIUM,Fleet Control,IT-OPS,YES,PRIVILEGE|AUTH,2026-07-16T13:30:37Z,ACTIVE,QRadar-Archive,PRODUCTION,2021-05-09
AST-002327,TRAN-DC-02328,CSE-TRANSPORT-04,Transport,SERVER,DC,MEDIUM,Cargo,APPSEC,YES,OT|ENDPOINT,2026-08-10T00:38:57Z,ACTIVE,Sentinel-Bridge,STAGING,2024-06-01
AST-002328,TRAN-DC-02329,CSE-TRANSPORT-04,Transport,SERVER,DC,CRITICAL,Ticketing,IT-OPS,YES,EXFILTRATION|DATABASE|OT,2026-07-12T10:01:18Z,ACTIVE,Splunk-ES,DR,2024-03-02
AST-002329,TRAN-DMZ-02330,CSE-TRANSPORT-04,Transport,WORKSTATION,DMZ,HIGH,Identity,SOC,YES,PRIVILEGE|AUTH|OT,2026-08-21T01:25:46Z,ACTIVE,QRadar-Archive,PRODUCTION,2022-12-13
AST-002330,TRAN-CORPORATE-02331,CSE-TRANSPORT-04,Transport,WORKSTATION,CORPORATE,HIGH,Cargo,OT-OPS,YES,ENDPOINT|AUTH|PRIVILEGE,2026-07-06T07:14:46Z,MISSING,Splunk-ES,PRODUCTION,2023-04-10
AST-002331,TRAN-DC-02332,CSE-TRANSPORT-04,Transport,NETWORK_DEVICE,DC,MEDIUM,Cargo,APPSEC,YES,DATABASE|PRIVILEGE,2026-09-21T15:56:29Z,ACTIVE,QRadar-Archive,PRODUCTION,2022-07-31
AST-002332,TRAN-CORPORATE-02333,CSE-TRANSPORT-04,Transport,FIREWALL,CORPORATE,MEDIUM,Identity,IT-OPS,YES,NETWORK|ENDPOINT,2026-09-08T03:40:43Z,ACTIVE,EDR-Collector,DR,2022-09-15
AST-002333,TRAN-DC-02334,CSE-TRANSPORT-04,Transport,FIREWALL,DC,LOW,Identity,IT-OPS,YES,OT|EXFILTRATION,2026-08-02T19:20:51Z,ACTIVE,Sentinel-Bridge,PRODUCTION,2023-11-11
AST-002334,TRAN-DMZ-02335,CSE-TRANSPORT-04,Transport,SERVER,DMZ,CRITICAL,Fleet Control,OT-OPS,YES,ENDPOINT|EXFILTRATION|WEB,2026-09-10T05:47:42Z,ACTIVE,EDR-Collector,PRODUCTION,2020-06-13
AST-002335,TRAN-CORPORATE-02336,CSE-TRANSPORT-04,Transport,WORKSTATION,CORPORATE,MEDIUM,Identity,IT-OPS,YES,EXFILTRATION|NETWORK,2026-09-26T02:55:38Z,ACTIVE,Sentinel-Bridge,DR,2025-12-23
AST-002336,TRAN-CORPORATE-02337,CSE-TRANSPORT-04,Transport,DATABASE,CORPORATE,LOW,Fleet Control,IT-OPS,YES,WEB|DATABASE,2026-09-07T15:50:37Z,ACTIVE,Sentinel-Bridge,DR,2020-08-19
AST-002337,TRAN-OT-02338,CSE-TRANSPORT-04,Transport,SERVER,OT,HIGH,Cargo,IT-OPS,YES,EXFILTRATION|OT|NETWORK,2026-07-14T11:27:21Z,ACTIVE,Sentinel-Bridge,DR,2020-06-14
AST-002338,TRAN-DMZ-02339,CSE-TRANSPORT-04,Transport,WORKSTATION,DMZ,HIGH,Fleet Control,APPSEC,YES,NETWORK|PRIVILEGE|ENDPOINT,2026-09-26T04:26:18Z,DEGRADED,EDR-Collector,DR,2023-02-25
AST-002339,TRAN-OT-02340,CSE-TRANSPORT-04,Transport,PLC,OT,HIGH,Cargo,OT-OPS,YES,ENDPOINT|DATABASE|EXFILTRATION,2026-07-30T01:53:45Z,ACTIVE,EDR-Collector,DR,2020-08-30
AST-002340,TRAN-DC-02341,CSE-TRANSPORT-04,Transport,FIREWALL,DC,MEDIUM,Cargo,APPSEC,YES,NETWORK|PRIVILEGE,2026-07-10T03:40:51Z,ACTIVE,Splunk-ES,DR,2024-04-03
AST-002341,TRAN-CORPORATE-02342,CSE-TRANSPORT-04,Transport,SERVER,CORPORATE,LOW,Fleet Control,APPSEC,YES,EXFILTRATION|WEB,2026-07-24T10:19:52Z,ACTIVE,QRadar-Archive,DR,2024-04-09
AST-002342,TRAN-OT-02343,CSE-TRANSPORT-04,Transport,DATABASE,OT,HIGH,Ticketing,NETSEC,YES,AUTH|DATABASE|EXFILTRATION,2026-08-21T03:19:38Z,ACTIVE,QRadar-Archive,STAGING,2025-12-30
AST-002343,TRAN-DMZ-02344,CSE-TRANSPORT-04,Transport,APPLICATION,DMZ,CRITICAL,Ticketing,IT-OPS,YES,WEB|NETWORK|ENDPOINT,2026-08-14T20:18:57Z,ACTIVE,Splunk-ES,STAGING,2025-10-07
AST-002344,TRAN-CORPORATE-02345,CSE-TRANSPORT-04,Transport,WORKSTATION,CORPORATE,HIGH,Identity,NETSEC,YES,AUTH|EXFILTRATION|WEB,2026-08-12T03:56:12Z,ACTIVE,EDR-Collector,PRODUCTION,2025-05-08
AST-002345,TRAN-CORPORATE-02346,CSE-TRANSPORT-04,Transport,WORKSTATION,CORPORATE,HIGH,Ticketing,NETSEC,YES,EXFILTRATION|NETWORK|DATABASE,2026-07-18T09:01:54Z,ACTIVE,Splunk-ES,PRODUCTION,2020-08-21
AST-002346,TRAN-OT-02347,CSE-TRANSPORT-04,Transport,PLC,OT,MEDIUM,Cargo,IT-OPS,YES,OT|ENDPOINT,2026-07-13T01:11:58Z,ACTIVE,EDR-Collector,STAGING,2024-11-07
AST-002347,TRAN-DMZ-02348,CSE-TRANSPORT-04,Transport,SERVER,DMZ,HIGH,Fleet Control,OT-OPS,YES,DATABASE|ENDPOINT|WEB,2026-08-03T16:12:41Z,ACTIVE,Splunk-ES,STAGING,2024-05-11
AST-002348,TRAN-DMZ-02349,CSE-TRANSPORT-04,Transport,FIREWALL,DMZ,HIGH,Ticketing,OT-OPS,YES,WEB|EXFILTRATION|OT,2026-07-06T02:11:48Z,ACTIVE,EDR-Collector,STAGING,2025-11-28
AST-002349,TRAN-SCADA-02350,CSE-TRANSPORT-04,Transport,FIREWALL,SCADA,LOW,Ticketing,SOC,YES,PRIVILEGE|OT,2026-07-18T00:30:16Z,ACTIVE,Splunk-ES,STAGING,2022-11-10
AST-002350,TRAN-CORPORATE-02351,CSE-TRANSPORT-04,Transport,WORKSTATION,CORPORATE,HIGH,Cargo,SOC,YES,WEB|OT|ENDPOINT,2026-07-22T22:49:00Z,ACTIVE,Splunk-ES,STAGING,2020-02-18
AST-002351,TRAN-DC-02352,CSE-TRANSPORT-04,Transport,SERVER,DC,CRITICAL,Fleet Control,APPSEC,YES,NETWORK|EXFILTRATION|OT,2026-07-06T14:09:51Z,ACTIVE,EDR-Collector,PRODUCTION,2021-12-09
AST-002352,TRAN-OT-02353,CSE-TRANSPORT-04,Transport,HMI,OT,HIGH,Ticketing,IT-OPS,YES,NETWORK|PRIVILEGE|EXFILTRATION,2026-09-15T10:49:59Z,ACTIVE,Splunk-ES,PRODUCTION,2023-01-12
AST-002353,TRAN-DMZ-02354,CSE-TRANSPORT-04,Transport,NETWORK_DEVICE,DMZ,LOW,Ticketing,APPSEC,YES,OT|WEB,2026-08-16T07:01:26Z,ACTIVE,Sentinel-Bridge,DR,2025-01-22
AST-002354,TRAN-OT-02355,CSE-TRANSPORT-04,Transport,HMI,OT,MEDIUM,Identity,IT-OPS,YES,NETWORK|PRIVILEGE,2026-09-08T08:09:48Z,ACTIVE,EDR-Collector,DR,2021-08-07
AST-002355,TRAN-DMZ-02356,CSE-TRANSPORT-04,Transport,NETWORK_DEVICE,DMZ,CRITICAL,Identity,NETSEC,YES,EXFILTRATION|OT|WEB,2026-09-29T14:02:24Z,DEGRADED,QRadar-Archive,PRODUCTION,2020-05-24
AST-002356,TRAN-OT-02357,CSE-TRANSPORT-04,Transport,DATABASE,OT,HIGH,Cargo,APPSEC,YES,ENDPOINT|WEB|OT,2026-07-22T15:28:08Z,ACTIVE,EDR-Collector,PRODUCTION,2020-02-22
AST-002357,TRAN-CORPORATE-02358,CSE-TRANSPORT-04,Transport,SERVER,CORPORATE,MEDIUM,Cargo,OT-OPS,YES,DATABASE|EXFILTRATION,2026-09-17T00:36:55Z,ACTIVE,Splunk-ES,PRODUCTION,2020-01-28
AST-002358,TRAN-CORPORATE-02359,CSE-TRANSPORT-04,Transport,WORKSTATION,CORPORATE,CRITICAL,Cargo,SOC,YES,EXFILTRATION|WEB|NETWORK,2026-07-20T15:05:08Z,ACTIVE,Sentinel-Bridge,STAGING,2024-01-18
AST-002359,TRAN-DC-02360,CSE-TRANSPORT-04,Transport,FIREWALL,DC,LOW,Ticketing,SOC,YES,OT|PRIVILEGE,2026-07-06T05:50:04Z,ACTIVE,Sentinel-Bridge,DR,2022-08-05
AST-002360,TRAN-DMZ-02361,CSE-TRANSPORT-04,Transport,WORKSTATION,DMZ,HIGH,Cargo,SOC,YES,WEB|ENDPOINT|NETWORK,2026-09-07T22:07:53Z,DEGRADED,Sentinel-Bridge,PRODUCTION,2026-01-10
AST-002361,TRAN-CORPORATE-02362,CSE-TRANSPORT-04,Transport,NETWORK_DEVICE,CORPORATE,CRITICAL,Identity,SOC,YES,EXFILTRATION|WEB|ENDPOINT,2026-07-30T17:36:27Z,ACTIVE,EDR-Collector,STAGING,2021-08-21
AST-002362,TRAN-CORPORATE-02363,CSE-TRANSPORT-04,Transport,SERVER,CORPORATE,MEDIUM,Fleet Control,IT-OPS,YES,PRIVILEGE|ENDPOINT,2026-07-25T21:52:12Z,ACTIVE,EDR-Collector,STAGING,2022-10-23
AST-002363,TRAN-OT-02364,CSE-TRANSPORT-04,Transport,PLC,OT,CRITICAL,Ticketing,NETSEC,YES,OT|NETWORK|DATABASE,2026-07-19T12:15:38Z,ACTIVE,Splunk-ES,STAGING,2022-08-06
AST-002364,TRAN-OT-02365,CSE-TRANSPORT-04,Transport,HMI,OT,HIGH,Cargo,SOC,YES,EXFILTRATION|WEB|DATABASE,2026-08-08T08:15:16Z,ACTIVE,Sentinel-Bridge,DR,2022-07-30
AST-002365,TRAN-CORPORATE-02366,CSE-TRANSPORT-04,Transport,WORKSTATION,CORPORATE,HIGH,Cargo,APPSEC,YES,OT|WEB|NETWORK,2026-07-12T14:49:47Z,ACTIVE,Sentinel-Bridge,DR,2019-12-05
AST-002366,TRAN-OT-02367,CSE-TRANSPORT-04,Transport,HMI,OT,MEDIUM,Fleet Control,SOC,YES,ENDPOINT|WEB,2026-09-19T20:44:14Z,ACTIVE,QRadar-Archive,PRODUCTION,2025-02-10
AST-002367,TRAN-DMZ-02368,CSE-TRANSPORT-04,Transport,APPLICATION,DMZ,LOW,Fleet Control,IT-OPS,YES,ENDPOINT|NETWORK,2026-08-27T14:23:07Z,ACTIVE,EDR-Collector,DR,2020-03-18
AST-002368,TRAN-CORPORATE-02369,CSE-TRANSPORT-04,Transport,SERVER,CORPORATE,MEDIUM,Fleet Control,IT-OPS,YES,WEB|OT,2026-07-24T10:52:39Z,ACTIVE,EDR-Collector,DR,2020-11-13
AST-002369,TRAN-SCADA-02370,CSE-TRANSPORT-04,Transport,FIREWALL,SCADA,HIGH,Ticketing,IT-OPS,YES,OT|AUTH|WEB,2026-08-01T16:05:16Z,ACTIVE,EDR-Collector,PRODUCTION,2022-11-27
AST-002370,TRAN-CORPORATE-02371,CSE-TRANSPORT-04,Transport,NETWORK_DEVICE,CORPORATE,MEDIUM,Cargo,SOC,YES,ENDPOINT|PRIVILEGE,2026-07-05T21:15:33Z,ACTIVE,QRadar-Archive,STAGING,2021-02-17
AST-002371,TRAN-DC-02372,CSE-TRANSPORT-04,Transport,NETWORK_DEVICE,DC,HIGH,Identity,OT-OPS,YES,WEB|PRIVILEGE|ENDPOINT,2026-07-31T10:39:16Z,ACTIVE,Sentinel-Bridge,PRODUCTION,2025-12-10
AST-002372,TRAN-CORPORATE-02373,CSE-TRANSPORT-04,Transport,WORKSTATION,CORPORATE,CRITICAL,Ticketing,APPSEC,YES,NETWORK|WEB|PRIVILEGE,2026-08-25T08:55:35Z,ACTIVE,Sentinel-Bridge,PRODUCTION,2021-04-29
AST-002373,TRAN-OT-02374,CSE-TRANSPORT-04,Transport,HMI,OT,MEDIUM,Identity,IT-OPS,YES,AUTH|DATABASE,2026-09-12T21:10:58Z,ACTIVE,Splunk-ES,DR,2022-12-31
AST-002374,TRAN-DC-02375,CSE-TRANSPORT-04,Transport,FIREWALL,DC,LOW,Identity,SOC,YES,AUTH|ENDPOINT,2026-08-14T06:00:04Z,ACTIVE,EDR-Collector,PRODUCTION,2026-01-27
AST-002375,TRAN-OT-02376,CSE-TRANSPORT-04,Transport,PLC,OT,LOW,Ticketing,APPSEC,YES,ENDPOINT|WEB,2026-08-22T03:59:56Z,ACTIVE,Sentinel-Bridge,PRODUCTION,2023-07-04
AST-002376,TRAN-DMZ-02377,CSE-TRANSPORT-04,Transport,FIREWALL,DMZ,MEDIUM,Identity,NETSEC,YES,OT|WEB,2026-09-14T11:00:00Z,ACTIVE,Splunk-ES,PRODUCTION,2025-09-06
AST-002377,TRAN-CORPORATE-02378,CSE-TRANSPORT-04,Transport,SERVER,CORPORATE,HIGH,Cargo,SOC,YES,AUTH|PRIVILEGE|WEB,2026-09-18T14:41:33Z,ACTIVE,Splunk-ES,PRODUCTION,2024-07-02
AST-002378,TRAN-CORPORATE-02379,CSE-TRANSPORT-04,Transport,WORKSTATION,CORPORATE,CRITICAL,Ticketing,IT-OPS,YES,EXFILTRATION|DATABASE|OT,2026-07-29T12:03:44Z,ACTIVE,QRadar-Archive,PRODUCTION,2020-06-02
AST-002379,TRAN-SCADA-02380,CSE-TRANSPORT-04,Transport,SERVER,SCADA,LOW,Identity,NETSEC,YES,PRIVILEGE|AUTH,2026-07-31T17:38:55Z,ACTIVE,Sentinel-Bridge,PRODUCTION,2020-10-23
AST-002380,TRAN-DC-02381,CSE-TRANSPORT-04,Transport,SERVER,DC,MEDIUM,Ticketing,IT-OPS,YES,OT|DATABASE,2026-07-02T05:07:14Z,ACTIVE,QRadar-Archive,STAGING,2024-09-29
AST-002381,HEAL-OT-02382,CSE-HEALTH-05,Healthcare,HMI,OT,MEDIUM,PACS,IT-OPS,YES,WEB|EXFILTRATION,2026-07-13T18:28:21Z,MISSING,EDR-Collector,DR,2024-04-16
AST-002382,HEAL-DC-02383,CSE-HEALTH-05,Healthcare,FIREWALL,DC,HIGH,PACS,NETSEC,YES,ENDPOINT|AUTH|DATABASE,2026-09-29T00:36:27Z,DEGRADED,EDR-Collector,STAGING,2024-02-04
AST-002383,HEAL-OT-02384,CSE-HEALTH-05,Healthcare,DATABASE,OT,MEDIUM,Billing,NETSEC,YES,AUTH|PRIVILEGE,2026-07-01T21:52:33Z,DEGRADED,Sentinel-Bridge,DR,2020-01-07
AST-002384,HEAL-CORPORATE-02385,CSE-HEALTH-05,Healthcare,SERVER,CORPORATE,HIGH,Billing,APPSEC,YES,EXFILTRATION|ENDPOINT|AUTH,2026-09-01T10:22:26Z,ACTIVE,QRadar-Archive,DR,2020-06-03
AST-002385,HEAL-SCADA-02386,CSE-HEALTH-05,Healthcare,SERVER,SCADA,CRITICAL,PACS,NETSEC,YES,OT|AUTH|WEB,2026-08-23T23:52:40Z,ACTIVE,Sentinel-Bridge,PRODUCTION,2026-02-03
AST-002386,HEAL-CORPORATE-02387,CSE-HEALTH-05,Healthcare,SERVER,CORPORATE,MEDIUM,Billing,SOC,YES,OT|NETWORK,2026-07-23T13:37:35Z,ACTIVE,Sentinel-Bridge,STAGING,2026-02-05
AST-002387,HEAL-DC-02388,CSE-HEALTH-05,Healthcare,SERVER,DC,HIGH,Billing,SOC,YES,ENDPOINT|PRIVILEGE|AUTH,2026-09-09T00:58:21Z,DEGRADED,Splunk-ES,DR,2022-07-26
AST-002388,HEAL-OT-02389,CSE-HEALTH-05,Healthcare,PLC,OT,MEDIUM,PACS,APPSEC,YES,ENDPOINT|DATABASE,2026-07-14T23:21:58Z,ACTIVE,QRadar-Archive,DR,2021-03-01
AST-002389,HEAL-DMZ-02390,CSE-HEALTH-05,Healthcare,WORKSTATION,DMZ,MEDIUM,Billing,IT-OPS,YES,PRIVILEGE|DATABASE,2026-07-01T09:38:33Z,ACTIVE,Sentinel-Bridge,DR,2023-08-03
AST-002390,HEAL-CORPORATE-02391,CSE-HEALTH-05,Healthcare,WORKSTATION,CORPORATE,LOW,Billing,NETSEC,YES,EXFILTRATION|OT,2026-07-19T22:57:49Z,ACTIVE,QRadar-Archive,DR,2024-06-24
AST-002391,HEAL-CORPORATE-02392,CSE-HEALTH-05,Healthcare,WORKSTATION,CORPORATE,HIGH,Clinical,APPSEC,YES,EXFILTRATION|DATABASE|NETWORK,2026-09-27T10:56:42Z,ACTIVE,Splunk-ES,STAGING,2021-01-04
AST-002392,HEAL-DMZ-02393,CSE-HEALTH-05,Healthcare,APPLICATION,DMZ,HIGH,Clinical,OT-OPS,YES,AUTH|PRIVILEGE|DATABASE,2026-07-28T23:07:55Z,DEGRADED,EDR-Collector,STAGING,2021-05-07
AST-002393,HEAL-SCADA-02394,CSE-HEALTH-05,Healthcare,NETWORK_DEVICE,SCADA,HIGH,Identity,APPSEC,YES,PRIVILEGE|DATABASE|AUTH,2026-08-09T19:17:28Z,ACTIVE,QRadar-Archive,STAGING,2026-01-30
AST-002394,HEAL-DMZ-02395,CSE-HEALTH-05,Healthcare,NETWORK_DEVICE,DMZ,LOW,PACS,OT-OPS,YES,OT|ENDPOINT,2026-08-16T04:26:59Z,ACTIVE,Sentinel-Bridge,STAGING,2020-02-14
AST-002395,HEAL-DC-02396,CSE-HEALTH-05,Healthcare,WORKSTATION,DC,CRITICAL,PACS,OT-OPS,YES,WEB|AUTH|NETWORK,2026-08-20T19:00:51Z,ACTIVE,Splunk-ES,STAGING,2024-11-02
AST-002396,HEAL-OT-02397,CSE-HEALTH-05,Healthcare,FIREWALL,OT,MEDIUM,Identity,SOC,YES,OT|ENDPOINT,2026-07-14T00:30:54Z,ACTIVE,Splunk-ES,PRODUCTION,2024-12-12
AST-002397,HEAL-SCADA-02398,CSE-HEALTH-05,Healthcare,SERVER,SCADA,CRITICAL,Identity,APPSEC,YES,OT|PRIVILEGE|WEB,2026-08-13T11:59:38Z,ACTIVE,Splunk-ES,STAGING,2020-05-20
AST-002398,HEAL-CORPORATE-02399,CSE-HEALTH-05,Healthcare,SERVER,CORPORATE,CRITICAL,Clinical,APPSEC,YES,ENDPOINT|WEB|DATABASE,2026-09-17T17:57:03Z,ACTIVE,Splunk-ES,PRODUCTION,2023-08-14
AST-002399,HEAL-CORPORATE-02400,CSE-HEALTH-05,Healthcare,APPLICATION,CORPORATE,HIGH,Clinical,OT-OPS,YES,PRIVILEGE|ENDPOINT|AUTH,2026-08-16T11:30:51Z,ACTIVE,Splunk-ES,PRODUCTION,2023-07-24
AST-002400,HEAL-CORPORATE-02401,CSE-HEALTH-05,Healthcare,NETWORK_DEVICE,CORPORATE,HIGH,Billing,IT-OPS,YES,PRIVILEGE|DATABASE|EXFILTRATION,2026-08-06T22:39:55Z,ACTIVE,QRadar-Archive,DR,2024-08-03
AST-002401,HEAL-DC-02402,CSE-HEALTH-05,Healthcare,SERVER,DC,HIGH,PACS,OT-OPS,YES,WEB|AUTH|ENDPOINT,2026-08-23T01:20:00Z,ACTIVE,QRadar-Archive,DR,2023-04-13
AST-002402,HEAL-DC-02403,CSE-HEALTH-05,Healthcare,FIREWALL,DC,LOW,Clinical,IT-OPS,YES,DATABASE|ENDPOINT,2026-09-16T04:15:12Z,ACTIVE,QRadar-Archive,DR,2020-04-19
AST-002403,HEAL-CORPORATE-02404,CSE-HEALTH-05,Healthcare,SERVER,CORPORATE,MEDIUM,PACS,OT-OPS,YES,WEB|AUTH,2026-09-04T04:44:40Z,ACTIVE,Splunk-ES,PRODUCTION,2025-03-20
AST-002404,HEAL-SCADA-02405,CSE-HEALTH-05,Healthcare,NETWORK_DEVICE,SCADA,MEDIUM,Identity,NETSEC,YES,AUTH|OT,2026-08-12T17:46:02Z,ACTIVE,QRadar-Archive,PRODUCTION,2020-11-03
AST-002405,HEAL-DC-02406,CSE-HEALTH-05,Healthcare,APPLICATION,DC,HIGH,Clinical,SOC,YES,DATABASE|WEB|OT,2026-07-07T16:12:42Z,MISSING,EDR-Collector,DR,2025-05-28
AST-002406,HEAL-CORPORATE-02407,CSE-HEALTH-05,Healthcare,NETWORK_DEVICE,CORPORATE,LOW,Clinical,OT-OPS,YES,AUTH|OT,2026-09-10T17:01:02Z,ACTIVE,Splunk-ES,STAGING,2021-08-03
AST-002407,HEAL-DMZ-02408,CSE-HEALTH-05,Healthcare,SERVER,DMZ,LOW,Billing,OT-OPS,YES,DATABASE|PRIVILEGE,2026-09-05T22:59:57Z,DEGRADED,Sentinel-Bridge,PRODUCTION,2025-08-31
AST-002408,HEAL-CORPORATE-02409,CSE-HEALTH-05,Healthcare,DATABASE,CORPORATE,HIGH,Billing,SOC,YES,NETWORK|ENDPOINT|PRIVILEGE,2026-09-16T02:58:11Z,ACTIVE,Splunk-ES,PRODUCTION,2021-04-05
AST-002409,HEAL-CORPORATE-02410,CSE-HEALTH-05,Healthcare,NETWORK_DEVICE,CORPORATE,MEDIUM,Identity,OT-OPS,YES,ENDPOINT|DATABASE,2026-08-04T19:18:30Z,ACTIVE,Splunk-ES,DR,2023-10-20
AST-002410,HEAL-OT-02411,CSE-HEALTH-05,Healthcare,HMI,OT,MEDIUM,Identity,OT-OPS,YES,OT|ENDPOINT,2026-08-12T19:35:28Z,DEGRADED,QRadar-Archive,DR,2019-12-20
AST-002411,HEAL-DC-02412,CSE-HEALTH-05,Healthcare,APPLICATION,DC,MEDIUM,PACS,OT-OPS,YES,NETWORK|PRIVILEGE,2026-09-20T23:14:40Z,ACTIVE,Splunk-ES,STAGING,2024-11-23
AST-002412,HEAL-DMZ-02413,CSE-HEALTH-05,Healthcare,FIREWALL,DMZ,MEDIUM,PACS,NETSEC,YES,AUTH|PRIVILEGE,2026-09-06T21:52:07Z,ACTIVE,EDR-Collector,STAGING,2023-02-24
AST-002413,HEAL-DC-02414,CSE-HEALTH-05,Healthcare,WORKSTATION,DC,HIGH,Billing,OT-OPS,YES,OT|DATABASE|NETWORK,2026-09-07T17:35:51Z,ACTIVE,Splunk-ES,DR,2025-02-04
AST-002414,HEAL-SCADA-02415,CSE-HEALTH-05,Healthcare,SERVER,SCADA,MEDIUM,PACS,IT-OPS,YES,OT|AUTH,2026-09-19T20:21:28Z,ACTIVE,Splunk-ES,PRODUCTION,2025-06-06
AST-002415,HEAL-DC-02416,CSE-HEALTH-05,Healthcare,WORKSTATION,DC,HIGH,PACS,APPSEC,YES,EXFILTRATION|OT|DATABASE,2026-08-17T18:40:24Z,ACTIVE,EDR-Collector,DR,2020-09-02
AST-002416,HEAL-CORPORATE-02417,CSE-HEALTH-05,Healthcare,APPLICATION,CORPORATE,LOW,Billing,APPSEC,YES,EXFILTRATION|AUTH,2026-07-18T23:01:33Z,ACTIVE,Splunk-ES,STAGING,2024-04-26
AST-002417,HEAL-CORPORATE-02418,CSE-HEALTH-05,Healthcare,FIREWALL,CORPORATE,LOW,Identity,OT-OPS,YES,NETWORK|WEB,2026-07-07T19:31:39Z,ACTIVE,Sentinel-Bridge,PRODUCTION,2024-07-17
AST-002418,HEAL-DMZ-02419,CSE-HEALTH-05,Healthcare,WORKSTATION,DMZ,LOW,Billing,OT-OPS,YES,DATABASE|ENDPOINT,2026-09-28T05:46:18Z,ACTIVE,Sentinel-Bridge,PRODUCTION,2023-05-24
AST-002419,HEAL-DC-02420,CSE-HEALTH-05,Healthcare,SERVER,DC,CRITICAL,Clinical,IT-OPS,YES,OT|ENDPOINT|EXFILTRATION,2026-07-06T04:01:56Z,MISSING,Splunk-ES,STAGING,2020-07-12
AST-002420,HEAL-CORPORATE-02421,CSE-HEALTH-05,Healthcare,DATABASE,CORPORATE,LOW,Clinical,APPSEC,YES,EXFILTRATION|DATABASE,2026-07-28T20:00:31Z,ACTIVE,EDR-Collector,DR,2023-11-03
AST-002421,HEAL-DMZ-02422,CSE-HEALTH-05,Healthcare,DATABASE,DMZ,HIGH,Clinical,APPSEC,YES,AUTH|WEB|DATABASE,2026-08-21T14:33:08Z,ACTIVE,Sentinel-Bridge,DR,2024-07-22
AST-002422,HEAL-OT-02423,CSE-HEALTH-05,Healthcare,HMI,OT,HIGH,PACS,SOC,YES,NETWORK|DATABASE|ENDPOINT,2026-07-25T23:27:26Z,ACTIVE,EDR-Collector,PRODUCTION,2022-09-12
AST-002423,HEAL-CORPORATE-02424,CSE-HEALTH-05,Healthcare,WORKSTATION,CORPORATE,HIGH,PACS,IT-OPS,YES,PRIVILEGE|EXFILTRATION|OT,2026-07-24T23:00:31Z,ACTIVE,Sentinel-Bridge,PRODUCTION,2021-09-18
AST-002424,HEAL-DMZ-02425,CSE-HEALTH-05,Healthcare,WORKSTATION,DMZ,LOW,PACS,OT-OPS,YES,PRIVILEGE|EXFILTRATION,2026-09-14T15:49:08Z,ACTIVE,Splunk-ES,DR,2021-09-04
AST-002425,HEAL-CORPORATE-02426,CSE-HEALTH-05,Healthcare,NETWORK_DEVICE,CORPORATE,HIGH,Billing,OT-OPS,YES,NETWORK|PRIVILEGE|ENDPOINT,2026-07-11T19:10:39Z,MISSING,Sentinel-Bridge,STAGING,2020-12-27
AST-002426,HEAL-DC-02427,CSE-HEALTH-05,Healthcare,SERVER,DC,CRITICAL,Identity,APPSEC,YES,AUTH|EXFILTRATION|DATABASE,2026-09-01T06:44:47Z,DEGRADED,QRadar-Archive,DR,2022-10-18
AST-002427,HEAL-DC-02428,CSE-HEALTH-05,Healthcare,WORKSTATION,DC,MEDIUM,PACS,SOC,YES,OT|DATABASE,2026-07-15T22:16:40Z,ACTIVE,QRadar-Archive,PRODUCTION,2023-08-08
AST-002428,HEAL-OT-02429,CSE-HEALTH-05,Healthcare,APPLICATION,OT,HIGH,Billing,IT-OPS,YES,OT|EXFILTRATION|PRIVILEGE,2026-07-30T15:15:34Z,ACTIVE,QRadar-Archive,STAGING,2026-03-01
AST-002429,HEAL-CORPORATE-02430,CSE-HEALTH-05,Healthcare,APPLICATION,CORPORATE,HIGH,PACS,APPSEC,YES,OT|AUTH|ENDPOINT,2026-09-02T10:32:24Z,ACTIVE,Sentinel-Bridge,STAGING,2022-02-26
AST-002430,HEAL-OT-02431,CSE-HEALTH-05,Healthcare,HMI,OT,LOW,Clinical,APPSEC,YES,OT|ENDPOINT,2026-07-31T08:58:17Z,ACTIVE,Sentinel-Bridge,DR,2024-11-02
AST-002431,HEAL-OT-02432,CSE-HEALTH-05,Healthcare,HMI,OT,MEDIUM,Identity,APPSEC,YES,DATABASE|OT,2026-09-30T18:11:25Z,ACTIVE,Splunk-ES,DR,2025-07-29
AST-002432,HEAL-DMZ-02433,CSE-HEALTH-05,Healthcare,WORKSTATION,DMZ,HIGH,Identity,SOC,YES,DATABASE|OT|WEB,2026-09-02T10:13:16Z,ACTIVE,EDR-Collector,PRODUCTION,2021-04-21
AST-002433,HEAL-OT-02434,CSE-HEALTH-05,Healthcare,PLC,OT,CRITICAL,PACS,OT-OPS,YES,OT|DATABASE|ENDPOINT,2026-09-30T12:13:36Z,ACTIVE,EDR-Collector,PRODUCTION,2023-07-13
AST-002434,HEAL-OT-02435,CSE-HEALTH-05,Healthcare,NETWORK_DEVICE,OT,LOW,Billing,IT-OPS,YES,DATABASE|ENDPOINT,2026-09-28T13:29:23Z,ACTIVE,Splunk-ES,STAGING,2025-03-15
AST-002435,HEAL-CORPORATE-02436,CSE-HEALTH-05,Healthcare,DATABASE,CORPORATE,MEDIUM,Clinical,APPSEC,YES,ENDPOINT|DATABASE,2026-07-21T21:17:49Z,ACTIVE,Splunk-ES,DR,2026-01-30
AST-002436,HEAL-OT-02437,CSE-HEALTH-05,Healthcare,PLC,OT,HIGH,Billing,NETSEC,YES,OT|DATABASE|ENDPOINT,2026-08-20T19:29:12Z,ACTIVE,QRadar-Archive,STAGING,2024-07-30
AST-002437,HEAL-CORPORATE-02438,CSE-HEALTH-05,Healthcare,FIREWALL,CORPORATE,MEDIUM,Billing,NETSEC,YES,ENDPOINT|WEB,2026-07-20T16:48:23Z,ACTIVE,QRadar-Archive,STAGING,2020-10-04
AST-002438,HEAL-CORPORATE-02439,CSE-HEALTH-05,Healthcare,NETWORK_DEVICE,CORPORATE,MEDIUM,Identity,APPSEC,YES,NETWORK|EXFILTRATION,2026-07-16T06:38:23Z,ACTIVE,Splunk-ES,PRODUCTION,2020-04-10
AST-002439,HEAL-SCADA-02440,CSE-HEALTH-05,Healthcare,NETWORK_DEVICE,SCADA,HIGH,Clinical,APPSEC,YES,WEB|DATABASE|EXFILTRATION,2026-09-20T14:18:47Z,ACTIVE,Sentinel-Bridge,PRODUCTION,2022-06-19
AST-002440,HEAL-DMZ-02441,CSE-HEALTH-05,Healthcare,APPLICATION,DMZ,LOW,PACS,SOC,YES,PRIVILEGE|WEB,2026-07-05T03:56:43Z,ACTIVE,EDR-Collector,STAGING,2024-07-28
AST-002441,HEAL-DC-02442,CSE-HEALTH-05,Healthcare,FIREWALL,DC,HIGH,Identity,IT-OPS,YES,DATABASE|ENDPOINT|EXFILTRATION,2026-08-05T20:42:49Z,ACTIVE,EDR-Collector,STAGING,2022-01-25
AST-002442,HEAL-CORPORATE-02443,CSE-HEALTH-05,Healthcare,SERVER,CORPORATE,LOW,Identity,IT-OPS,YES,AUTH|PRIVILEGE,2026-07-12T19:12:56Z,DEGRADED,Sentinel-Bridge,STAGING,2024-12-03
AST-002443,HEAL-CORPORATE-02444,CSE-HEALTH-05,Healthcare,SERVER,CORPORATE,HIGH,Clinical,OT-OPS,YES,PRIVILEGE|OT|ENDPOINT,2026-08-29T17:40:11Z,ACTIVE,QRadar-Archive,PRODUCTION,2025-04-26
AST-002444,HEAL-CORPORATE-02445,CSE-HEALTH-05,Healthcare,SERVER,CORPORATE,MEDIUM,Identity,IT-OPS,YES,WEB|OT,2026-09-10T13:34:19Z,MISSING,EDR-Collector,STAGING,2024-07-17
AST-002445,HEAL-DMZ-02446,CSE-HEALTH-05,Healthcare,DATABASE,DMZ,HIGH,Clinical,NETSEC,YES,NETWORK|OT|DATABASE,2026-08-09T20:18:44Z,ACTIVE,Sentinel-Bridge,DR,2023-12-18
AST-002446,HEAL-CORPORATE-02447,CSE-HEALTH-05,Healthcare,SERVER,CORPORATE,MEDIUM,Clinical,IT-OPS,YES,EXFILTRATION|WEB,2026-07-27T07:08:15Z,ACTIVE,Splunk-ES,STAGING,2021-07-04
AST-002447,HEAL-CORPORATE-02448,CSE-HEALTH-05,Healthcare,APPLICATION,CORPORATE,MEDIUM,PACS,IT-OPS,YES,DATABASE|OT,2026-09-20T19:11:34Z,ACTIVE,Splunk-ES,DR,2022-11-03
AST-002448,HEAL-DMZ-02449,CSE-HEALTH-05,Healthcare,FIREWALL,DMZ,MEDIUM,PACS,APPSEC,YES,PRIVILEGE|DATABASE,2026-07-13T04:35:24Z,ACTIVE,QRadar-Archive,PRODUCTION,2022-09-13
AST-002449,HEAL-SCADA-02450,CSE-HEALTH-05,Healthcare,APPLICATION,SCADA,HIGH,PACS,APPSEC,YES,OT|PRIVILEGE|AUTH,2026-08-31T22:07:38Z,ACTIVE,QRadar-Archive,STAGING,2021-09-27
AST-002450,HEAL-DMZ-02451,CSE-HEALTH-05,Healthcare,DATABASE,DMZ,CRITICAL,PACS,APPSEC,YES,OT|PRIVILEGE|EXFILTRATION,2026-08-27T06:15:39Z,ACTIVE,QRadar-Archive,STAGING,2021-12-18
AST-002451,HEAL-DC-02452,CSE-HEALTH-05,Healthcare,NETWORK_DEVICE,DC,HIGH,Identity,IT-OPS,YES,OT|EXFILTRATION|PRIVILEGE,2026-08-06T17:51:43Z,DEGRADED,EDR-Collector,STAGING,2021-10-21
AST-002452,HEAL-DC-02453,CSE-HEALTH-05,Healthcare,FIREWALL,DC,HIGH,Billing,OT-OPS,YES,AUTH|NETWORK|EXFILTRATION,2026-08-18T10:37:38Z,ACTIVE,EDR-Collector,STAGING,2021-10-23
AST-002453,HEAL-DC-02454,CSE-HEALTH-05,Healthcare,SERVER,DC,LOW,Billing,SOC,YES,NETWORK|EXFILTRATION,2026-07-21T10:54:10Z,ACTIVE,EDR-Collector,DR,2019-12-14
AST-002454,HEAL-DMZ-02455,CSE-HEALTH-05,Healthcare,SERVER,DMZ,CRITICAL,Clinical,SOC,YES,OT|PRIVILEGE|EXFILTRATION,2026-09-27T23:54:55Z,MISSING,Splunk-ES,STAGING,2020-07-29
AST-002455,HEAL-CORPORATE-02456,CSE-HEALTH-05,Healthcare,FIREWALL,CORPORATE,LOW,Billing,NETSEC,YES,OT|EXFILTRATION,2026-09-09T11:57:10Z,ACTIVE,EDR-Collector,STAGING,2023-07-20
AST-002456,HEAL-DMZ-02457,CSE-HEALTH-05,Healthcare,DATABASE,DMZ,LOW,Identity,OT-OPS,YES,NETWORK|WEB,2026-09-09T08:08:32Z,ACTIVE,Splunk-ES,STAGING,2023-01-29
AST-002457,HEAL-DMZ-02458,CSE-HEALTH-05,Healthcare,WORKSTATION,DMZ,LOW,Identity,NETSEC,YES,OT|WEB,2026-07-03T00:03:49Z,ACTIVE,Splunk-ES,STAGING,2025-11-06
AST-002458,HEAL-OT-02459,CSE-HEALTH-05,Healthcare,DATABASE,OT,CRITICAL,PACS,SOC,YES,ENDPOINT|NETWORK|AUTH,2026-09-07T10:47:51Z,ACTIVE,EDR-Collector,STAGING,2019-12-25
AST-002459,HEAL-OT-02460,CSE-HEALTH-05,Healthcare,NETWORK_DEVICE,OT,HIGH,Identity,APPSEC,YES,DATABASE|PRIVILEGE|OT,2026-07-30T04:35:56Z,ACTIVE,EDR-Collector,STAGING,2024-01-16
AST-002460,HEAL-DMZ-02461,CSE-HEALTH-05,Healthcare,SERVER,DMZ,HIGH,Clinical,NETSEC,YES,AUTH|NETWORK|PRIVILEGE,2026-09-09T23:21:28Z,ACTIVE,Splunk-ES,STAGING,2020-06-12
AST-002461,HEAL-OT-02462,CSE-HEALTH-05,Healthcare,PLC,OT,HIGH,Clinical,OT-OPS,YES,OT|EXFILTRATION|PRIVILEGE,2026-09-17T22:20:29Z,ACTIVE,Sentinel-Bridge,DR,2020-11-04
AST-002462,HEAL-DMZ-02463,CSE-HEALTH-05,Healthcare,NETWORK_DEVICE,DMZ,HIGH,Identity,APPSEC,YES,ENDPOINT|NETWORK|EXFILTRATION,2026-08-22T11:05:55Z,ACTIVE,EDR-Collector,PRODUCTION,2024-11-02
AST-002463,HEAL-DMZ-02464,CSE-HEALTH-05,Healthcare,NETWORK_DEVICE,DMZ,MEDIUM,PACS,NETSEC,YES,NETWORK|EXFILTRATION,2026-07-28T16:31:24Z,ACTIVE,QRadar-Archive,STAGING,2025-05-16
AST-002464,HEAL-CORPORATE-02465,CSE-HEALTH-05,Healthcare,WORKSTATION,CORPORATE,HIGH,Identity,IT-OPS,YES,NETWORK|EXFILTRATION|DATABASE,2026-08-02T21:35:29Z,ACTIVE,Splunk-ES,DR,2024-06-29
AST-002465,HEAL-OT-02466,CSE-HEALTH-05,Healthcare,FIREWALL,OT,HIGH,Billing,IT-OPS,YES,EXFILTRATION|AUTH|NETWORK,2026-07-26T04:13:21Z,DEGRADED,Sentinel-Bridge,PRODUCTION,2023-08-22
AST-002466,HEAL-DC-02467,CSE-HEALTH-05,Healthcare,NETWORK_DEVICE,DC,HIGH,Identity,OT-OPS,YES,NETWORK|DATABASE|AUTH,2026-09-06T20:13:12Z,ACTIVE,Sentinel-Bridge,DR,2020-02-23
AST-002467,HEAL-CORPORATE-02468,CSE-HEALTH-05,Healthcare,WORKSTATION,CORPORATE,CRITICAL,Identity,IT-OPS,YES,OT|ENDPOINT|AUTH,2026-09-07T23:59:59Z,ACTIVE,Sentinel-Bridge,PRODUCTION,2024-12-09
AST-002468,HEAL-SCADA-02469,CSE-HEALTH-05,Healthcare,APPLICATION,SCADA,CRITICAL,Identity,IT-OPS,YES,ENDPOINT|PRIVILEGE|WEB,2026-09-18T20:06:59Z,ACTIVE,Splunk-ES,STAGING,2023-06-22
AST-002469,HEAL-CORPORATE-02470,CSE-HEALTH-05,Healthcare,WORKSTATION,CORPORATE,MEDIUM,Identity,SOC,YES,NETWORK|AUTH,2026-08-09T03:50:52Z,ACTIVE,Sentinel-Bridge,PRODUCTION,2024-03-18
AST-002470,HEAL-DC-02471,CSE-HEALTH-05,Healthcare,APPLICATION,DC,HIGH,Clinical,APPSEC,YES,OT|DATABASE|EXFILTRATION,2026-08-14T23:02:06Z,ACTIVE,Sentinel-Bridge,PRODUCTION,2023-05-19
AST-002471,HEAL-DC-02472,CSE-HEALTH-05,Healthcare,SERVER,DC,MEDIUM,Identity,APPSEC,YES,NETWORK|OT,2026-07-20T21:24:47Z,ACTIVE,EDR-Collector,PRODUCTION,2023-10-02
AST-002472,HEAL-DC-02473,CSE-HEALTH-05,Healthcare,SERVER,DC,HIGH,Clinical,NETSEC,YES,NETWORK|PRIVILEGE|WEB,2026-07-07T16:11:47Z,ACTIVE,EDR-Collector,PRODUCTION,2026-03-25
AST-002473,HEAL-OT-02474,CSE-HEALTH-05,Healthcare,HMI,OT,MEDIUM,PACS,IT-OPS,YES,DATABASE|NETWORK,2026-08-01T07:47:11Z,ACTIVE,QRadar-Archive,DR,2026-03-22
AST-002474,HEAL-CORPORATE-02475,CSE-HEALTH-05,Healthcare,APPLICATION,CORPORATE,LOW,Billing,SOC,YES,ENDPOINT|OT,2026-09-26T01:23:16Z,ACTIVE,QRadar-Archive,PRODUCTION,2023-03-23
AST-002475,HEAL-OT-02476,CSE-HEALTH-05,Healthcare,HMI,OT,MEDIUM,Billing,APPSEC,YES,WEB|ENDPOINT,2026-07-15T21:46:39Z,ACTIVE,QRadar-Archive,DR,2024-02-26
AST-002476,HEAL-DMZ-02477,CSE-HEALTH-05,Healthcare,WORKSTATION,DMZ,LOW,Clinical,IT-OPS,YES,PRIVILEGE|AUTH,2026-07-10T14:21:26Z,ACTIVE,Sentinel-Bridge,STAGING,2023-05-22
AST-002477,HEAL-CORPORATE-02478,CSE-HEALTH-05,Healthcare,FIREWALL,CORPORATE,HIGH,Identity,APPSEC,YES,PRIVILEGE|NETWORK|WEB,2026-08-20T07:53:13Z,ACTIVE,Sentinel-Bridge,STAGING,2023-06-29
AST-002478,HEAL-DC-02479,CSE-HEALTH-05,Healthcare,SERVER,DC,HIGH,Clinical,IT-OPS,YES,EXFILTRATION|ENDPOINT|WEB,2026-08-27T07:04:29Z,ACTIVE,Sentinel-Bridge,PRODUCTION,2022-05-08
AST-002479,HEAL-OT-02480,CSE-HEALTH-05,Healthcare,HMI,OT,HIGH,Billing,NETSEC,YES,DATABASE|EXFILTRATION|ENDPOINT,2026-07-12T13:42:05Z,ACTIVE,QRadar-Archive,PRODUCTION,2020-06-08
AST-002480,HEAL-DC-02481,CSE-HEALTH-05,Healthcare,WORKSTATION,DC,HIGH,Billing,APPSEC,YES,WEB|AUTH|PRIVILEGE,2026-07-02T03:27:36Z,ACTIVE,Sentinel-Bridge,STAGING,2023-12-08
AST-002481,HEAL-CORPORATE-02482,CSE-HEALTH-05,Healthcare,WORKSTATION,CORPORATE,MEDIUM,PACS,APPSEC,YES,DATABASE|WEB,2026-07-21T07:14:36Z,ACTIVE,QRadar-Archive,STAGING,2025-04-29
AST-002482,HEAL-CORPORATE-02483,CSE-HEALTH-05,Healthcare,SERVER,CORPORATE,LOW,Clinical,SOC,YES,NETWORK|OT,2026-09-19T00:45:57Z,ACTIVE,EDR-Collector,STAGING,2021-06-13
AST-002483,HEAL-DMZ-02484,CSE-HEALTH-05,Healthcare,SERVER,DMZ,CRITICAL,PACS,SOC,YES,ENDPOINT|PRIVILEGE|NETWORK,2026-09-18T23:59:59Z,ACTIVE,Splunk-ES,STAGING,2020-04-19
AST-002484,HEAL-DMZ-02485,CSE-HEALTH-05,Healthcare,DATABASE,DMZ,CRITICAL,Billing,APPSEC,YES,DATABASE|ENDPOINT|PRIVILEGE,2026-07-28T01:34:52Z,DEGRADED,EDR-Collector,DR,2024-10-16
AST-002485,HEAL-DMZ-02486,CSE-HEALTH-05,Healthcare,DATABASE,DMZ,LOW,Billing,OT-OPS,YES,AUTH|NETWORK,2026-08-29T11:37:12Z,ACTIVE,QRadar-Archive,DR,2025-05-30
AST-002486,HEAL-DMZ-02487,CSE-HEALTH-05,Healthcare,WORKSTATION,DMZ,HIGH,Billing,IT-OPS,YES,AUTH|PRIVILEGE|EXFILTRATION,2026-08-22T22:17:44Z,ACTIVE,Splunk-ES,DR,2020-06-27
AST-002487,HEAL-OT-02488,CSE-HEALTH-05,Healthcare,PLC,OT,MEDIUM,Identity,APPSEC,YES,OT|WEB,2026-09-25T02:50:15Z,ACTIVE,Splunk-ES,DR,2022-02-07
AST-002488,HEAL-CORPORATE-02489,CSE-HEALTH-05,Healthcare,SERVER,CORPORATE,HIGH,Identity,IT-OPS,YES,AUTH|OT|PRIVILEGE,2026-09-09T05:17:07Z,ACTIVE,Sentinel-Bridge,DR,2024-07-23
AST-002489,HEAL-CORPORATE-02490,CSE-HEALTH-05,Healthcare,WORKSTATION,CORPORATE,MEDIUM,Identity,APPSEC,YES,EXFILTRATION|NETWORK,2026-08-28T22:55:26Z,ACTIVE,Splunk-ES,STAGING,2022-06-29
AST-002490,HEAL-CORPORATE-02491,CSE-HEALTH-05,Healthcare,DATABASE,CORPORATE,MEDIUM,Identity,OT-OPS,YES,DATABASE|WEB,2026-08-26T18:33:50Z,ACTIVE,Sentinel-Bridge,PRODUCTION,2022-02-21
AST-002491,HEAL-CORPORATE-02492,CSE-HEALTH-05,Healthcare,APPLICATION,CORPORATE,LOW,Identity,SOC,YES,DATABASE|AUTH,2026-07-06T05:31:39Z,DEGRADED,QRadar-Archive,PRODUCTION,2023-09-11
AST-002492,HEAL-DC-02493,CSE-HEALTH-05,Healthcare,APPLICATION,DC,HIGH,Identity,SOC,YES,OT|ENDPOINT|WEB,2026-09-15T02:51:05Z,ACTIVE,Sentinel-Bridge,DR,2023-04-10
AST-002493,HEAL-CORPORATE-02494,CSE-HEALTH-05,Healthcare,APPLICATION,CORPORATE,MEDIUM,PACS,APPSEC,YES,PRIVILEGE|OT,2026-09-30T00:36:41Z,ACTIVE,Sentinel-Bridge,PRODUCTION,2022-02-15
AST-002494,HEAL-CORPORATE-02495,CSE-HEALTH-05,Healthcare,WORKSTATION,CORPORATE,HIGH,PACS,SOC,YES,PRIVILEGE|EXFILTRATION|AUTH,2026-09-30T06:44:21Z,ACTIVE,QRadar-Archive,DR,2021-09-01
AST-002495,HEAL-DMZ-02496,CSE-HEALTH-05,Healthcare,DATABASE,DMZ,HIGH,Billing,IT-OPS,YES,NETWORK|WEB|AUTH,2026-08-18T15:14:27Z,ACTIVE,Sentinel-Bridge,DR,2022-08-03
AST-002496,HEAL-CORPORATE-02497,CSE-HEALTH-05,Healthcare,FIREWALL,CORPORATE,MEDIUM,Billing,APPSEC,YES,DATABASE|OT,2026-09-26T23:15:54Z,ACTIVE,Splunk-ES,PRODUCTION,2021-09-20
AST-002497,HEAL-OT-02498,CSE-HEALTH-05,Healthcare,SERVER,OT,MEDIUM,Clinical,SOC,YES,OT|DATABASE,2026-08-11T08:41:20Z,ACTIVE,Sentinel-Bridge,PRODUCTION,2021-01-19
AST-002498,HEAL-CORPORATE-02499,CSE-HEALTH-05,Healthcare,DATABASE,CORPORATE,LOW,PACS,OT-OPS,YES,AUTH|ENDPOINT,2026-08-16T05:57:34Z,ACTIVE,EDR-Collector,PRODUCTION,2023-11-24
AST-002499,HEAL-CORPORATE-02500,CSE-HEALTH-05,Healthcare,SERVER,CORPORATE,CRITICAL,Clinical,NETSEC,YES,ENDPOINT|OT|DATABASE,2026-07-25T14:02:45Z,ACTIVE,Splunk-ES,PRODUCTION,2023-01-05
AST-002500,HEAL-DC-02501,CSE-HEALTH-05,Healthcare,FIREWALL,DC,HIGH,Clinical,SOC,YES,WEB|EXFILTRATION|DATABASE,2026-09-04T00:56:17Z,ACTIVE,EDR-Collector,PRODUCTION,2026-03-14
AST-002501,HEAL-OT-02502,CSE-HEALTH-05,Healthcare,DATABASE,OT,LOW,Clinical,OT-OPS,YES,WEB|PRIVILEGE,2026-07-09T12:34:36Z,ACTIVE,EDR-Collector,DR,2021-06-15
AST-002502,HEAL-DMZ-02503,CSE-HEALTH-05,Healthcare,DATABASE,DMZ,LOW,Billing,APPSEC,YES,NETWORK|EXFILTRATION,2026-08-03T13:18:20Z,ACTIVE,QRadar-Archive,STAGING,2026-03-23
AST-002503,HEAL-CORPORATE-02504,CSE-HEALTH-05,Healthcare,SERVER,CORPORATE,HIGH,Clinical,IT-OPS,YES,NETWORK|PRIVILEGE|DATABASE,2026-09-19T10:24:14Z,DEGRADED,Splunk-ES,PRODUCTION,2025-10-26
AST-002504,HEAL-OT-02505,CSE-HEALTH-05,Healthcare,FIREWALL,OT,LOW,Billing,APPSEC,YES,DATABASE|ENDPOINT,2026-07-20T00:33:45Z,ACTIVE,QRadar-Archive,STAGING,2022-09-09
AST-002505,HEAL-DC-02506,CSE-HEALTH-05,Healthcare,NETWORK_DEVICE,DC,LOW,Clinical,OT-OPS,YES,AUTH|EXFILTRATION,2026-09-24T08:10:04Z,ACTIVE,Sentinel-Bridge,PRODUCTION,2025-05-28
AST-002506,HEAL-OT-02507,CSE-HEALTH-05,Healthcare,PLC,OT,LOW,Identity,IT-OPS,YES,AUTH|OT,2026-09-30T09:23:36Z,ACTIVE,Sentinel-Bridge,STAGING,2020-03-26
AST-002507,HEAL-DMZ-02508,CSE-HEALTH-05,Healthcare,SERVER,DMZ,MEDIUM,Billing,OT-OPS,YES,EXFILTRATION|PRIVILEGE,2026-07-04T02:24:03Z,ACTIVE,EDR-Collector,PRODUCTION,2026-03-12
AST-002508,HEAL-DC-02509,CSE-HEALTH-05,Healthcare,SERVER,DC,HIGH,PACS,SOC,YES,DATABASE|PRIVILEGE|EXFILTRATION,2026-08-13T04:02:16Z,ACTIVE,Sentinel-Bridge,STAGING,2021-06-22
AST-002509,HEAL-SCADA-02510,CSE-HEALTH-05,Healthcare,FIREWALL,SCADA,MEDIUM,Billing,APPSEC,YES,NETWORK|DATABASE,2026-09-29T19:14:38Z,ACTIVE,Splunk-ES,PRODUCTION,2023-07-25
AST-002510,HEAL-CORPORATE-02511,CSE-HEALTH-05,Healthcare,DATABASE,CORPORATE,HIGH,PACS,OT-OPS,YES,AUTH|ENDPOINT|WEB,2026-08-09T07:55:29Z,ACTIVE,EDR-Collector,STAGING,2021-02-11
AST-002511,HEAL-CORPORATE-02512,CSE-HEALTH-05,Healthcare,WORKSTATION,CORPORATE,HIGH,Billing,NETSEC,YES,ENDPOINT|OT|NETWORK,2026-09-22T06:44:11Z,ACTIVE,Sentinel-Bridge,DR,2025-05-15
AST-002512,HEAL-DC-02513,CSE-HEALTH-05,Healthcare,DATABASE,DC,LOW,Identity,IT-OPS,YES,EXFILTRATION|AUTH,2026-09-03T13:48:17Z,ACTIVE,QRadar-Archive,PRODUCTION,2022-07-29
AST-002513,HEAL-SCADA-02514,CSE-HEALTH-05,Healthcare,APPLICATION,SCADA,LOW,PACS,IT-OPS,YES,NETWORK|PRIVILEGE,2026-08-24T07:23:00Z,ACTIVE,Splunk-ES,PRODUCTION,2020-05-10
AST-002514,HEAL-SCADA-02515,CSE-HEALTH-05,Healthcare,APPLICATION,SCADA,MEDIUM,Identity,SOC,YES,OT|ENDPOINT,2026-09-30T22:14:32Z,MISSING,Sentinel-Bridge,DR,2020-04-07
AST-002515,HEAL-CORPORATE-02516,CSE-HEALTH-05,Healthcare,SERVER,CORPORATE,MEDIUM,PACS,NETSEC,YES,DATABASE|AUTH,2026-07-12T02:28:43Z,ACTIVE,Sentinel-Bridge,STAGING,2022-06-05
AST-002516,HEAL-CORPORATE-02517,CSE-HEALTH-05,Healthcare,DATABASE,CORPORATE,LOW,Identity,APPSEC,YES,AUTH|OT,2026-08-24T23:29:52Z,ACTIVE,EDR-Collector,PRODUCTION,2023-05-27
AST-002517,HEAL-DMZ-02518,CSE-HEALTH-05,Healthcare,WORKSTATION,DMZ,MEDIUM,Clinical,OT-OPS,YES,NETWORK|PRIVILEGE,2026-07-18T04:22:40Z,ACTIVE,QRadar-Archive,STAGING,2022-02-22
AST-002518,HEAL-CORPORATE-02519,CSE-HEALTH-05,Healthcare,WORKSTATION,CORPORATE,MEDIUM,Billing,NETSEC,YES,WEB|DATABASE,2026-07-01T08:50:38Z,ACTIVE,EDR-Collector,PRODUCTION,2021-06-24
AST-002519,HEAL-OT-02520,CSE-HEALTH-05,Healthcare,HMI,OT,HIGH,Clinical,APPSEC,YES,NETWORK|OT|PRIVILEGE,2026-07-19T03:28:55Z,ACTIVE,QRadar-Archive,PRODUCTION,2022-09-09
AST-002520,HEAL-SCADA-02521,CSE-HEALTH-05,Healthcare,FIREWALL,SCADA,HIGH,Billing,IT-OPS,YES,EXFILTRATION|AUTH|NETWORK,2026-09-12T20:55:37Z,ACTIVE,Splunk-ES,STAGING,2025-11-14
AST-002521,HEAL-CORPORATE-02522,CSE-HEALTH-05,Healthcare,SERVER,CORPORATE,HIGH,Identity,OT-OPS,YES,NETWORK|ENDPOINT|DATABASE,2026-08-20T04:57:06Z,ACTIVE,QRadar-Archive,PRODUCTION,2026-02-06
AST-002522,HEAL-DC-02523,CSE-HEALTH-05,Healthcare,DATABASE,DC,CRITICAL,Clinical,APPSEC,YES,AUTH|PRIVILEGE|OT,2026-08-21T05:40:17Z,MISSING,EDR-Collector,DR,2024-09-19
AST-002523,HEAL-CORPORATE-02524,CSE-HEALTH-05,Healthcare,WORKSTATION,CORPORATE,HIGH,PACS,OT-OPS,YES,NETWORK|ENDPOINT|WEB,2026-07-10T04:29:02Z,DEGRADED,Sentinel-Bridge,STAGING,2022-08-27
AST-002524,HEAL-DMZ-02525,CSE-HEALTH-05,Healthcare,NETWORK_DEVICE,DMZ,MEDIUM,PACS,OT-OPS,YES,WEB|ENDPOINT,2026-07-19T08:33:09Z,ACTIVE,QRadar-Archive,PRODUCTION,2022-12-10
AST-002525,HEAL-OT-02526,CSE-HEALTH-05,Healthcare,FIREWALL,OT,LOW,PACS,SOC,YES,AUTH|EXFILTRATION,2026-08-19T10:45:52Z,ACTIVE,EDR-Collector,DR,2020-06-30
AST-002526,HEAL-CORPORATE-02527,CSE-HEALTH-05,Healthcare,NETWORK_DEVICE,CORPORATE,CRITICAL,Identity,IT-OPS,YES,ENDPOINT|EXFILTRATION|AUTH,2026-08-04T02:58:41Z,ACTIVE,QRadar-Archive,DR,2023-10-05
AST-002527,HEAL-DMZ-02528,CSE-HEALTH-05,Healthcare,NETWORK_DEVICE,DMZ,CRITICAL,Billing,APPSEC,YES,WEB|NETWORK|AUTH,2026-09-04T10:58:15Z,ACTIVE,Splunk-ES,DR,2020-01-09
AST-002528,HEAL-DC-02529,CSE-HEALTH-05,Healthcare,DATABASE,DC,MEDIUM,Identity,APPSEC,YES,NETWORK|EXFILTRATION,2026-09-01T17:14:11Z,ACTIVE,QRadar-Archive,PRODUCTION,2020-01-07
AST-002529,HEAL-OT-02530,CSE-HEALTH-05,Healthcare,WORKSTATION,OT,HIGH,Clinical,NETSEC,YES,AUTH|OT|NETWORK,2026-08-08T02:49:54Z,ACTIVE,QRadar-Archive,PRODUCTION,2020-11-16
AST-002530,HEAL-DMZ-02531,CSE-HEALTH-05,Healthcare,SERVER,DMZ,LOW,Clinical,SOC,YES,ENDPOINT|OT,2026-07-31T06:41:27Z,ACTIVE,EDR-Collector,DR,2024-11-26
AST-002531,HEAL-DC-02532,CSE-HEALTH-05,Healthcare,NETWORK_DEVICE,DC,CRITICAL,Clinical,APPSEC,YES,ENDPOINT|NETWORK|AUTH,2026-08-26T20:36:04Z,ACTIVE,Sentinel-Bridge,PRODUCTION,2024-10-02
AST-002532,HEAL-SCADA-02533,CSE-HEALTH-05,Healthcare,WORKSTATION,SCADA,HIGH,Clinical,OT-OPS,YES,PRIVILEGE|WEB|DATABASE,2026-07-16T21:33:38Z,ACTIVE,Splunk-ES,DR,2020-12-09
AST-002533,HEAL-DMZ-02534,CSE-HEALTH-05,Healthcare,DATABASE,DMZ,LOW,Billing,SOC,YES,ENDPOINT|AUTH,2026-09-02T14:44:12Z,ACTIVE,Splunk-ES,PRODUCTION,2025-09-22
AST-002534,HEAL-DC-02535,CSE-HEALTH-05,Healthcare,FIREWALL,DC,HIGH,PACS,SOC,YES,EXFILTRATION|ENDPOINT|DATABASE,2026-09-18T03:49:30Z,ACTIVE,QRadar-Archive,PRODUCTION,2024-04-16
AST-002535,HEAL-DC-02536,CSE-HEALTH-05,Healthcare,WORKSTATION,DC,MEDIUM,Billing,OT-OPS,YES,AUTH|NETWORK,2026-08-24T18:14:46Z,ACTIVE,EDR-Collector,STAGING,2024-09-14
AST-002536,HEAL-DC-02537,CSE-HEALTH-05,Healthcare,APPLICATION,DC,MEDIUM,PACS,NETSEC,YES,NETWORK|ENDPOINT,2026-08-16T09:04:56Z,ACTIVE,Splunk-ES,DR,2021-06-29
AST-002537,HEAL-CORPORATE-02538,CSE-HEALTH-05,Healthcare,FIREWALL,CORPORATE,MEDIUM,PACS,IT-OPS,YES,DATABASE|OT,2026-09-07T03:39:41Z,ACTIVE,Sentinel-Bridge,STAGING,2021-07-30
AST-002538,HEAL-OT-02539,CSE-HEALTH-05,Healthcare,PLC,OT,MEDIUM,PACS,NETSEC,YES,NETWORK|WEB,2026-09-22T15:02:45Z,ACTIVE,EDR-Collector,STAGING,2020-11-27
AST-002539,HEAL-OT-02540,CSE-HEALTH-05,Healthcare,WORKSTATION,OT,MEDIUM,Clinical,APPSEC,YES,WEB|EXFILTRATION,2026-09-30T16:35:14Z,ACTIVE,Splunk-ES,STAGING,2024-12-23
AST-002540,HEAL-OT-02541,CSE-HEALTH-05,Healthcare,SERVER,OT,HIGH,Billing,APPSEC,YES,PRIVILEGE|EXFILTRATION|ENDPOINT,2026-09-28T20:27:14Z,ACTIVE,EDR-Collector,STAGING,2020-11-27
AST-002541,HEAL-CORPORATE-02542,CSE-HEALTH-05,Healthcare,DATABASE,CORPORATE,MEDIUM,Billing,APPSEC,YES,NETWORK|EXFILTRATION,2026-08-24T02:42:04Z,ACTIVE,QRadar-Archive,DR,2025-04-23
AST-002542,HEAL-CORPORATE-02543,CSE-HEALTH-05,Healthcare,SERVER,CORPORATE,MEDIUM,Identity,SOC,YES,WEB|DATABASE,2026-07-08T19:34:07Z,ACTIVE,EDR-Collector,DR,2025-07-27
AST-002543,HEAL-OT-02544,CSE-HEALTH-05,Healthcare,HMI,OT,LOW,Clinical,NETSEC,YES,DATABASE|WEB,2026-09-12T17:21:59Z,DEGRADED,Sentinel-Bridge,STAGING,2019-12-16
AST-002544,HEAL-CORPORATE-02545,CSE-HEALTH-05,Healthcare,NETWORK_DEVICE,CORPORATE,HIGH,PACS,NETSEC,YES,NETWORK|PRIVILEGE|WEB,2026-07-08T18:22:38Z,ACTIVE,EDR-Collector,DR,2023-10-31
AST-002545,HEAL-OT-02546,CSE-HEALTH-05,Healthcare,SERVER,OT,MEDIUM,Billing,APPSEC,YES,DATABASE|ENDPOINT,2026-07-26T12:02:45Z,ACTIVE,Splunk-ES,STAGING,2024-05-17
AST-002546,HEAL-CORPORATE-02547,CSE-HEALTH-05,Healthcare,APPLICATION,CORPORATE,CRITICAL,PACS,OT-OPS,YES,OT|DATABASE|EXFILTRATION,2026-08-01T12:34:47Z,ACTIVE,Sentinel-Bridge,STAGING,2026-02-22
AST-002547,HEAL-DMZ-02548,CSE-HEALTH-05,Healthcare,DATABASE,DMZ,HIGH,Identity,OT-OPS,YES,ENDPOINT|EXFILTRATION|PRIVILEGE,2026-09-04T22:39:17Z,ACTIVE,Splunk-ES,DR,2021-11-11
AST-002548,HEAL-CORPORATE-02549,CSE-HEALTH-05,Healthcare,APPLICATION,CORPORATE,LOW,PACS,NETSEC,YES,DATABASE|EXFILTRATION,2026-09-16T13:27:31Z,DEGRADED,EDR-Collector,PRODUCTION,2020-12-31
AST-002549,HEAL-DMZ-02550,CSE-HEALTH-05,Healthcare,NETWORK_DEVICE,DMZ,LOW,PACS,IT-OPS,YES,DATABASE|AUTH,2026-09-01T15:06:45Z,ACTIVE,EDR-Collector,STAGING,2023-08-27
AST-002550,HEAL-CORPORATE-02551,CSE-HEALTH-05,Healthcare,WORKSTATION,CORPORATE,LOW,PACS,APPSEC,YES,NETWORK|ENDPOINT,2026-08-05T11:09:54Z,ACTIVE,Sentinel-Bridge,STAGING,2023-11-17
AST-002551,HEAL-DC-02552,CSE-HEALTH-05,Healthcare,SERVER,DC,HIGH,PACS,APPSEC,YES,EXFILTRATION|NETWORK|PRIVILEGE,2026-08-29T15:45:06Z,DEGRADED,EDR-Collector,PRODUCTION,2026-02-13
AST-002552,HEAL-DC-02553,CSE-HEALTH-05,Healthcare,WORKSTATION,DC,HIGH,Billing,OT-OPS,YES,ENDPOINT|WEB|AUTH,2026-07-03T07:48:40Z,ACTIVE,EDR-Collector,DR,2024-03-14
AST-002553,HEAL-CORPORATE-02554,CSE-HEALTH-05,Healthcare,DATABASE,CORPORATE,MEDIUM,Clinical,NETSEC,YES,AUTH|WEB,2026-09-21T00:41:41Z,ACTIVE,QRadar-Archive,PRODUCTION,2023-10-27
AST-002554,HEAL-CORPORATE-02555,CSE-HEALTH-05,Healthcare,DATABASE,CORPORATE,HIGH,PACS,OT-OPS,YES,DATABASE|OT|EXFILTRATION,2026-07-03T04:12:37Z,DEGRADED,QRadar-Archive,PRODUCTION,2025-12-21
AST-002555,HEAL-DC-02556,CSE-HEALTH-05,Healthcare,SERVER,DC,MEDIUM,Identity,IT-OPS,YES,ENDPOINT|WEB,2026-08-05T09:12:03Z,DEGRADED,Splunk-ES,DR,2022-04-30
AST-002556,HEAL-CORPORATE-02557,CSE-HEALTH-05,Healthcare,WORKSTATION,CORPORATE,HIGH,Identity,NETSEC,YES,DATABASE|AUTH|WEB,2026-09-24T11:03:33Z,ACTIVE,Sentinel-Bridge,DR,2020-10-14
AST-002557,HEAL-CORPORATE-02558,CSE-HEALTH-05,Healthcare,SERVER,CORPORATE,LOW,Billing,APPSEC,YES,OT|ENDPOINT,2026-09-19T14:06:05Z,ACTIVE,EDR-Collector,DR,2021-04-28
AST-002558,HEAL-CORPORATE-02559,CSE-HEALTH-05,Healthcare,WORKSTATION,CORPORATE,MEDIUM,Billing,NETSEC,YES,OT|PRIVILEGE,2026-08-10T03:52:49Z,DEGRADED,EDR-Collector,DR,2020-05-16
AST-002559,HEAL-OT-02560,CSE-HEALTH-05,Healthcare,SERVER,OT,LOW,Clinical,NETSEC,YES,DATABASE|AUTH,2026-09-27T14:00:57Z,ACTIVE,QRadar-Archive,DR,2020-04-13
AST-002560,HEAL-OT-02561,CSE-HEALTH-05,Healthcare,FIREWALL,OT,MEDIUM,PACS,NETSEC,YES,WEB|AUTH,2026-07-23T22:48:22Z,ACTIVE,Sentinel-Bridge,STAGING,2024-06-10
AST-002561,HEAL-DMZ-02562,CSE-HEALTH-05,Healthcare,DATABASE,DMZ,CRITICAL,Billing,APPSEC,YES,EXFILTRATION|DATABASE|OT,2026-09-12T15:57:38Z,ACTIVE,EDR-Collector,STAGING,2026-02-28
AST-002562,HEAL-DMZ-02563,CSE-HEALTH-05,Healthcare,WORKSTATION,DMZ,LOW,PACS,NETSEC,YES,ENDPOINT|NETWORK,2026-07-17T03:29:31Z,ACTIVE,Sentinel-Bridge,STAGING,2019-12-28
AST-002563,HEAL-CORPORATE-02564,CSE-HEALTH-05,Healthcare,FIREWALL,CORPORATE,CRITICAL,Billing,OT-OPS,YES,OT|WEB|NETWORK,2026-09-27T10:21:00Z,ACTIVE,Splunk-ES,STAGING,2020-12-15
AST-002564,HEAL-DC-02565,CSE-HEALTH-05,Healthcare,FIREWALL,DC,LOW,Identity,OT-OPS,YES,DATABASE|NETWORK,2026-07-21T07:15:35Z,ACTIVE,QRadar-Archive,DR,2025-04-17
AST-002565,HEAL-CORPORATE-02566,CSE-HEALTH-05,Healthcare,APPLICATION,CORPORATE,MEDIUM,PACS,APPSEC,YES,DATABASE|WEB,2026-09-12T21:02:00Z,ACTIVE,Sentinel-Bridge,STAGING,2024-03-14
AST-002566,HEAL-SCADA-02567,CSE-HEALTH-05,Healthcare,FIREWALL,SCADA,HIGH,Identity,APPSEC,YES,PRIVILEGE|EXFILTRATION|WEB,2026-08-02T10:51:36Z,ACTIVE,Sentinel-Bridge,DR,2023-02-04
AST-002567,HEAL-CORPORATE-02568,CSE-HEALTH-05,Healthcare,WORKSTATION,CORPORATE,MEDIUM,Clinical,APPSEC,YES,OT|WEB,2026-08-27T12:11:41Z,ACTIVE,Sentinel-Bridge,STAGING,2023-10-14
AST-002568,HEAL-OT-02569,CSE-HEALTH-05,Healthcare,HMI,OT,MEDIUM,Identity,OT-OPS,YES,ENDPOINT|EXFILTRATION,2026-08-13T11:09:06Z,ACTIVE,Splunk-ES,PRODUCTION,2022-07-27
AST-002569,HEAL-OT-02570,CSE-HEALTH-05,Healthcare,HMI,OT,HIGH,Clinical,IT-OPS,YES,ENDPOINT|AUTH|PRIVILEGE,2026-08-20T05:51:04Z,ACTIVE,Sentinel-Bridge,DR,2025-01-05
AST-002570,HEAL-CORPORATE-02571,CSE-HEALTH-05,Healthcare,SERVER,CORPORATE,MEDIUM,Identity,SOC,YES,WEB|AUTH,2026-09-08T07:14:20Z,ACTIVE,QRadar-Archive,PRODUCTION,2022-01-16
AST-002571,HEAL-CORPORATE-02572,CSE-HEALTH-05,Healthcare,SERVER,CORPORATE,CRITICAL,PACS,OT-OPS,YES,ENDPOINT|EXFILTRATION|PRIVILEGE,2026-07-26T14:56:09Z,ACTIVE,Splunk-ES,STAGING,2022-07-27
AST-002572,HEAL-CORPORATE-02573,CSE-HEALTH-05,Healthcare,WORKSTATION,CORPORATE,LOW,PACS,OT-OPS,YES,EXFILTRATION|AUTH,2026-08-16T05:48:31Z,ACTIVE,Splunk-ES,DR,2025-01-18
AST-002573,HEAL-DC-02574,CSE-HEALTH-05,Healthcare,NETWORK_DEVICE,DC,CRITICAL,PACS,NETSEC,YES,ENDPOINT|DATABASE|NETWORK,2026-09-17T23:28:21Z,ACTIVE,Splunk-ES,PRODUCTION,2021-08-16
AST-002574,HEAL-CORPORATE-02575,CSE-HEALTH-05,Healthcare,WORKSTATION,CORPORATE,MEDIUM,PACS,SOC,YES,AUTH|DATABASE,2026-07-17T08:39:58Z,DEGRADED,EDR-Collector,DR,2020-07-10
AST-002575,HEAL-CORPORATE-02576,CSE-HEALTH-05,Healthcare,APPLICATION,CORPORATE,MEDIUM,Identity,APPSEC,YES,OT|ENDPOINT,2026-07-18T20:36:27Z,ACTIVE,QRadar-Archive,STAGING,2020-12-11
AST-002576,HEAL-DMZ-02577,CSE-HEALTH-05,Healthcare,FIREWALL,DMZ,MEDIUM,PACS,APPSEC,YES,WEB|ENDPOINT,2026-07-18T23:48:52Z,ACTIVE,EDR-Collector,DR,2022-07-13
AST-002577,HEAL-CORPORATE-02578,CSE-HEALTH-05,Healthcare,WORKSTATION,CORPORATE,HIGH,Billing,APPSEC,YES,AUTH|DATABASE|EXFILTRATION,2026-09-15T21:07:16Z,ACTIVE,Sentinel-Bridge,PRODUCTION,2021-04-23
AST-002578,HEAL-DC-02579,CSE-HEALTH-05,Healthcare,SERVER,DC,HIGH,PACS,IT-OPS,YES,OT|ENDPOINT|NETWORK,2026-09-05T20:53:34Z,ACTIVE,QRadar-Archive,DR,2023-01-21
AST-002579,HEAL-OT-02580,CSE-HEALTH-05,Healthcare,SERVER,OT,HIGH,Billing,IT-OPS,YES,WEB|DATABASE|ENDPOINT,2026-08-23T13:22:49Z,DEGRADED,Sentinel-Bridge,DR,2024-12-13
AST-002580,HEAL-CORPORATE-02581,CSE-HEALTH-05,Healthcare,DATABASE,CORPORATE,LOW,Identity,APPSEC,YES,NETWORK|OT,2026-08-31T18:54:08Z,ACTIVE,EDR-Collector,STAGING,2025-04-07
AST-002581,HEAL-DC-02582,CSE-HEALTH-05,Healthcare,APPLICATION,DC,LOW,PACS,APPSEC,YES,AUTH|WEB,2026-08-26T21:22:18Z,ACTIVE,EDR-Collector,DR,2024-01-09
AST-002582,HEAL-DMZ-02583,CSE-HEALTH-05,Healthcare,SERVER,DMZ,HIGH,Identity,APPSEC,YES,ENDPOINT|OT|DATABASE,2026-09-24T17:57:23Z,ACTIVE,QRadar-Archive,PRODUCTION,2023-04-03
AST-002583,HEAL-CORPORATE-02584,CSE-HEALTH-05,Healthcare,SERVER,CORPORATE,MEDIUM,Clinical,APPSEC,YES,DATABASE|ENDPOINT,2026-07-20T23:06:06Z,ACTIVE,Splunk-ES,DR,2025-07-23
AST-002584,HEAL-DMZ-02585,CSE-HEALTH-05,Healthcare,FIREWALL,DMZ,HIGH,Identity,APPSEC,YES,AUTH|ENDPOINT|PRIVILEGE,2026-09-07T14:28:46Z,ACTIVE,Splunk-ES,DR,2021-06-19
AST-002585,HEAL-CORPORATE-02586,CSE-HEALTH-05,Healthcare,APPLICATION,CORPORATE,MEDIUM,Identity,OT-OPS,YES,EXFILTRATION|OT,2026-08-26T00:23:56Z,ACTIVE,Sentinel-Bridge,DR,2024-02-22
AST-002586,HEAL-DC-02587,CSE-HEALTH-05,Healthcare,FIREWALL,DC,MEDIUM,Identity,OT-OPS,YES,AUTH|PRIVILEGE,2026-07-12T08:18:34Z,ACTIVE,QRadar-Archive,STAGING,2021-05-14
AST-002587,HEAL-DMZ-02588,CSE-HEALTH-05,Healthcare,APPLICATION,DMZ,MEDIUM,PACS,SOC,YES,DATABASE|PRIVILEGE,2026-08-10T23:44:45Z,ACTIVE,Splunk-ES,STAGING,2022-07-24
AST-002588,HEAL-CORPORATE-02589,CSE-HEALTH-05,Healthcare,APPLICATION,CORPORATE,MEDIUM,Identity,SOC,YES,NETWORK|AUTH,2026-09-29T22:54:42Z,ACTIVE,Splunk-ES,PRODUCTION,2020-05-31
AST-002589,HEAL-CORPORATE-02590,CSE-HEALTH-05,Healthcare,FIREWALL,CORPORATE,HIGH,Identity,OT-OPS,YES,WEB|PRIVILEGE|EXFILTRATION,2026-07-15T22:56:49Z,ACTIVE,EDR-Collector,PRODUCTION,2020-08-30
AST-002590,HEAL-CORPORATE-02591,CSE-HEALTH-05,Healthcare,NETWORK_DEVICE,CORPORATE,HIGH,Billing,SOC,YES,PRIVILEGE|NETWORK|AUTH,2026-09-06T10:54:13Z,DEGRADED,Splunk-ES,DR,2021-11-28
AST-002591,HEAL-DC-02592,CSE-HEALTH-05,Healthcare,SERVER,DC,CRITICAL,Identity,SOC,YES,PRIVILEGE|WEB|OT,2026-08-21T10:01:33Z,DEGRADED,Sentinel-Bridge,PRODUCTION,2021-04-27
AST-002592,HEAL-DC-02593,CSE-HEALTH-05,Healthcare,DATABASE,DC,MEDIUM,Billing,OT-OPS,YES,WEB|PRIVILEGE,2026-09-30T05:58:58Z,ACTIVE,Splunk-ES,PRODUCTION,2026-03-29
AST-002593,HEAL-CORPORATE-02594,CSE-HEALTH-05,Healthcare,WORKSTATION,CORPORATE,CRITICAL,Clinical,NETSEC,YES,EXFILTRATION|ENDPOINT|AUTH,2026-09-23T09:41:53Z,ACTIVE,QRadar-Archive,STAGING,2025-04-22
AST-002594,HEAL-DMZ-02595,CSE-HEALTH-05,Healthcare,DATABASE,DMZ,LOW,Billing,NETSEC,YES,NETWORK|OT,2026-07-05T00:11:00Z,ACTIVE,Splunk-ES,DR,2022-11-28
AST-002595,HEAL-OT-02596,CSE-HEALTH-05,Healthcare,PLC,OT,CRITICAL,Clinical,IT-OPS,YES,OT|DATABASE|AUTH,2026-08-30T11:06:58Z,ACTIVE,Splunk-ES,STAGING,2020-07-02
AST-002596,HEAL-OT-02597,CSE-HEALTH-05,Healthcare,PLC,OT,MEDIUM,Identity,OT-OPS,YES,PRIVILEGE|DATABASE,2026-07-27T20:36:56Z,ACTIVE,EDR-Collector,PRODUCTION,2020-03-03
AST-002597,HEAL-CORPORATE-02598,CSE-HEALTH-05,Healthcare,SERVER,CORPORATE,LOW,Identity,NETSEC,YES,DATABASE|WEB,2026-07-27T23:50:21Z,ACTIVE,Sentinel-Bridge,DR,2022-09-30
AST-002598,HEAL-CORPORATE-02599,CSE-HEALTH-05,Healthcare,WORKSTATION,CORPORATE,HIGH,PACS,SOC,YES,EXFILTRATION|OT|ENDPOINT,2026-07-01T13:20:27Z,DEGRADED,QRadar-Archive,STAGING,2026-03-20
AST-002599,HEAL-CORPORATE-02600,CSE-HEALTH-05,Healthcare,SERVER,CORPORATE,MEDIUM,PACS,NETSEC,YES,ENDPOINT|PRIVILEGE,2026-09-21T14:59:49Z,ACTIVE,EDR-Collector,DR,2022-08-03
AST-002600,HEAL-CORPORATE-02601,CSE-HEALTH-05,Healthcare,WORKSTATION,CORPORATE,MEDIUM,Clinical,NETSEC,YES,AUTH|DATABASE,2026-09-21T08:52:18Z,ACTIVE,Sentinel-Bridge,DR,2025-09-02
AST-002601,HEAL-DC-02602,CSE-HEALTH-05,Healthcare,WORKSTATION,DC,MEDIUM,Identity,APPSEC,YES,EXFILTRATION|ENDPOINT,2026-08-04T08:57:04Z,ACTIVE,QRadar-Archive,DR,2023-07-05
AST-002602,HEAL-OT-02603,CSE-HEALTH-05,Healthcare,DATABASE,OT,MEDIUM,Identity,IT-OPS,YES,NETWORK|DATABASE,2026-09-25T21:08:02Z,ACTIVE,EDR-Collector,PRODUCTION,2025-03-09
AST-002603,HEAL-CORPORATE-02604,CSE-HEALTH-05,Healthcare,SERVER,CORPORATE,MEDIUM,Billing,SOC,YES,DATABASE|WEB,2026-08-02T21:41:31Z,ACTIVE,Sentinel-Bridge,DR,2022-12-06
AST-002604,HEAL-SCADA-02605,CSE-HEALTH-05,Healthcare,WORKSTATION,SCADA,LOW,Clinical,IT-OPS,YES,NETWORK|OT,2026-08-10T01:29:48Z,ACTIVE,Splunk-ES,PRODUCTION,2020-09-17
AST-002605,HEAL-CORPORATE-02606,CSE-HEALTH-05,Healthcare,NETWORK_DEVICE,CORPORATE,CRITICAL,PACS,SOC,YES,PRIVILEGE|AUTH|WEB,2026-09-04T04:54:25Z,ACTIVE,QRadar-Archive,STAGING,2023-10-29
AST-002606,HEAL-CORPORATE-02607,CSE-HEALTH-05,Healthcare,SERVER,CORPORATE,HIGH,Identity,NETSEC,YES,DATABASE|EXFILTRATION|WEB,2026-08-02T03:49:13Z,ACTIVE,Sentinel-Bridge,STAGING,2024-02-20
AST-002607,HEAL-OT-02608,CSE-HEALTH-05,Healthcare,NETWORK_DEVICE,OT,MEDIUM,PACS,IT-OPS,YES,ENDPOINT|NETWORK,2026-07-01T00:52:37Z,ACTIVE,QRadar-Archive,STAGING,2021-11-13
AST-002608,HEAL-SCADA-02609,CSE-HEALTH-05,Healthcare,NETWORK_DEVICE,SCADA,LOW,Identity,APPSEC,YES,ENDPOINT|OT,2026-07-12T10:39:34Z,ACTIVE,QRadar-Archive,STAGING,2020-10-27
AST-002609,HEAL-CORPORATE-02610,CSE-HEALTH-05,Healthcare,APPLICATION,CORPORATE,LOW,Clinical,APPSEC,YES,PRIVILEGE|DATABASE,2026-07-20T06:07:49Z,ACTIVE,Sentinel-Bridge,STAGING,2022-11-07
AST-002610,HEAL-CORPORATE-02611,CSE-HEALTH-05,Healthcare,DATABASE,CORPORATE,LOW,Clinical,IT-OPS,YES,AUTH|OT,2026-09-05T17:47:52Z,ACTIVE,QRadar-Archive,DR,2024-08-11
AST-002611,HEAL-OT-02612,CSE-HEALTH-05,Healthcare,SERVER,OT,HIGH,PACS,NETSEC,YES,OT|AUTH|NETWORK,2026-09-22T14:48:11Z,ACTIVE,Sentinel-Bridge,STAGING,2021-04-17
AST-002612,HEAL-CORPORATE-02613,CSE-HEALTH-05,Healthcare,FIREWALL,CORPORATE,MEDIUM,Billing,APPSEC,YES,NETWORK|DATABASE,2026-09-23T16:33:09Z,ACTIVE,EDR-Collector,PRODUCTION,2019-12-14
AST-002613,HEAL-DC-02614,CSE-HEALTH-05,Healthcare,WORKSTATION,DC,MEDIUM,Identity,SOC,YES,NETWORK|EXFILTRATION,2026-09-06T04:12:03Z,DEGRADED,QRadar-Archive,STAGING,2024-12-29
AST-002614,HEAL-SCADA-02615,CSE-HEALTH-05,Healthcare,SERVER,SCADA,HIGH,PACS,NETSEC,YES,WEB|PRIVILEGE|ENDPOINT,2026-09-25T05:06:40Z,ACTIVE,Sentinel-Bridge,STAGING,2025-02-03
AST-002615,HEAL-CORPORATE-02616,CSE-HEALTH-05,Healthcare,FIREWALL,CORPORATE,HIGH,Clinical,OT-OPS,YES,EXFILTRATION|OT|PRIVILEGE,2026-08-18T10:59:30Z,DEGRADED,EDR-Collector,DR,2020-07-24
AST-002616,HEAL-DC-02617,CSE-HEALTH-05,Healthcare,APPLICATION,DC,MEDIUM,Billing,IT-OPS,YES,DATABASE|ENDPOINT,2026-07-30T12:10:49Z,ACTIVE,Sentinel-Bridge,STAGING,2023-07-24
AST-002617,HEAL-CORPORATE-02618,CSE-HEALTH-05,Healthcare,APPLICATION,CORPORATE,MEDIUM,Identity,SOC,YES,WEB|ENDPOINT,2026-07-11T23:00:57Z,ACTIVE,Sentinel-Bridge,PRODUCTION,2021-02-16
AST-002618,HEAL-SCADA-02619,CSE-HEALTH-05,Healthcare,SERVER,SCADA,HIGH,Identity,NETSEC,YES,AUTH|NETWORK|EXFILTRATION,2026-08-09T04:29:53Z,ACTIVE,EDR-Collector,STAGING,2021-09-25
AST-002619,HEAL-CORPORATE-02620,CSE-HEALTH-05,Healthcare,NETWORK_DEVICE,CORPORATE,MEDIUM,Identity,SOC,YES,EXFILTRATION|NETWORK,2026-07-10T05:40:25Z,ACTIVE,Splunk-ES,DR,2025-04-03
AST-002620,HEAL-OT-02621,CSE-HEALTH-05,Healthcare,PLC,OT,MEDIUM,Billing,APPSEC,YES,PRIVILEGE|AUTH,2026-07-05T04:34:01Z,DEGRADED,QRadar-Archive,PRODUCTION,2022-08-15
AST-002621,HEAL-DMZ-02622,CSE-HEALTH-05,Healthcare,DATABASE,DMZ,LOW,Clinical,OT-OPS,YES,OT|DATABASE,2026-07-08T18:49:53Z,ACTIVE,EDR-Collector,PRODUCTION,2022-05-01
AST-002622,HEAL-CORPORATE-02623,CSE-HEALTH-05,Healthcare,WORKSTATION,CORPORATE,MEDIUM,PACS,IT-OPS,YES,AUTH|OT,2026-09-24T12:22:33Z,ACTIVE,Sentinel-Bridge,PRODUCTION,2022-12-05
AST-002623,HEAL-CORPORATE-02624,CSE-HEALTH-05,Healthcare,APPLICATION,CORPORATE,CRITICAL,PACS,OT-OPS,YES,WEB|NETWORK|ENDPOINT,2026-09-10T23:59:59Z,DEGRADED,Sentinel-Bridge,PRODUCTION,2020-08-29
AST-002624,HEAL-DMZ-02625,CSE-HEALTH-05,Healthcare,APPLICATION,DMZ,MEDIUM,Billing,IT-OPS,YES,PRIVILEGE|OT,2026-08-15T08:51:31Z,ACTIVE,Sentinel-Bridge,DR,2025-09-23
AST-002625,HEAL-OT-02626,CSE-HEALTH-05,Healthcare,WORKSTATION,OT,MEDIUM,Clinical,IT-OPS,YES,ENDPOINT|DATABASE,2026-08-20T11:04:01Z,ACTIVE,QRadar-Archive,DR,2021-01-13
AST-002626,HEAL-CORPORATE-02627,CSE-HEALTH-05,Healthcare,SERVER,CORPORATE,MEDIUM,Identity,NETSEC,YES,PRIVILEGE|AUTH,2026-08-07T18:02:54Z,ACTIVE,EDR-Collector,DR,2019-12-22
AST-002627,HEAL-CORPORATE-02628,CSE-HEALTH-05,Healthcare,NETWORK_DEVICE,CORPORATE,HIGH,Clinical,SOC,YES,DATABASE|OT|ENDPOINT,2026-08-17T02:28:37Z,ACTIVE,QRadar-Archive,STAGING,2022-06-28
AST-002628,HEAL-CORPORATE-02629,CSE-HEALTH-05,Healthcare,WORKSTATION,CORPORATE,CRITICAL,Identity,NETSEC,YES,AUTH|NETWORK|OT,2026-08-29T04:23:50Z,DEGRADED,QRadar-Archive,STAGING,2023-03-06
AST-002629,HEAL-CORPORATE-02630,CSE-HEALTH-05,Healthcare,SERVER,CORPORATE,MEDIUM,Billing,SOC,YES,WEB|AUTH,2026-07-14T05:17:03Z,ACTIVE,EDR-Collector,PRODUCTION,2022-02-15
AST-002630,HEAL-CORPORATE-02631,CSE-HEALTH-05,Healthcare,WORKSTATION,CORPORATE,CRITICAL,Identity,APPSEC,YES,PRIVILEGE|DATABASE|EXFILTRATION,2026-07-27T14:02:22Z,ACTIVE,QRadar-Archive,PRODUCTION,2021-10-28
AST-002631,HEAL-DMZ-02632,CSE-HEALTH-05,Healthcare,FIREWALL,DMZ,MEDIUM,Identity,SOC,YES,OT|NETWORK,2026-07-01T10:56:54Z,ACTIVE,QRadar-Archive,STAGING,2024-04-20
AST-002632,HEAL-DC-02633,CSE-HEALTH-05,Healthcare,WORKSTATION,DC,HIGH,Identity,NETSEC,YES,NETWORK|WEB|ENDPOINT,2026-08-17T02:41:58Z,ACTIVE,Sentinel-Bridge,STAGING,2024-12-11
AST-002633,HEAL-CORPORATE-02634,CSE-HEALTH-05,Healthcare,SERVER,CORPORATE,MEDIUM,Clinical,IT-OPS,YES,PRIVILEGE|EXFILTRATION,2026-07-18T07:49:02Z,ACTIVE,Splunk-ES,STAGING,2020-07-28
AST-002634,HEAL-CORPORATE-02635,CSE-HEALTH-05,Healthcare,NETWORK_DEVICE,CORPORATE,HIGH,Identity,IT-OPS,YES,EXFILTRATION|NETWORK|WEB,2026-08-02T03:24:10Z,ACTIVE,Sentinel-Bridge,DR,2023-05-11
AST-002635,HEAL-OT-02636,CSE-HEALTH-05,Healthcare,PLC,OT,LOW,Identity,NETSEC,YES,AUTH|ENDPOINT,2026-09-20T21:25:02Z,DEGRADED,QRadar-Archive,PRODUCTION,2021-11-03
AST-002636,HEAL-CORPORATE-02637,CSE-HEALTH-05,Healthcare,SERVER,CORPORATE,HIGH,Clinical,SOC,YES,EXFILTRATION|WEB|OT,2026-07-07T21:35:45Z,DEGRADED,QRadar-Archive,DR,2022-07-18
AST-002637,HEAL-DC-02638,CSE-HEALTH-05,Healthcare,FIREWALL,DC,CRITICAL,PACS,OT-OPS,YES,WEB|PRIVILEGE|ENDPOINT,2026-08-19T22:42:46Z,ACTIVE,Splunk-ES,DR,2025-01-30
AST-002638,HEAL-DMZ-02639,CSE-HEALTH-05,Healthcare,DATABASE,DMZ,LOW,Identity,APPSEC,YES,ENDPOINT|OT,2026-07-10T03:12:01Z,ACTIVE,Splunk-ES,PRODUCTION,2026-02-18
AST-002639,HEAL-DC-02640,CSE-HEALTH-05,Healthcare,APPLICATION,DC,LOW,Identity,IT-OPS,YES,AUTH|DATABASE,2026-08-04T21:49:18Z,ACTIVE,QRadar-Archive,DR,2023-12-22
AST-002640,HEAL-CORPORATE-02641,CSE-HEALTH-05,Healthcare,WORKSTATION,CORPORATE,LOW,Clinical,APPSEC,YES,ENDPOINT|WEB,2026-07-24T21:37:27Z,ACTIVE,QRadar-Archive,PRODUCTION,2024-07-05
AST-002641,HEAL-CORPORATE-02642,CSE-HEALTH-05,Healthcare,SERVER,CORPORATE,HIGH,Identity,NETSEC,YES,OT|EXFILTRATION|NETWORK,2026-09-13T13:01:09Z,ACTIVE,Splunk-ES,DR,2023-04-12
AST-002642,HEAL-OT-02643,CSE-HEALTH-05,Healthcare,HMI,OT,HIGH,PACS,NETSEC,YES,EXFILTRATION|OT|AUTH,2026-08-07T21:15:32Z,ACTIVE,Sentinel-Bridge,PRODUCTION,2024-04-14
AST-002643,HEAL-CORPORATE-02644,CSE-HEALTH-05,Healthcare,APPLICATION,CORPORATE,MEDIUM,Clinical,SOC,YES,PRIVILEGE|ENDPOINT,2026-08-10T15:03:45Z,MISSING,Sentinel-Bridge,PRODUCTION,2024-11-08
AST-002644,HEAL-CORPORATE-02645,CSE-HEALTH-05,Healthcare,WORKSTATION,CORPORATE,MEDIUM,Clinical,SOC,YES,OT|ENDPOINT,2026-08-04T18:59:32Z,DEGRADED,EDR-Collector,STAGING,2024-02-17
AST-002645,HEAL-CORPORATE-02646,CSE-HEALTH-05,Healthcare,APPLICATION,CORPORATE,CRITICAL,Identity,IT-OPS,YES,PRIVILEGE|DATABASE|WEB,2026-07-22T06:54:42Z,ACTIVE,QRadar-Archive,PRODUCTION,2020-07-07
AST-002646,HEAL-CORPORATE-02647,CSE-HEALTH-05,Healthcare,SERVER,CORPORATE,HIGH,Identity,SOC,YES,OT|EXFILTRATION|AUTH,2026-07-27T02:14:20Z,MISSING,Splunk-ES,DR,2025-11-09
AST-002647,HEAL-DMZ-02648,CSE-HEALTH-05,Healthcare,NETWORK_DEVICE,DMZ,MEDIUM,Identity,IT-OPS,YES,WEB|NETWORK,2026-08-19T02:15:21Z,ACTIVE,Sentinel-Bridge,DR,2022-09-16
AST-002648,HEAL-DMZ-02649,CSE-HEALTH-05,Healthcare,WORKSTATION,DMZ,LOW,PACS,SOC,YES,DATABASE|EXFILTRATION,2026-08-16T13:48:11Z,ACTIVE,Splunk-ES,PRODUCTION,2021-10-25
AST-002649,HEAL-SCADA-02650,CSE-HEALTH-05,Healthcare,FIREWALL,SCADA,CRITICAL,Billing,SOC,YES,PRIVILEGE|DATABASE|AUTH,2026-08-03T21:02:00Z,ACTIVE,Splunk-ES,DR,2025-06-03
AST-002650,HEAL-CORPORATE-02651,CSE-HEALTH-05,Healthcare,SERVER,CORPORATE,HIGH,PACS,APPSEC,YES,OT|DATABASE|AUTH,2026-08-16T07:24:11Z,ACTIVE,EDR-Collector,DR,2021-03-07
AST-002651,HEAL-CORPORATE-02652,CSE-HEALTH-05,Healthcare,DATABASE,CORPORATE,MEDIUM,PACS,IT-OPS,YES,DATABASE|OT,2026-08-08T04:28:46Z,ACTIVE,QRadar-Archive,PRODUCTION,2026-03-25
AST-002652,HEAL-CORPORATE-02653,CSE-HEALTH-05,Healthcare,SERVER,CORPORATE,MEDIUM,Billing,IT-OPS,YES,DATABASE|WEB,2026-07-11T11:24:53Z,ACTIVE,EDR-Collector,DR,2023-09-11
AST-002653,HEAL-CORPORATE-02654,CSE-HEALTH-05,Healthcare,SERVER,CORPORATE,HIGH,Clinical,NETSEC,YES,DATABASE|PRIVILEGE|EXFILTRATION,2026-09-25T21:03:30Z,ACTIVE,EDR-Collector,PRODUCTION,2022-03-03
AST-002654,HEAL-OT-02655,CSE-HEALTH-05,Healthcare,HMI,OT,CRITICAL,Billing,OT-OPS,YES,AUTH|ENDPOINT|NETWORK,2026-08-15T00:56:07Z,ACTIVE,QRadar-Archive,PRODUCTION,2024-01-02
AST-002655,HEAL-DMZ-02656,CSE-HEALTH-05,Healthcare,FIREWALL,DMZ,MEDIUM,Clinical,OT-OPS,YES,AUTH|DATABASE,2026-08-30T22:27:49Z,ACTIVE,EDR-Collector,DR,2024-11-25
AST-002656,HEAL-SCADA-02657,CSE-HEALTH-05,Healthcare,SERVER,SCADA,CRITICAL,Clinical,NETSEC,YES,EXFILTRATION|WEB|PRIVILEGE,2026-09-07T21:16:51Z,ACTIVE,EDR-Collector,PRODUCTION,2025-07-03
AST-002657,HEAL-DC-02658,CSE-HEALTH-05,Healthcare,SERVER,DC,HIGH,Billing,OT-OPS,YES,NETWORK|DATABASE|ENDPOINT,2026-09-03T02:15:57Z,ACTIVE,EDR-Collector,PRODUCTION,2021-10-19
AST-002658,HEAL-OT-02659,CSE-HEALTH-05,Healthcare,PLC,OT,CRITICAL,Identity,SOC,YES,ENDPOINT|DATABASE|EXFILTRATION,2026-07-24T22:11:27Z,ACTIVE,EDR-Collector,DR,2024-10-02
AST-002659,HEAL-OT-02660,CSE-HEALTH-05,Healthcare,WORKSTATION,OT,HIGH,PACS,IT-OPS,YES,EXFILTRATION|PRIVILEGE|NETWORK,2026-09-01T20:33:55Z,ACTIVE,Sentinel-Bridge,DR,2023-09-07
AST-002660,HEAL-OT-02661,CSE-HEALTH-05,Healthcare,PLC,OT,LOW,Clinical,APPSEC,YES,EXFILTRATION|WEB,2026-08-24T23:33:39Z,ACTIVE,Splunk-ES,STAGING,2023-01-06
AST-002661,HEAL-CORPORATE-02662,CSE-HEALTH-05,Healthcare,DATABASE,CORPORATE,MEDIUM,PACS,APPSEC,YES,ENDPOINT|OT,2026-09-15T06:55:10Z,MISSING,QRadar-Archive,STAGING,2022-07-21
AST-002662,HEAL-DC-02663,CSE-HEALTH-05,Healthcare,APPLICATION,DC,HIGH,PACS,IT-OPS,YES,EXFILTRATION|WEB|AUTH,2026-08-18T04:54:47Z,ACTIVE,EDR-Collector,DR,2022-09-24
AST-002663,HEAL-CORPORATE-02664,CSE-HEALTH-05,Healthcare,NETWORK_DEVICE,CORPORATE,HIGH,Clinical,SOC,YES,PRIVILEGE|OT|AUTH,2026-07-28T02:17:08Z,ACTIVE,Splunk-ES,STAGING,2023-04-27
AST-002664,HEAL-DC-02665,CSE-HEALTH-05,Healthcare,NETWORK_DEVICE,DC,MEDIUM,Identity,SOC,YES,DATABASE|AUTH,2026-07-15T22:48:13Z,MISSING,QRadar-Archive,DR,2025-08-18
AST-002665,HEAL-CORPORATE-02666,CSE-HEALTH-05,Healthcare,SERVER,CORPORATE,HIGH,Clinical,OT-OPS,YES,ENDPOINT|WEB|AUTH,2026-09-26T04:26:23Z,ACTIVE,QRadar-Archive,STAGING,2025-10-17
AST-002666,HEAL-CORPORATE-02667,CSE-HEALTH-05,Healthcare,NETWORK_DEVICE,CORPORATE,CRITICAL,Billing,IT-OPS,YES,EXFILTRATION|DATABASE|AUTH,2026-07-20T13:57:26Z,DEGRADED,EDR-Collector,PRODUCTION,2024-08-30
AST-002667,HEAL-OT-02668,CSE-HEALTH-05,Healthcare,PLC,OT,HIGH,Identity,OT-OPS,YES,AUTH|ENDPOINT|WEB,2026-07-31T13:59:01Z,ACTIVE,EDR-Collector,DR,2020-01-03
AST-002668,HEAL-OT-02669,CSE-HEALTH-05,Healthcare,PLC,OT,LOW,PACS,NETSEC,YES,NETWORK|OT,2026-09-27T07:16:56Z,ACTIVE,Splunk-ES,PRODUCTION,2025-10-10
AST-002669,HEAL-DC-02670,CSE-HEALTH-05,Healthcare,NETWORK_DEVICE,DC,LOW,PACS,OT-OPS,YES,AUTH|NETWORK,2026-09-06T08:08:07Z,DEGRADED,EDR-Collector,STAGING,2021-02-10
AST-002670,HEAL-CORPORATE-02671,CSE-HEALTH-05,Healthcare,SERVER,CORPORATE,CRITICAL,Clinical,IT-OPS,YES,NETWORK|ENDPOINT|WEB,2026-08-15T04:54:20Z,ACTIVE,QRadar-Archive,DR,2024-09-16
AST-002671,HEAL-CORPORATE-02672,CSE-HEALTH-05,Healthcare,SERVER,CORPORATE,LOW,PACS,OT-OPS,YES,DATABASE|AUTH,2026-07-26T17:55:27Z,ACTIVE,QRadar-Archive,STAGING,2024-07-27
AST-002672,HEAL-CORPORATE-02673,CSE-HEALTH-05,Healthcare,SERVER,CORPORATE,MEDIUM,Identity,IT-OPS,YES,ENDPOINT|AUTH,2026-09-20T07:59:51Z,ACTIVE,Splunk-ES,PRODUCTION,2023-04-28
AST-002673,HEAL-CORPORATE-02674,CSE-HEALTH-05,Healthcare,SERVER,CORPORATE,HIGH,Billing,IT-OPS,YES,PRIVILEGE|WEB|ENDPOINT,2026-09-22T20:25:41Z,DEGRADED,QRadar-Archive,PRODUCTION,2024-05-12
AST-002674,HEAL-CORPORATE-02675,CSE-HEALTH-05,Healthcare,SERVER,CORPORATE,LOW,PACS,IT-OPS,YES,PRIVILEGE|WEB,2026-08-04T09:05:51Z,ACTIVE,Splunk-ES,PRODUCTION,2025-02-08
AST-002675,HEAL-DMZ-02676,CSE-HEALTH-05,Healthcare,SERVER,DMZ,MEDIUM,Billing,APPSEC,YES,ENDPOINT|PRIVILEGE,2026-09-12T04:00:32Z,ACTIVE,Sentinel-Bridge,DR,2020-01-05
AST-002676,HEAL-CORPORATE-02677,CSE-HEALTH-05,Healthcare,SERVER,CORPORATE,LOW,PACS,IT-OPS,YES,OT|ENDPOINT,2026-07-26T20:30:57Z,ACTIVE,QRadar-Archive,DR,2024-09-25
AST-002677,HEAL-DC-02678,CSE-HEALTH-05,Healthcare,WORKSTATION,DC,CRITICAL,Identity,APPSEC,YES,OT|AUTH|NETWORK,2026-07-27T03:13:26Z,ACTIVE,QRadar-Archive,STAGING,2024-05-20
AST-002678,HEAL-CORPORATE-02679,CSE-HEALTH-05,Healthcare,APPLICATION,CORPORATE,MEDIUM,Identity,SOC,YES,PRIVILEGE|OT,2026-07-28T05:17:00Z,ACTIVE,Splunk-ES,PRODUCTION,2020-09-28
AST-002679,HEAL-CORPORATE-02680,CSE-HEALTH-05,Healthcare,DATABASE,CORPORATE,HIGH,Clinical,OT-OPS,YES,ENDPOINT|NETWORK|PRIVILEGE,2026-09-02T23:28:10Z,ACTIVE,Splunk-ES,STAGING,2020-08-29
AST-002680,HEAL-DMZ-02681,CSE-HEALTH-05,Healthcare,WORKSTATION,DMZ,LOW,Identity,OT-OPS,YES,OT|ENDPOINT,2026-07-03T13:15:57Z,ACTIVE,Sentinel-Bridge,DR,2022-01-26
AST-002681,HEAL-CORPORATE-02682,CSE-HEALTH-05,Healthcare,SERVER,CORPORATE,HIGH,Identity,OT-OPS,YES,EXFILTRATION|OT|DATABASE,2026-09-05T22:01:48Z,ACTIVE,QRadar-Archive,PRODUCTION,2025-07-14
AST-002682,HEAL-DMZ-02683,CSE-HEALTH-05,Healthcare,SERVER,DMZ,CRITICAL,Identity,OT-OPS,YES,AUTH|OT|NETWORK,2026-09-14T03:49:23Z,ACTIVE,EDR-Collector,PRODUCTION,2023-09-21
AST-002683,HEAL-CORPORATE-02684,CSE-HEALTH-05,Healthcare,WORKSTATION,CORPORATE,LOW,PACS,SOC,YES,WEB|EXFILTRATION,2026-07-11T14:27:57Z,ACTIVE,Sentinel-Bridge,PRODUCTION,2023-05-30
AST-002684,HEAL-SCADA-02685,CSE-HEALTH-05,Healthcare,WORKSTATION,SCADA,HIGH,Billing,NETSEC,YES,AUTH|OT|WEB,2026-08-08T12:01:14Z,ACTIVE,QRadar-Archive,DR,2020-09-27
AST-002685,HEAL-CORPORATE-02686,CSE-HEALTH-05,Healthcare,WORKSTATION,CORPORATE,MEDIUM,Billing,NETSEC,YES,OT|EXFILTRATION,2026-07-28T09:23:46Z,ACTIVE,Splunk-ES,DR,2022-04-24
AST-002686,HEAL-OT-02687,CSE-HEALTH-05,Healthcare,HMI,OT,HIGH,PACS,NETSEC,YES,EXFILTRATION|WEB|OT,2026-09-24T19:25:34Z,ACTIVE,QRadar-Archive,DR,2021-08-02
AST-002687,HEAL-OT-02688,CSE-HEALTH-05,Healthcare,NETWORK_DEVICE,OT,HIGH,PACS,NETSEC,YES,PRIVILEGE|OT|NETWORK,2026-08-20T05:05:01Z,DEGRADED,EDR-Collector,PRODUCTION,2023-09-08
AST-002688,HEAL-OT-02689,CSE-HEALTH-05,Healthcare,WORKSTATION,OT,MEDIUM,Billing,IT-OPS,YES,NETWORK|AUTH,2026-08-05T04:56:23Z,ACTIVE,Splunk-ES,PRODUCTION,2023-04-26
AST-002689,HEAL-DMZ-02690,CSE-HEALTH-05,Healthcare,WORKSTATION,DMZ,MEDIUM,PACS,SOC,YES,DATABASE|OT,2026-07-11T08:51:19Z,ACTIVE,Splunk-ES,DR,2023-04-27
AST-002690,HEAL-CORPORATE-02691,CSE-HEALTH-05,Healthcare,APPLICATION,CORPORATE,MEDIUM,Billing,IT-OPS,YES,OT|NETWORK,2026-08-03T12:32:52Z,ACTIVE,Splunk-ES,STAGING,2020-01-25
AST-002691,HEAL-OT-02692,CSE-HEALTH-05,Healthcare,HMI,OT,CRITICAL,Identity,APPSEC,YES,ENDPOINT|OT|WEB,2026-09-11T22:11:51Z,ACTIVE,Sentinel-Bridge,STAGING,2024-02-23
AST-002692,HEAL-SCADA-02693,CSE-HEALTH-05,Healthcare,FIREWALL,SCADA,MEDIUM,PACS,SOC,YES,ENDPOINT|WEB,2026-09-07T00:03:26Z,DEGRADED,EDR-Collector,STAGING,2023-11-12
AST-002693,HEAL-SCADA-02694,CSE-HEALTH-05,Healthcare,NETWORK_DEVICE,SCADA,HIGH,Identity,APPSEC,YES,PRIVILEGE|OT|EXFILTRATION,2026-07-05T13:19:38Z,ACTIVE,Splunk-ES,PRODUCTION,2023-12-20
AST-002694,HEAL-CORPORATE-02695,CSE-HEALTH-05,Healthcare,WORKSTATION,CORPORATE,HIGH,Identity,SOC,YES,ENDPOINT|EXFILTRATION|AUTH,2026-08-10T11:12:38Z,ACTIVE,Splunk-ES,STAGING,2021-09-14
AST-002695,HEAL-DMZ-02696,CSE-HEALTH-05,Healthcare,NETWORK_DEVICE,DMZ,CRITICAL,Identity,SOC,YES,AUTH|EXFILTRATION|NETWORK,2026-07-22T00:21:35Z,ACTIVE,Sentinel-Bridge,STAGING,2024-07-10
AST-002696,HEAL-OT-02697,CSE-HEALTH-05,Healthcare,WORKSTATION,OT,HIGH,Identity,APPSEC,YES,DATABASE|EXFILTRATION|ENDPOINT,2026-07-30T15:56:06Z,ACTIVE,EDR-Collector,PRODUCTION,2021-09-21
AST-002697,HEAL-OT-02698,CSE-HEALTH-05,Healthcare,FIREWALL,OT,LOW,Identity,IT-OPS,YES,EXFILTRATION|NETWORK,2026-08-26T21:42:25Z,ACTIVE,QRadar-Archive,STAGING,2025-01-13
AST-002698,HEAL-DC-02699,CSE-HEALTH-05,Healthcare,WORKSTATION,DC,MEDIUM,Identity,APPSEC,YES,EXFILTRATION|ENDPOINT,2026-08-13T01:04:30Z,ACTIVE,EDR-Collector,PRODUCTION,2022-06-02
AST-002699,HEAL-DMZ-02700,CSE-HEALTH-05,Healthcare,APPLICATION,DMZ,HIGH,PACS,NETSEC,YES,AUTH|EXFILTRATION|OT,2026-09-08T14:12:04Z,ACTIVE,EDR-Collector,PRODUCTION,2023-05-26
AST-002700,HEAL-CORPORATE-02701,CSE-HEALTH-05,Healthcare,DATABASE,CORPORATE,MEDIUM,Identity,APPSEC,YES,EXFILTRATION|DATABASE,2026-08-24T16:54:43Z,ACTIVE,QRadar-Archive,PRODUCTION,2025-10-27
AST-002701,HEAL-DMZ-02702,CSE-HEALTH-05,Healthcare,WORKSTATION,DMZ,LOW,Identity,IT-OPS,YES,NETWORK|OT,2026-09-28T19:24:50Z,ACTIVE,EDR-Collector,PRODUCTION,2025-12-10
AST-002702,HEAL-DMZ-02703,CSE-HEALTH-05,Healthcare,WORKSTATION,DMZ,CRITICAL,PACS,SOC,YES,OT|ENDPOINT|WEB,2026-09-21T23:59:59Z,ACTIVE,EDR-Collector,PRODUCTION,2020-05-02
AST-002703,HEAL-DC-02704,CSE-HEALTH-05,Healthcare,DATABASE,DC,HIGH,Clinical,OT-OPS,YES,PRIVILEGE|AUTH|NETWORK,2026-08-23T15:19:52Z,ACTIVE,Splunk-ES,PRODUCTION,2025-11-20
AST-002704,HEAL-OT-02705,CSE-HEALTH-05,Healthcare,NETWORK_DEVICE,OT,HIGH,PACS,NETSEC,YES,PRIVILEGE|WEB|AUTH,2026-07-23T19:58:02Z,ACTIVE,EDR-Collector,PRODUCTION,2022-07-29
AST-002705,HEAL-CORPORATE-02706,CSE-HEALTH-05,Healthcare,APPLICATION,CORPORATE,HIGH,Clinical,OT-OPS,YES,AUTH|ENDPOINT|WEB,2026-07-18T17:53:08Z,ACTIVE,EDR-Collector,PRODUCTION,2021-08-27
AST-002706,HEAL-DC-02707,CSE-HEALTH-05,Healthcare,NETWORK_DEVICE,DC,LOW,Billing,SOC,YES,NETWORK|ENDPOINT,2026-07-04T20:59:43Z,ACTIVE,EDR-Collector,DR,2022-09-24
AST-002707,HEAL-SCADA-02708,CSE-HEALTH-05,Healthcare,SERVER,SCADA,CRITICAL,Billing,NETSEC,YES,DATABASE|AUTH|PRIVILEGE,2026-07-29T20:03:49Z,ACTIVE,Sentinel-Bridge,STAGING,2020-03-22
AST-002708,HEAL-DC-02709,CSE-HEALTH-05,Healthcare,WORKSTATION,DC,MEDIUM,Billing,NETSEC,YES,EXFILTRATION|AUTH,2026-09-03T04:47:02Z,ACTIVE,EDR-Collector,STAGING,2025-07-14
AST-002709,HEAL-SCADA-02710,CSE-HEALTH-05,Healthcare,FIREWALL,SCADA,HIGH,Identity,NETSEC,YES,AUTH|ENDPOINT|NETWORK,2026-07-25T14:38:48Z,ACTIVE,Splunk-ES,STAGING,2024-08-05
AST-002710,HEAL-SCADA-02711,CSE-HEALTH-05,Healthcare,DATABASE,SCADA,LOW,PACS,SOC,YES,WEB|PRIVILEGE,2026-07-15T17:06:09Z,ACTIVE,Splunk-ES,STAGING,2025-09-23
AST-002711,HEAL-DC-02712,CSE-HEALTH-05,Healthcare,WORKSTATION,DC,HIGH,Identity,SOC,YES,OT|NETWORK|ENDPOINT,2026-07-17T16:34:17Z,DEGRADED,QRadar-Archive,STAGING,2022-11-27
AST-002712,HEAL-CORPORATE-02713,CSE-HEALTH-05,Healthcare,DATABASE,CORPORATE,MEDIUM,Identity,OT-OPS,YES,AUTH|DATABASE,2026-08-24T21:28:45Z,ACTIVE,Sentinel-Bridge,STAGING,2025-07-07
AST-002713,HEAL-DMZ-02714,CSE-HEALTH-05,Healthcare,SERVER,DMZ,HIGH,Billing,SOC,YES,PRIVILEGE|DATABASE|ENDPOINT,2026-09-26T07:44:18Z,ACTIVE,Splunk-ES,DR,2025-12-25
AST-002714,HEAL-CORPORATE-02715,CSE-HEALTH-05,Healthcare,NETWORK_DEVICE,CORPORATE,LOW,Clinical,SOC,YES,DATABASE|WEB,2026-08-02T07:11:46Z,ACTIVE,QRadar-Archive,DR,2020-07-20
AST-002715,HEAL-CORPORATE-02716,CSE-HEALTH-05,Healthcare,DATABASE,CORPORATE,MEDIUM,Billing,IT-OPS,YES,DATABASE|PRIVILEGE,2026-08-07T03:06:24Z,ACTIVE,EDR-Collector,PRODUCTION,2023-12-26
AST-002716,HEAL-DMZ-02717,CSE-HEALTH-05,Healthcare,SERVER,DMZ,CRITICAL,Billing,NETSEC,YES,WEB|ENDPOINT|OT,2026-08-31T08:51:04Z,DEGRADED,Splunk-ES,STAGING,2022-11-14
AST-002717,HEAL-CORPORATE-02718,CSE-HEALTH-05,Healthcare,SERVER,CORPORATE,CRITICAL,Identity,SOC,YES,OT|ENDPOINT|NETWORK,2026-08-31T05:32:46Z,ACTIVE,QRadar-Archive,DR,2022-10-28
AST-002718,HEAL-OT-02719,CSE-HEALTH-05,Healthcare,PLC,OT,CRITICAL,Clinical,OT-OPS,YES,OT|AUTH|DATABASE,2026-08-17T08:30:58Z,ACTIVE,EDR-Collector,STAGING,2022-08-15
AST-002719,HEAL-CORPORATE-02720,CSE-HEALTH-05,Healthcare,FIREWALL,CORPORATE,CRITICAL,PACS,NETSEC,YES,AUTH|WEB|DATABASE,2026-07-12T23:48:43Z,ACTIVE,QRadar-Archive,DR,2021-06-23
AST-002720,HEAL-OT-02721,CSE-HEALTH-05,Healthcare,HMI,OT,HIGH,PACS,IT-OPS,YES,EXFILTRATION|WEB|NETWORK,2026-09-26T02:35:40Z,ACTIVE,QRadar-Archive,STAGING,2025-06-09
AST-002721,HEAL-CORPORATE-02722,CSE-HEALTH-05,Healthcare,SERVER,CORPORATE,CRITICAL,Identity,IT-OPS,YES,AUTH|NETWORK|OT,2026-09-27T06:32:37Z,ACTIVE,EDR-Collector,PRODUCTION,2022-06-25
AST-002722,HEAL-OT-02723,CSE-HEALTH-05,Healthcare,SERVER,OT,CRITICAL,PACS,SOC,YES,EXFILTRATION|WEB|DATABASE,2026-09-16T23:40:23Z,MISSING,QRadar-Archive,DR,2025-11-19
AST-002723,HEAL-CORPORATE-02724,CSE-HEALTH-05,Healthcare,WORKSTATION,CORPORATE,LOW,Billing,IT-OPS,YES,DATABASE|ENDPOINT,2026-07-17T20:26:17Z,ACTIVE,Splunk-ES,STAGING,2020-03-10
AST-002724,HEAL-DC-02725,CSE-HEALTH-05,Healthcare,SERVER,DC,LOW,Identity,APPSEC,YES,DATABASE|WEB,2026-09-30T09:22:08Z,ACTIVE,EDR-Collector,PRODUCTION,2024-03-13
AST-002725,HEAL-CORPORATE-02726,CSE-HEALTH-05,Healthcare,NETWORK_DEVICE,CORPORATE,MEDIUM,Identity,IT-OPS,YES,ENDPOINT|OT,2026-08-10T02:44:43Z,ACTIVE,Sentinel-Bridge,STAGING,2025-04-11
AST-002726,HEAL-OT-02727,CSE-HEALTH-05,Healthcare,PLC,OT,LOW,Identity,SOC,YES,EXFILTRATION|ENDPOINT,2026-09-20T14:36:51Z,ACTIVE,EDR-Collector,PRODUCTION,2024-05-26
AST-002727,HEAL-SCADA-02728,CSE-HEALTH-05,Healthcare,WORKSTATION,SCADA,HIGH,Clinical,APPSEC,YES,OT|ENDPOINT|EXFILTRATION,2026-07-31T12:58:55Z,ACTIVE,Splunk-ES,STAGING,2021-05-22
AST-002728,HEAL-CORPORATE-02729,CSE-HEALTH-05,Healthcare,WORKSTATION,CORPORATE,LOW,Identity,APPSEC,YES,PRIVILEGE|NETWORK,2026-09-05T13:57:01Z,ACTIVE,Sentinel-Bridge,DR,2020-12-15
AST-002729,HEAL-CORPORATE-02730,CSE-HEALTH-05,Healthcare,SERVER,CORPORATE,LOW,PACS,IT-OPS,YES,DATABASE|EXFILTRATION,2026-07-18T00:12:18Z,ACTIVE,Splunk-ES,STAGING,2023-08-08
AST-002730,HEAL-DC-02731,CSE-HEALTH-05,Healthcare,DATABASE,DC,HIGH,Identity,APPSEC,YES,DATABASE|NETWORK|ENDPOINT,2026-09-05T19:10:15Z,DEGRADED,EDR-Collector,STAGING,2023-10-05
AST-002731,HEAL-OT-02732,CSE-HEALTH-05,Healthcare,PLC,OT,HIGH,Billing,SOC,YES,ENDPOINT|OT|WEB,2026-09-28T09:35:02Z,ACTIVE,EDR-Collector,PRODUCTION,2020-04-28
AST-002732,HEAL-DMZ-02733,CSE-HEALTH-05,Healthcare,WORKSTATION,DMZ,CRITICAL,Identity,APPSEC,YES,PRIVILEGE|EXFILTRATION|DATABASE,2026-08-10T09:41:03Z,ACTIVE,Splunk-ES,DR,2023-10-22
AST-002733,HEAL-CORPORATE-02734,CSE-HEALTH-05,Healthcare,SERVER,CORPORATE,MEDIUM,Identity,IT-OPS,YES,OT|WEB,2026-07-12T15:10:01Z,DEGRADED,EDR-Collector,PRODUCTION,2020-02-04
AST-002734,HEAL-OT-02735,CSE-HEALTH-05,Healthcare,WORKSTATION,OT,MEDIUM,Identity,SOC,YES,WEB|OT,2026-07-10T20:26:56Z,ACTIVE,EDR-Collector,PRODUCTION,2020-11-22
AST-002735,HEAL-DC-02736,CSE-HEALTH-05,Healthcare,WORKSTATION,DC,LOW,Billing,OT-OPS,YES,WEB|ENDPOINT,2026-08-04T07:45:12Z,ACTIVE,EDR-Collector,DR,2025-03-02
AST-002736,HEAL-OT-02737,CSE-HEALTH-05,Healthcare,HMI,OT,LOW,Identity,SOC,YES,AUTH|DATABASE,2026-08-24T07:39:24Z,ACTIVE,EDR-Collector,DR,2025-11-04
AST-002737,HEAL-CORPORATE-02738,CSE-HEALTH-05,Healthcare,NETWORK_DEVICE,CORPORATE,LOW,Clinical,OT-OPS,YES,ENDPOINT|WEB,2026-07-08T10:14:49Z,ACTIVE,Sentinel-Bridge,PRODUCTION,2024-01-01
AST-002738,HEAL-DMZ-02739,CSE-HEALTH-05,Healthcare,NETWORK_DEVICE,DMZ,HIGH,Billing,IT-OPS,YES,DATABASE|ENDPOINT|WEB,2026-08-03T15:03:49Z,DEGRADED,QRadar-Archive,DR,2024-06-07
AST-002739,HEAL-DMZ-02740,CSE-HEALTH-05,Healthcare,WORKSTATION,DMZ,HIGH,Billing,IT-OPS,YES,EXFILTRATION|AUTH|NETWORK,2026-08-03T10:18:00Z,ACTIVE,Sentinel-Bridge,PRODUCTION,2025-08-14
AST-002740,HEAL-OT-02741,CSE-HEALTH-05,Healthcare,SERVER,OT,HIGH,PACS,APPSEC,YES,OT|PRIVILEGE|ENDPOINT,2026-09-06T02:14:02Z,ACTIVE,Splunk-ES,STAGING,2021-12-12
AST-002741,HEAL-CORPORATE-02742,CSE-HEALTH-05,Healthcare,SERVER,CORPORATE,MEDIUM,Clinical,SOC,YES,AUTH|PRIVILEGE,2026-09-27T00:01:21Z,ACTIVE,QRadar-Archive,PRODUCTION,2022-12-02
AST-002742,HEAL-SCADA-02743,CSE-HEALTH-05,Healthcare,WORKSTATION,SCADA,HIGH,PACS,NETSEC,YES,PRIVILEGE|EXFILTRATION|WEB,2026-07-12T10:10:59Z,DEGRADED,Sentinel-Bridge,STAGING,2024-12-26
AST-002743,HEAL-DC-02744,CSE-HEALTH-05,Healthcare,WORKSTATION,DC,HIGH,Clinical,OT-OPS,YES,DATABASE|WEB|OT,2026-09-05T01:47:52Z,ACTIVE,QRadar-Archive,DR,2020-08-30
AST-002744,HEAL-CORPORATE-02745,CSE-HEALTH-05,Healthcare,SERVER,CORPORATE,HIGH,PACS,OT-OPS,YES,NETWORK|AUTH|PRIVILEGE,2026-09-08T13:06:09Z,ACTIVE,EDR-Collector,STAGING,2026-02-19
AST-002745,HEAL-CORPORATE-02746,CSE-HEALTH-05,Healthcare,FIREWALL,CORPORATE,LOW,Clinical,OT-OPS,YES,OT|EXFILTRATION,2026-08-12T02:16:46Z,ACTIVE,Sentinel-Bridge,PRODUCTION,2020-10-15
AST-002746,HEAL-DC-02747,CSE-HEALTH-05,Healthcare,SERVER,DC,HIGH,Clinical,IT-OPS,YES,WEB|AUTH|EXFILTRATION,2026-09-10T05:50:25Z,ACTIVE,EDR-Collector,STAGING,2020-10-06
AST-002747,HEAL-OT-02748,CSE-HEALTH-05,Healthcare,PLC,OT,MEDIUM,Identity,NETSEC,YES,EXFILTRATION|WEB,2026-08-30T11:15:07Z,ACTIVE,EDR-Collector,DR,2023-12-02
AST-002748,HEAL-DMZ-02749,CSE-HEALTH-05,Healthcare,WORKSTATION,DMZ,LOW,Identity,OT-OPS,YES,DATABASE|EXFILTRATION,2026-07-23T20:32:11Z,ACTIVE,Sentinel-Bridge,STAGING,2023-08-14
AST-002749,HEAL-DMZ-02750,CSE-HEALTH-05,Healthcare,SERVER,DMZ,MEDIUM,Identity,OT-OPS,YES,PRIVILEGE|AUTH,2026-07-26T03:21:04Z,ACTIVE,Splunk-ES,PRODUCTION,2023-08-11
AST-002750,HEAL-DC-02751,CSE-HEALTH-05,Healthcare,DATABASE,DC,MEDIUM,Billing,OT-OPS,YES,OT|WEB,2026-07-11T18:18:56Z,ACTIVE,Splunk-ES,DR,2024-06-04
AST-002751,HEAL-DMZ-02752,CSE-HEALTH-05,Healthcare,WORKSTATION,DMZ,MEDIUM,Billing,APPSEC,YES,NETWORK|OT,2026-09-28T01:21:19Z,ACTIVE,Splunk-ES,PRODUCTION,2023-07-22
AST-002752,HEAL-DMZ-02753,CSE-HEALTH-05,Healthcare,APPLICATION,DMZ,HIGH,Billing,SOC,YES,AUTH|OT|DATABASE,2026-08-30T01:52:32Z,ACTIVE,QRadar-Archive,STAGING,2021-11-08
AST-002753,HEAL-CORPORATE-02754,CSE-HEALTH-05,Healthcare,WORKSTATION,CORPORATE,MEDIUM,Billing,OT-OPS,YES,EXFILTRATION|DATABASE,2026-07-22T00:26:04Z,ACTIVE,Splunk-ES,STAGING,2025-04-27
AST-002754,HEAL-OT-02755,CSE-HEALTH-05,Healthcare,NETWORK_DEVICE,OT,HIGH,Clinical,IT-OPS,YES,DATABASE|PRIVILEGE|NETWORK,2026-09-18T23:26:19Z,ACTIVE,QRadar-Archive,STAGING,2024-10-16
AST-002755,HEAL-CORPORATE-02756,CSE-HEALTH-05,Healthcare,WORKSTATION,CORPORATE,HIGH,Identity,OT-OPS,YES,EXFILTRATION|WEB|DATABASE,2026-09-30T19:21:40Z,ACTIVE,QRadar-Archive,STAGING,2022-02-28
AST-002756,HEAL-CORPORATE-02757,CSE-HEALTH-05,Healthcare,WORKSTATION,CORPORATE,LOW,Identity,IT-OPS,YES,NETWORK|EXFILTRATION,2026-09-30T00:18:42Z,ACTIVE,QRadar-Archive,PRODUCTION,2020-05-01
AST-002757,HEAL-CORPORATE-02758,CSE-HEALTH-05,Healthcare,SERVER,CORPORATE,HIGH,Clinical,NETSEC,YES,WEB|PRIVILEGE|EXFILTRATION,2026-09-10T16:29:24Z,ACTIVE,Splunk-ES,DR,2020-08-21
AST-002758,HEAL-OT-02759,CSE-HEALTH-05,Healthcare,WORKSTATION,OT,HIGH,Identity,OT-OPS,YES,EXFILTRATION|AUTH|PRIVILEGE,2026-07-08T22:32:23Z,ACTIVE,Splunk-ES,DR,2022-09-04
AST-002759,HEAL-DMZ-02760,CSE-HEALTH-05,Healthcare,FIREWALL,DMZ,CRITICAL,Clinical,SOC,YES,ENDPOINT|EXFILTRATION|WEB,2026-08-24T08:02:18Z,ACTIVE,Sentinel-Bridge,DR,2024-07-22
AST-002760,HEAL-SCADA-02761,CSE-HEALTH-05,Healthcare,WORKSTATION,SCADA,MEDIUM,PACS,NETSEC,YES,WEB|ENDPOINT,2026-08-25T13:16:50Z,ACTIVE,Sentinel-Bridge,PRODUCTION,2026-01-02
AST-002761,HEAL-DMZ-02762,CSE-HEALTH-05,Healthcare,NETWORK_DEVICE,DMZ,HIGH,Clinical,APPSEC,YES,WEB|AUTH|NETWORK,2026-08-12T15:06:03Z,ACTIVE,EDR-Collector,STAGING,2025-06-20
AST-002762,HEAL-DC-02763,CSE-HEALTH-05,Healthcare,WORKSTATION,DC,HIGH,Clinical,IT-OPS,YES,NETWORK|PRIVILEGE|ENDPOINT,2026-09-12T10:40:47Z,ACTIVE,Sentinel-Bridge,STAGING,2022-01-29
AST-002763,HEAL-DC-02764,CSE-HEALTH-05,Healthcare,NETWORK_DEVICE,DC,HIGH,Clinical,OT-OPS,YES,EXFILTRATION|OT|PRIVILEGE,2026-07-11T17:47:18Z,ACTIVE,EDR-Collector,STAGING,2025-06-09
AST-002764,HEAL-CORPORATE-02765,CSE-HEALTH-05,Healthcare,SERVER,CORPORATE,HIGH,Clinical,SOC,YES,OT|ENDPOINT|AUTH,2026-09-25T01:08:08Z,ACTIVE,QRadar-Archive,PRODUCTION,2020-11-12
AST-002765,HEAL-CORPORATE-02766,CSE-HEALTH-05,Healthcare,SERVER,CORPORATE,HIGH,Clinical,NETSEC,YES,WEB|NETWORK|AUTH,2026-07-28T05:12:17Z,ACTIVE,QRadar-Archive,PRODUCTION,2022-06-09
AST-002766,HEAL-SCADA-02767,CSE-HEALTH-05,Healthcare,SERVER,SCADA,LOW,PACS,SOC,YES,WEB|ENDPOINT,2026-09-21T02:44:50Z,ACTIVE,Splunk-ES,PRODUCTION,2020-08-31
AST-002767,HEAL-CORPORATE-02768,CSE-HEALTH-05,Healthcare,NETWORK_DEVICE,CORPORATE,HIGH,Billing,SOC,YES,ENDPOINT|EXFILTRATION|PRIVILEGE,2026-09-16T13:37:28Z,ACTIVE,Sentinel-Bridge,STAGING,2019-12-25
AST-002768,HEAL-OT-02769,CSE-HEALTH-05,Healthcare,PLC,OT,LOW,Clinical,NETSEC,YES,ENDPOINT|OT,2026-08-22T12:07:07Z,ACTIVE,Sentinel-Bridge,DR,2025-07-19
AST-002769,HEAL-CORPORATE-02770,CSE-HEALTH-05,Healthcare,WORKSTATION,CORPORATE,HIGH,PACS,IT-OPS,YES,DATABASE|OT|AUTH,2026-09-12T20:54:06Z,ACTIVE,Splunk-ES,STAGING,2024-05-18
AST-002770,HEAL-CORPORATE-02771,CSE-HEALTH-05,Healthcare,WORKSTATION,CORPORATE,CRITICAL,PACS,SOC,YES,DATABASE|PRIVILEGE|NETWORK,2026-07-18T14:30:42Z,ACTIVE,Sentinel-Bridge,DR,2025-08-07
AST-002771,HEAL-CORPORATE-02772,CSE-HEALTH-05,Healthcare,WORKSTATION,CORPORATE,LOW,Identity,OT-OPS,YES,NETWORK|WEB,2026-09-05T02:37:10Z,ACTIVE,Sentinel-Bridge,PRODUCTION,2020-12-19
AST-002772,HEAL-DMZ-02773,CSE-HEALTH-05,Healthcare,SERVER,DMZ,HIGH,Identity,APPSEC,YES,AUTH|WEB|NETWORK,2026-08-03T09:25:38Z,ACTIVE,Sentinel-Bridge,DR,2024-01-29
AST-002773,HEAL-OT-02774,CSE-HEALTH-05,Healthcare,SERVER,OT,HIGH,PACS,OT-OPS,YES,OT|WEB|EXFILTRATION,2026-08-30T19:32:39Z,ACTIVE,Splunk-ES,DR,2022-02-25
AST-002774,HEAL-OT-02775,CSE-HEALTH-05,Healthcare,FIREWALL,OT,LOW,Identity,SOC,YES,DATABASE|AUTH,2026-09-20T12:48:20Z,ACTIVE,QRadar-Archive,STAGING,2025-08-02
AST-002775,HEAL-CORPORATE-02776,CSE-HEALTH-05,Healthcare,SERVER,CORPORATE,LOW,Billing,SOC,YES,OT|EXFILTRATION,2026-09-20T08:11:42Z,ACTIVE,Sentinel-Bridge,STAGING,2025-11-30
AST-002776,HEAL-DC-02777,CSE-HEALTH-05,Healthcare,SERVER,DC,MEDIUM,PACS,SOC,YES,PRIVILEGE|OT,2026-08-03T19:36:21Z,ACTIVE,QRadar-Archive,STAGING,2025-10-05
AST-002777,HEAL-CORPORATE-02778,CSE-HEALTH-05,Healthcare,NETWORK_DEVICE,CORPORATE,HIGH,Identity,SOC,YES,PRIVILEGE|ENDPOINT|AUTH,2026-07-26T01:00:35Z,ACTIVE,Sentinel-Bridge,DR,2023-12-19
AST-002778,HEAL-OT-02779,CSE-HEALTH-05,Healthcare,NETWORK_DEVICE,OT,MEDIUM,Billing,SOC,YES,AUTH|OT,2026-09-07T09:54:41Z,ACTIVE,Sentinel-Bridge,PRODUCTION,2024-08-01
AST-002779,HEAL-DC-02780,CSE-HEALTH-05,Healthcare,SERVER,DC,HIGH,Identity,APPSEC,YES,EXFILTRATION|AUTH|OT,2026-07-01T01:13:24Z,ACTIVE,EDR-Collector,STAGING,2020-08-23
AST-002780,HEAL-DC-02781,CSE-HEALTH-05,Healthcare,FIREWALL,DC,MEDIUM,Clinical,OT-OPS,YES,WEB|EXFILTRATION,2026-08-02T14:22:05Z,ACTIVE,EDR-Collector,PRODUCTION,2022-04-08
AST-002781,HEAL-CORPORATE-02782,CSE-HEALTH-05,Healthcare,DATABASE,CORPORATE,MEDIUM,Billing,SOC,YES,NETWORK|AUTH,2026-08-04T03:44:11Z,DEGRADED,EDR-Collector,DR,2020-01-20
AST-002782,HEAL-SCADA-02783,CSE-HEALTH-05,Healthcare,FIREWALL,SCADA,HIGH,PACS,APPSEC,YES,DATABASE|NETWORK|PRIVILEGE,2026-08-15T05:31:50Z,ACTIVE,QRadar-Archive,PRODUCTION,2024-03-16
AST-002783,HEAL-CORPORATE-02784,CSE-HEALTH-05,Healthcare,SERVER,CORPORATE,HIGH,Identity,IT-OPS,YES,DATABASE|EXFILTRATION|ENDPOINT,2026-07-06T03:51:30Z,ACTIVE,EDR-Collector,PRODUCTION,2022-03-03
AST-002784,HEAL-DC-02785,CSE-HEALTH-05,Healthcare,SERVER,DC,MEDIUM,PACS,NETSEC,YES,ENDPOINT|PRIVILEGE,2026-07-15T04:51:43Z,ACTIVE,QRadar-Archive,PRODUCTION,2022-08-26
AST-002785,HEAL-OT-02786,CSE-HEALTH-05,Healthcare,HMI,OT,MEDIUM,Billing,SOC,YES,DATABASE|EXFILTRATION,2026-09-01T17:23:10Z,ACTIVE,Sentinel-Bridge,DR,2022-06-03
AST-002786,HEAL-OT-02787,CSE-HEALTH-05,Healthcare,WORKSTATION,OT,MEDIUM,PACS,SOC,YES,EXFILTRATION|WEB,2026-09-11T18:01:54Z,ACTIVE,Splunk-ES,DR,2023-10-10
AST-002787,HEAL-OT-02788,CSE-HEALTH-05,Healthcare,SERVER,OT,CRITICAL,Clinical,IT-OPS,YES,OT|AUTH|ENDPOINT,2026-08-07T07:29:49Z,ACTIVE,EDR-Collector,DR,2021-01-18
AST-002788,HEAL-OT-02789,CSE-HEALTH-05,Healthcare,HMI,OT,CRITICAL,Clinical,OT-OPS,YES,NETWORK|EXFILTRATION|WEB,2026-09-06T14:39:10Z,ACTIVE,EDR-Collector,DR,2023-02-25
AST-002789,HEAL-CORPORATE-02790,CSE-HEALTH-05,Healthcare,NETWORK_DEVICE,CORPORATE,MEDIUM,PACS,IT-OPS,YES,PRIVILEGE|AUTH,2026-08-27T06:07:42Z,ACTIVE,QRadar-Archive,STAGING,2025-08-22
AST-002790,HEAL-CORPORATE-02791,CSE-HEALTH-05,Healthcare,NETWORK_DEVICE,CORPORATE,HIGH,Billing,IT-OPS,YES,DATABASE|NETWORK|WEB,2026-08-09T08:07:50Z,ACTIVE,Splunk-ES,DR,2025-10-06
AST-002791,HEAL-OT-02792,CSE-HEALTH-05,Healthcare,PLC,OT,MEDIUM,PACS,NETSEC,YES,WEB|ENDPOINT,2026-07-11T22:19:35Z,ACTIVE,QRadar-Archive,STAGING,2024-12-23
AST-002792,HEAL-DC-02793,CSE-HEALTH-05,Healthcare,SERVER,DC,MEDIUM,PACS,NETSEC,YES,DATABASE|WEB,2026-09-22T22:24:20Z,ACTIVE,QRadar-Archive,DR,2020-05-12
AST-002793,HEAL-CORPORATE-02794,CSE-HEALTH-05,Healthcare,DATABASE,CORPORATE,LOW,Clinical,NETSEC,YES,NETWORK|AUTH,2026-08-07T19:24:26Z,DEGRADED,QRadar-Archive,STAGING,2022-07-17
AST-002794,HEAL-DMZ-02795,CSE-HEALTH-05,Healthcare,SERVER,DMZ,HIGH,PACS,APPSEC,YES,OT|AUTH|NETWORK,2026-07-16T09:47:52Z,ACTIVE,QRadar-Archive,STAGING,2024-12-27
AST-002795,HEAL-CORPORATE-02796,CSE-HEALTH-05,Healthcare,DATABASE,CORPORATE,MEDIUM,PACS,SOC,YES,WEB|NETWORK,2026-07-03T21:45:23Z,ACTIVE,EDR-Collector,PRODUCTION,2021-08-19
AST-002796,HEAL-DMZ-02797,CSE-HEALTH-05,Healthcare,NETWORK_DEVICE,DMZ,MEDIUM,Clinical,APPSEC,YES,AUTH|NETWORK,2026-08-29T07:57:13Z,ACTIVE,EDR-Collector,PRODUCTION,2023-06-21
AST-002797,HEAL-CORPORATE-02798,CSE-HEALTH-05,Healthcare,DATABASE,CORPORATE,CRITICAL,Billing,NETSEC,YES,PRIVILEGE|DATABASE|WEB,2026-08-09T22:25:58Z,ACTIVE,EDR-Collector,STAGING,2022-05-21
AST-002798,HEAL-OT-02799,CSE-HEALTH-05,Healthcare,WORKSTATION,OT,HIGH,Identity,NETSEC,YES,DATABASE|AUTH|EXFILTRATION,2026-07-02T15:25:17Z,ACTIVE,Sentinel-Bridge,STAGING,2022-04-15
AST-002799,HEAL-SCADA-02800,CSE-HEALTH-05,Healthcare,WORKSTATION,SCADA,CRITICAL,Clinical,IT-OPS,YES,ENDPOINT|DATABASE|OT,2026-07-06T13:46:44Z,ACTIVE,Sentinel-Bridge,DR,2025-09-01
AST-002800,HEAL-OT-02801,CSE-HEALTH-05,Healthcare,PLC,OT,HIGH,Billing,APPSEC,YES,ENDPOINT|AUTH|WEB,2026-08-20T22:33:08Z,ACTIVE,EDR-Collector,STAGING,2023-06-24
AST-002801,HEAL-CORPORATE-02802,CSE-HEALTH-05,Healthcare,DATABASE,CORPORATE,LOW,Clinical,NETSEC,YES,WEB|NETWORK,2026-08-01T04:54:09Z,ACTIVE,EDR-Collector,STAGING,2025-04-16
AST-002802,HEAL-CORPORATE-02803,CSE-HEALTH-05,Healthcare,SERVER,CORPORATE,HIGH,Identity,SOC,YES,NETWORK|WEB|PRIVILEGE,2026-07-06T09:19:24Z,ACTIVE,Sentinel-Bridge,DR,2020-12-21
AST-002803,HEAL-CORPORATE-02804,CSE-HEALTH-05,Healthcare,SERVER,CORPORATE,MEDIUM,Identity,APPSEC,YES,PRIVILEGE|WEB,2026-07-28T16:38:40Z,DEGRADED,Splunk-ES,STAGING,2025-12-04
AST-002804,HEAL-DMZ-02805,CSE-HEALTH-05,Healthcare,DATABASE,DMZ,HIGH,PACS,SOC,YES,PRIVILEGE|ENDPOINT|DATABASE,2026-09-29T08:16:29Z,ACTIVE,EDR-Collector,STAGING,2024-05-20
AST-002805,HEAL-OT-02806,CSE-HEALTH-05,Healthcare,HMI,OT,MEDIUM,Billing,SOC,YES,NETWORK|DATABASE,2026-07-09T07:59:09Z,ACTIVE,QRadar-Archive,DR,2020-04-16
AST-002806,HEAL-OT-02807,CSE-HEALTH-05,Healthcare,SERVER,OT,LOW,Clinical,OT-OPS,YES,ENDPOINT|EXFILTRATION,2026-09-04T18:36:05Z,ACTIVE,Sentinel-Bridge,DR,2021-10-17
AST-002807,HEAL-OT-02808,CSE-HEALTH-05,Healthcare,WORKSTATION,OT,CRITICAL,Clinical,IT-OPS,YES,WEB|AUTH|PRIVILEGE,2026-08-27T08:36:26Z,ACTIVE,Splunk-ES,DR,2021-03-18
AST-002808,HEAL-SCADA-02809,CSE-HEALTH-05,Healthcare,WORKSTATION,SCADA,LOW,PACS,NETSEC,YES,DATABASE|NETWORK,2026-09-06T00:18:23Z,ACTIVE,EDR-Collector,STAGING,2025-07-31
AST-002809,HEAL-DC-02810,CSE-HEALTH-05,Healthcare,WORKSTATION,DC,MEDIUM,Identity,IT-OPS,YES,PRIVILEGE|ENDPOINT,2026-08-16T10:51:35Z,ACTIVE,QRadar-Archive,DR,2020-02-04
AST-002810,HEAL-DMZ-02811,CSE-HEALTH-05,Healthcare,WORKSTATION,DMZ,MEDIUM,Identity,OT-OPS,YES,AUTH|OT,2026-08-06T21:35:46Z,ACTIVE,EDR-Collector,STAGING,2023-10-26
AST-002811,MANU-SCADA-02812,CSE-MANUF-06,Manufacturing,HMI,SCADA,CRITICAL,MES,NETSEC,YES,PRIVILEGE|ENDPOINT|DATABASE,2026-09-21T15:09:05Z,ACTIVE,Splunk-ES,PRODUCTION,2025-08-08
AST-002812,MANU-CORPORATE-02813,CSE-MANUF-06,Manufacturing,WORKSTATION,CORPORATE,LOW,Identity,IT-OPS,YES,AUTH|OT,2026-07-31T14:58:49Z,ACTIVE,EDR-Collector,PRODUCTION,2021-03-07
AST-002813,MANU-DMZ-02814,CSE-MANUF-06,Manufacturing,SERVER,DMZ,CRITICAL,ERP,OT-OPS,YES,AUTH|WEB|EXFILTRATION,2026-07-06T05:21:09Z,ACTIVE,Splunk-ES,PRODUCTION,2023-06-03
AST-002814,MANU-DMZ-02815,CSE-MANUF-06,Manufacturing,WORKSTATION,DMZ,MEDIUM,MES,OT-OPS,YES,NETWORK|ENDPOINT,2026-07-31T08:08:16Z,ACTIVE,EDR-Collector,DR,2025-06-13
AST-002815,MANU-DC-02816,CSE-MANUF-06,Manufacturing,WORKSTATION,DC,MEDIUM,Identity,SOC,YES,DATABASE|EXFILTRATION,2026-08-16T04:24:57Z,ACTIVE,Sentinel-Bridge,STAGING,2020-03-14
AST-002816,MANU-CORPORATE-02817,CSE-MANUF-06,Manufacturing,APPLICATION,CORPORATE,LOW,MES,SOC,YES,PRIVILEGE|ENDPOINT,2026-07-26T15:20:04Z,ACTIVE,EDR-Collector,STAGING,2021-10-24
AST-002817,MANU-DC-02818,CSE-MANUF-06,Manufacturing,DATABASE,DC,LOW,ERP,NETSEC,YES,DATABASE|EXFILTRATION,2026-07-06T20:41:11Z,ACTIVE,EDR-Collector,PRODUCTION,2020-05-06
AST-002818,MANU-CORPORATE-02819,CSE-MANUF-06,Manufacturing,SERVER,CORPORATE,HIGH,Plant Control,OT-OPS,YES,WEB|EXFILTRATION|OT,2026-08-11T21:42:07Z,MISSING,Sentinel-Bridge,DR,2025-01-07
AST-002819,MANU-DC-02820,CSE-MANUF-06,Manufacturing,APPLICATION,DC,MEDIUM,ERP,OT-OPS,YES,DATABASE|OT,2026-09-06T08:12:53Z,ACTIVE,Sentinel-Bridge,DR,2023-12-15
AST-002820,MANU-SCADA-02821,CSE-MANUF-06,Manufacturing,NETWORK_DEVICE,SCADA,MEDIUM,MES,SOC,YES,WEB|ENDPOINT,2026-08-07T15:43:10Z,ACTIVE,QRadar-Archive,DR,2022-11-17
AST-002821,MANU-SCADA-02822,CSE-MANUF-06,Manufacturing,WORKSTATION,SCADA,HIGH,MES,APPSEC,YES,DATABASE|NETWORK|EXFILTRATION,2026-09-23T23:32:36Z,DEGRADED,QRadar-Archive,PRODUCTION,2025-01-05
AST-002822,MANU-OT-02823,CSE-MANUF-06,Manufacturing,WORKSTATION,OT,MEDIUM,ERP,APPSEC,YES,NETWORK|ENDPOINT,2026-07-24T21:44:25Z,ACTIVE,QRadar-Archive,PRODUCTION,2024-09-21
AST-002823,MANU-SCADA-02824,CSE-MANUF-06,Manufacturing,HMI,SCADA,MEDIUM,Plant Control,APPSEC,YES,NETWORK|EXFILTRATION,2026-09-03T10:16:20Z,ACTIVE,QRadar-Archive,DR,2023-04-14
AST-002824,MANU-CORPORATE-02825,CSE-MANUF-06,Manufacturing,SERVER,CORPORATE,CRITICAL,Identity,NETSEC,YES,DATABASE|OT|EXFILTRATION,2026-08-07T23:42:56Z,ACTIVE,Sentinel-Bridge,DR,2020-06-27
AST-002825,MANU-CORPORATE-02826,CSE-MANUF-06,Manufacturing,APPLICATION,CORPORATE,MEDIUM,MES,NETSEC,YES,EXFILTRATION|OT,2026-08-25T05:19:03Z,DEGRADED,Splunk-ES,PRODUCTION,2021-09-16
AST-002826,MANU-SCADA-02827,CSE-MANUF-06,Manufacturing,HMI,SCADA,MEDIUM,ERP,SOC,YES,OT|WEB,2026-07-04T03:37:47Z,ACTIVE,EDR-Collector,PRODUCTION,2024-01-01
AST-002827,MANU-DC-02828,CSE-MANUF-06,Manufacturing,FIREWALL,DC,LOW,Identity,IT-OPS,YES,OT|WEB,2026-08-04T00:11:27Z,ACTIVE,Sentinel-Bridge,STAGING,2022-10-23
AST-002828,MANU-DC-02829,CSE-MANUF-06,Manufacturing,FIREWALL,DC,HIGH,ERP,APPSEC,YES,PRIVILEGE|EXFILTRATION|ENDPOINT,2026-09-27T07:38:17Z,DEGRADED,EDR-Collector,STAGING,2021-03-08
AST-002829,MANU-SCADA-02830,CSE-MANUF-06,Manufacturing,SERVER,SCADA,MEDIUM,MES,APPSEC,YES,DATABASE|OT,2026-08-22T13:53:13Z,ACTIVE,Sentinel-Bridge,PRODUCTION,2022-02-04
AST-002830,MANU-DMZ-02831,CSE-MANUF-06,Manufacturing,DATABASE,DMZ,LOW,Plant Control,APPSEC,YES,ENDPOINT|NETWORK,2026-07-06T07:57:02Z,ACTIVE,QRadar-Archive,DR,2025-03-24
AST-002831,MANU-DMZ-02832,CSE-MANUF-06,Manufacturing,SERVER,DMZ,CRITICAL,MES,SOC,YES,EXFILTRATION|PRIVILEGE|ENDPOINT,2026-09-12T23:59:59Z,ACTIVE,Sentinel-Bridge,DR,2022-06-06
AST-002832,MANU-SCADA-02833,CSE-MANUF-06,Manufacturing,PLC,SCADA,MEDIUM,MES,SOC,YES,OT|WEB,2026-07-11T00:59:11Z,ACTIVE,Sentinel-Bridge,STAGING,2020-03-11
AST-002833,MANU-DMZ-02834,CSE-MANUF-06,Manufacturing,SERVER,DMZ,LOW,ERP,NETSEC,YES,AUTH|NETWORK,2026-08-22T21:11:48Z,ACTIVE,Sentinel-Bridge,PRODUCTION,2023-04-27
AST-002834,MANU-CORPORATE-02835,CSE-MANUF-06,Manufacturing,SERVER,CORPORATE,HIGH,Plant Control,IT-OPS,YES,OT|ENDPOINT|AUTH,2026-07-29T17:31:51Z,ACTIVE,Sentinel-Bridge,STAGING,2021-01-27
AST-002835,MANU-SCADA-02836,CSE-MANUF-06,Manufacturing,APPLICATION,SCADA,CRITICAL,ERP,IT-OPS,YES,ENDPOINT|PRIVILEGE|AUTH,2026-07-08T16:58:17Z,ACTIVE,Splunk-ES,DR,2025-03-12
AST-002836,MANU-OT-02837,CSE-MANUF-06,Manufacturing,DATABASE,OT,HIGH,ERP,OT-OPS,YES,WEB|ENDPOINT|EXFILTRATION,2026-09-19T22:40:15Z,ACTIVE,EDR-Collector,STAGING,2020-08-19
AST-002837,MANU-CORPORATE-02838,CSE-MANUF-06,Manufacturing,NETWORK_DEVICE,CORPORATE,LOW,MES,APPSEC,YES,AUTH|PRIVILEGE,2026-07-03T21:38:22Z,ACTIVE,Splunk-ES,STAGING,2020-05-22
AST-002838,MANU-CORPORATE-02839,CSE-MANUF-06,Manufacturing,DATABASE,CORPORATE,LOW,ERP,OT-OPS,YES,WEB|OT,2026-07-02T21:25:06Z,ACTIVE,Sentinel-Bridge,PRODUCTION,2023-12-20
AST-002839,MANU-OT-02840,CSE-MANUF-06,Manufacturing,NETWORK_DEVICE,OT,CRITICAL,Identity,SOC,YES,NETWORK|DATABASE|PRIVILEGE,2026-08-31T16:38:40Z,ACTIVE,QRadar-Archive,PRODUCTION,2021-03-09
AST-002840,MANU-SCADA-02841,CSE-MANUF-06,Manufacturing,HMI,SCADA,MEDIUM,Plant Control,SOC,YES,PRIVILEGE|NETWORK,2026-07-16T23:01:57Z,ACTIVE,EDR-Collector,STAGING,2021-12-03
AST-002841,MANU-SCADA-02842,CSE-MANUF-06,Manufacturing,PLC,SCADA,MEDIUM,MES,APPSEC,YES,PRIVILEGE|WEB,2026-07-15T11:11:37Z,DEGRADED,QRadar-Archive,PRODUCTION,2020-02-21
AST-002842,MANU-CORPORATE-02843,CSE-MANUF-06,Manufacturing,WORKSTATION,CORPORATE,CRITICAL,MES,APPSEC,YES,OT|AUTH|EXFILTRATION,2026-08-31T20:02:24Z,ACTIVE,Splunk-ES,DR,2025-10-23
AST-002843,MANU-OT-02844,CSE-MANUF-06,Manufacturing,WORKSTATION,OT,HIGH,Identity,OT-OPS,YES,OT|AUTH|EXFILTRATION,2026-07-12T23:56:02Z,ACTIVE,Sentinel-Bridge,PRODUCTION,2023-10-27
AST-002844,MANU-DMZ-02845,CSE-MANUF-06,Manufacturing,WORKSTATION,DMZ,LOW,ERP,NETSEC,YES,AUTH|DATABASE,2026-08-23T21:28:01Z,ACTIVE,EDR-Collector,DR,2026-02-18
AST-002845,MANU-DC-02846,CSE-MANUF-06,Manufacturing,FIREWALL,DC,HIGH,Plant Control,SOC,YES,EXFILTRATION|ENDPOINT|OT,2026-09-27T14:04:42Z,ACTIVE,EDR-Collector,DR,2024-07-16
AST-002846,MANU-DMZ-02847,CSE-MANUF-06,Manufacturing,WORKSTATION,DMZ,LOW,Plant Control,APPSEC,YES,EXFILTRATION|DATABASE,2026-07-18T10:51:21Z,DEGRADED,Sentinel-Bridge,STAGING,2021-01-12
AST-002847,MANU-DMZ-02848,CSE-MANUF-06,Manufacturing,WORKSTATION,DMZ,HIGH,MES,APPSEC,YES,NETWORK|OT|EXFILTRATION,2026-07-30T00:17:22Z,ACTIVE,Sentinel-Bridge,DR,2023-04-02
AST-002848,MANU-DMZ-02849,CSE-MANUF-06,Manufacturing,APPLICATION,DMZ,LOW,MES,OT-OPS,YES,WEB|AUTH,2026-08-09T18:33:35Z,ACTIVE,Splunk-ES,STAGING,2026-02-08
AST-002849,MANU-CORPORATE-02850,CSE-MANUF-06,Manufacturing,WORKSTATION,CORPORATE,MEDIUM,Identity,SOC,YES,ENDPOINT|AUTH,2026-09-27T23:02:08Z,ACTIVE,QRadar-Archive,DR,2025-07-24
AST-002850,MANU-DC-02851,CSE-MANUF-06,Manufacturing,DATABASE,DC,MEDIUM,Identity,SOC,YES,DATABASE|ENDPOINT,2026-07-08T16:31:50Z,ACTIVE,Splunk-ES,DR,2020-12-03
AST-002851,MANU-OT-02852,CSE-MANUF-06,Manufacturing,WORKSTATION,OT,CRITICAL,MES,IT-OPS,YES,AUTH|PRIVILEGE|OT,2026-08-23T04:42:02Z,ACTIVE,Sentinel-Bridge,STAGING,2024-03-19
AST-002852,MANU-CORPORATE-02853,CSE-MANUF-06,Manufacturing,FIREWALL,CORPORATE,LOW,MES,NETSEC,YES,ENDPOINT|OT,2026-08-19T15:14:35Z,ACTIVE,Sentinel-Bridge,DR,2020-05-27
AST-002853,MANU-SCADA-02854,CSE-MANUF-06,Manufacturing,HMI,SCADA,MEDIUM,ERP,APPSEC,YES,PRIVILEGE|AUTH,2026-09-14T08:54:50Z,ACTIVE,EDR-Collector,PRODUCTION,2024-05-19
AST-002854,MANU-CORPORATE-02855,CSE-MANUF-06,Manufacturing,SERVER,CORPORATE,CRITICAL,Identity,NETSEC,YES,AUTH|EXFILTRATION|NETWORK,2026-09-09T18:23:18Z,ACTIVE,Splunk-ES,PRODUCTION,2021-12-16
AST-002855,MANU-OT-02856,CSE-MANUF-06,Manufacturing,WORKSTATION,OT,HIGH,Identity,APPSEC,YES,NETWORK|EXFILTRATION|ENDPOINT,2026-08-27T02:40:22Z,DEGRADED,QRadar-Archive,STAGING,2020-02-22
AST-002856,MANU-CORPORATE-02857,CSE-MANUF-06,Manufacturing,SERVER,CORPORATE,CRITICAL,MES,NETSEC,YES,NETWORK|WEB|DATABASE,2026-08-23T17:31:43Z,DEGRADED,Splunk-ES,PRODUCTION,2020-03-21
AST-002857,MANU-OT-02858,CSE-MANUF-06,Manufacturing,WORKSTATION,OT,HIGH,ERP,SOC,YES,NETWORK|WEB|ENDPOINT,2026-07-14T06:45:31Z,ACTIVE,Sentinel-Bridge,STAGING,2023-12-18
AST-002858,MANU-CORPORATE-02859,CSE-MANUF-06,Manufacturing,WORKSTATION,CORPORATE,LOW,ERP,NETSEC,YES,AUTH|OT,2026-09-17T12:46:35Z,ACTIVE,EDR-Collector,STAGING,2024-08-24
AST-002859,MANU-DC-02860,CSE-MANUF-06,Manufacturing,FIREWALL,DC,LOW,Plant Control,SOC,YES,PRIVILEGE|AUTH,2026-09-12T20:22:45Z,ACTIVE,QRadar-Archive,PRODUCTION,2025-11-16
AST-002860,MANU-SCADA-02861,CSE-MANUF-06,Manufacturing,PLC,SCADA,MEDIUM,ERP,APPSEC,YES,WEB|NETWORK,2026-08-19T23:34:02Z,ACTIVE,EDR-Collector,DR,2024-04-11
AST-002861,MANU-OT-02862,CSE-MANUF-06,Manufacturing,WORKSTATION,OT,MEDIUM,Plant Control,IT-OPS,YES,EXFILTRATION|NETWORK,2026-07-30T19:23:26Z,ACTIVE,QRadar-Archive,STAGING,2026-02-18
AST-002862,MANU-CORPORATE-02863,CSE-MANUF-06,Manufacturing,DATABASE,CORPORATE,LOW,Identity,SOC,YES,PRIVILEGE|OT,2026-09-17T10:55:56Z,ACTIVE,Splunk-ES,PRODUCTION,2025-03-11
AST-002863,MANU-DMZ-02864,CSE-MANUF-06,Manufacturing,DATABASE,DMZ,HIGH,ERP,APPSEC,YES,EXFILTRATION|ENDPOINT|DATABASE,2026-08-02T10:30:39Z,ACTIVE,Splunk-ES,PRODUCTION,2024-04-14
AST-002864,MANU-SCADA-02865,CSE-MANUF-06,Manufacturing,SERVER,SCADA,HIGH,Plant Control,APPSEC,YES,WEB|NETWORK|OT,2026-08-23T08:40:45Z,ACTIVE,EDR-Collector,PRODUCTION,2025-08-13
AST-002865,MANU-CORPORATE-02866,CSE-MANUF-06,Manufacturing,SERVER,CORPORATE,CRITICAL,MES,IT-OPS,YES,WEB|ENDPOINT|DATABASE,2026-07-14T00:19:12Z,ACTIVE,Sentinel-Bridge,PRODUCTION,2022-01-04
AST-002866,MANU-SCADA-02867,CSE-MANUF-06,Manufacturing,SERVER,SCADA,LOW,ERP,OT-OPS,YES,EXFILTRATION|NETWORK,2026-09-10T21:54:28Z,ACTIVE,EDR-Collector,DR,2023-12-27
AST-002867,MANU-DC-02868,CSE-MANUF-06,Manufacturing,NETWORK_DEVICE,DC,HIGH,MES,OT-OPS,YES,WEB|PRIVILEGE|OT,2026-07-19T14:05:01Z,ACTIVE,QRadar-Archive,STAGING,2023-02-04
AST-002868,MANU-CORPORATE-02869,CSE-MANUF-06,Manufacturing,FIREWALL,CORPORATE,HIGH,MES,APPSEC,YES,NETWORK|AUTH|PRIVILEGE,2026-08-14T19:00:03Z,DEGRADED,Sentinel-Bridge,DR,2025-10-02
AST-002869,MANU-CORPORATE-02870,CSE-MANUF-06,Manufacturing,WORKSTATION,CORPORATE,MEDIUM,Identity,IT-OPS,YES,AUTH|DATABASE,2026-07-31T20:05:35Z,ACTIVE,Splunk-ES,STAGING,2020-06-30
AST-002870,MANU-SCADA-02871,CSE-MANUF-06,Manufacturing,HMI,SCADA,LOW,Plant Control,APPSEC,YES,NETWORK|WEB,2026-09-13T10:16:32Z,ACTIVE,Sentinel-Bridge,STAGING,2020-09-23
AST-002871,MANU-OT-02872,CSE-MANUF-06,Manufacturing,APPLICATION,OT,LOW,Plant Control,APPSEC,YES,AUTH|NETWORK,2026-08-25T14:37:16Z,ACTIVE,QRadar-Archive,DR,2024-01-30
AST-002872,MANU-CORPORATE-02873,CSE-MANUF-06,Manufacturing,DATABASE,CORPORATE,MEDIUM,MES,IT-OPS,YES,OT|PRIVILEGE,2026-09-27T13:38:38Z,ACTIVE,QRadar-Archive,STAGING,2020-04-19
AST-002873,MANU-SCADA-02874,CSE-MANUF-06,Manufacturing,HMI,SCADA,MEDIUM,MES,SOC,YES,PRIVILEGE|NETWORK,2026-09-13T19:03:08Z,ACTIVE,Sentinel-Bridge,PRODUCTION,2026-03-25
AST-002874,MANU-DC-02875,CSE-MANUF-06,Manufacturing,APPLICATION,DC,MEDIUM,Identity,NETSEC,YES,ENDPOINT|EXFILTRATION,2026-08-25T19:58:37Z,ACTIVE,EDR-Collector,STAGING,2021-04-24
AST-002875,MANU-SCADA-02876,CSE-MANUF-06,Manufacturing,HMI,SCADA,HIGH,Plant Control,SOC,YES,NETWORK|PRIVILEGE|AUTH,2026-07-29T21:15:11Z,DEGRADED,EDR-Collector,DR,2022-03-08
AST-002876,MANU-DC-02877,CSE-MANUF-06,Manufacturing,SERVER,DC,LOW,MES,SOC,YES,ENDPOINT|NETWORK,2026-09-29T06:25:36Z,ACTIVE,Splunk-ES,DR,2025-06-19
AST-002877,MANU-DC-02878,CSE-MANUF-06,Manufacturing,SERVER,DC,CRITICAL,Plant Control,OT-OPS,YES,PRIVILEGE|OT|NETWORK,2026-08-29T04:33:49Z,ACTIVE,EDR-Collector,STAGING,2024-07-30
AST-002878,MANU-CORPORATE-02879,CSE-MANUF-06,Manufacturing,NETWORK_DEVICE,CORPORATE,MEDIUM,ERP,SOC,YES,NETWORK|PRIVILEGE,2026-09-27T20:20:14Z,ACTIVE,Splunk-ES,PRODUCTION,2022-08-19
AST-002879,MANU-CORPORATE-02880,CSE-MANUF-06,Manufacturing,WORKSTATION,CORPORATE,MEDIUM,Identity,IT-OPS,YES,EXFILTRATION|ENDPOINT,2026-09-30T12:18:41Z,ACTIVE,QRadar-Archive,STAGING,2024-07-03
AST-002880,MANU-DC-02881,CSE-MANUF-06,Manufacturing,WORKSTATION,DC,HIGH,MES,OT-OPS,YES,AUTH|OT|ENDPOINT,2026-07-09T20:46:04Z,ACTIVE,Splunk-ES,PRODUCTION,2025-06-24
AST-002881,MANU-SCADA-02882,CSE-MANUF-06,Manufacturing,WORKSTATION,SCADA,HIGH,MES,IT-OPS,YES,NETWORK|AUTH|PRIVILEGE,2026-09-08T06:04:54Z,ACTIVE,EDR-Collector,DR,2020-04-09
AST-002882,MANU-CORPORATE-02883,CSE-MANUF-06,Manufacturing,SERVER,CORPORATE,HIGH,Plant Control,OT-OPS,YES,OT|AUTH|PRIVILEGE,2026-07-06T04:51:21Z,ACTIVE,QRadar-Archive,DR,2023-03-20
AST-002883,MANU-DMZ-02884,CSE-MANUF-06,Manufacturing,FIREWALL,DMZ,LOW,Identity,NETSEC,YES,AUTH|WEB,2026-08-29T12:03:58Z,ACTIVE,Sentinel-Bridge,DR,2020-01-23
AST-002884,MANU-DMZ-02885,CSE-MANUF-06,Manufacturing,APPLICATION,DMZ,LOW,Identity,NETSEC,YES,AUTH|EXFILTRATION,2026-08-09T21:59:46Z,ACTIVE,Splunk-ES,DR,2022-06-16
AST-002885,MANU-CORPORATE-02886,CSE-MANUF-06,Manufacturing,DATABASE,CORPORATE,MEDIUM,Identity,SOC,YES,AUTH|NETWORK,2026-07-18T11:55:23Z,ACTIVE,EDR-Collector,PRODUCTION,2021-03-23
AST-002886,MANU-CORPORATE-02887,CSE-MANUF-06,Manufacturing,DATABASE,CORPORATE,MEDIUM,Identity,IT-OPS,YES,EXFILTRATION|AUTH,2026-08-07T23:22:19Z,ACTIVE,Sentinel-Bridge,STAGING,2022-04-13
AST-002887,MANU-CORPORATE-02888,CSE-MANUF-06,Manufacturing,APPLICATION,CORPORATE,MEDIUM,ERP,IT-OPS,YES,OT|AUTH,2026-07-10T16:05:55Z,ACTIVE,Splunk-ES,PRODUCTION,2022-01-09
AST-002888,MANU-DMZ-02889,CSE-MANUF-06,Manufacturing,FIREWALL,DMZ,HIGH,Identity,SOC,YES,AUTH|ENDPOINT|WEB,2026-09-25T19:12:27Z,MISSING,QRadar-Archive,PRODUCTION,2020-09-14
AST-002889,MANU-SCADA-02890,CSE-MANUF-06,Manufacturing,DATABASE,SCADA,MEDIUM,Plant Control,NETSEC,YES,WEB|AUTH,2026-08-16T05:12:14Z,ACTIVE,Splunk-ES,STAGING,2024-10-18
AST-002890,MANU-SCADA-02891,CSE-MANUF-06,Manufacturing,APPLICATION,SCADA,MEDIUM,MES,IT-OPS,YES,NETWORK|OT,2026-09-14T23:54:13Z,ACTIVE,Sentinel-Bridge,STAGING,2025-03-28
AST-002891,MANU-CORPORATE-02892,CSE-MANUF-06,Manufacturing,WORKSTATION,CORPORATE,MEDIUM,Plant Control,SOC,YES,ENDPOINT|OT,2026-07-14T17:44:04Z,ACTIVE,EDR-Collector,DR,2021-01-21
AST-002892,MANU-SCADA-02893,CSE-MANUF-06,Manufacturing,SERVER,SCADA,HIGH,Plant Control,SOC,YES,WEB|OT|NETWORK,2026-08-02T17:13:11Z,ACTIVE,Sentinel-Bridge,DR,2020-02-29
AST-002893,MANU-CORPORATE-02894,CSE-MANUF-06,Manufacturing,WORKSTATION,CORPORATE,MEDIUM,Plant Control,SOC,YES,NETWORK|DATABASE,2026-09-10T12:35:04Z,ACTIVE,Splunk-ES,DR,2021-01-01
AST-002894,MANU-SCADA-02895,CSE-MANUF-06,Manufacturing,SERVER,SCADA,CRITICAL,MES,IT-OPS,YES,AUTH|PRIVILEGE|OT,2026-08-29T21:52:14Z,ACTIVE,Sentinel-Bridge,STAGING,2021-08-23
AST-002895,MANU-CORPORATE-02896,CSE-MANUF-06,Manufacturing,APPLICATION,CORPORATE,MEDIUM,Identity,APPSEC,YES,NETWORK|WEB,2026-08-17T01:02:07Z,ACTIVE,EDR-Collector,DR,2025-07-06
AST-002896,MANU-SCADA-02897,CSE-MANUF-06,Manufacturing,FIREWALL,SCADA,LOW,Plant Control,APPSEC,YES,EXFILTRATION|NETWORK,2026-08-07T21:29:50Z,MISSING,Sentinel-Bridge,DR,2022-01-12
AST-002897,MANU-DC-02898,CSE-MANUF-06,Manufacturing,FIREWALL,DC,LOW,Identity,NETSEC,YES,NETWORK|DATABASE,2026-09-26T17:14:52Z,ACTIVE,EDR-Collector,DR,2020-10-19
AST-002898,MANU-CORPORATE-02899,CSE-MANUF-06,Manufacturing,DATABASE,CORPORATE,LOW,MES,APPSEC,YES,PRIVILEGE|AUTH,2026-07-11T08:43:44Z,ACTIVE,EDR-Collector,STAGING,2026-02-11
AST-002899,MANU-CORPORATE-02900,CSE-MANUF-06,Manufacturing,SERVER,CORPORATE,HIGH,Identity,SOC,YES,WEB|AUTH|ENDPOINT,2026-09-08T18:12:39Z,ACTIVE,EDR-Collector,STAGING,2020-11-11
AST-002900,MANU-DC-02901,CSE-MANUF-06,Manufacturing,WORKSTATION,DC,LOW,ERP,OT-OPS,YES,NETWORK|WEB,2026-09-13T03:40:49Z,ACTIVE,Sentinel-Bridge,PRODUCTION,2024-09-13
AST-002901,MANU-DMZ-02902,CSE-MANUF-06,Manufacturing,APPLICATION,DMZ,HIGH,ERP,OT-OPS,YES,WEB|PRIVILEGE|OT,2026-07-21T22:07:09Z,ACTIVE,QRadar-Archive,DR,2021-03-29
AST-002902,MANU-DC-02903,CSE-MANUF-06,Manufacturing,NETWORK_DEVICE,DC,MEDIUM,Identity,OT-OPS,YES,EXFILTRATION|NETWORK,2026-08-03T09:57:10Z,ACTIVE,EDR-Collector,STAGING,2022-08-30
AST-002903,MANU-CORPORATE-02904,CSE-MANUF-06,Manufacturing,NETWORK_DEVICE,CORPORATE,LOW,ERP,IT-OPS,YES,AUTH|EXFILTRATION,2026-09-18T19:13:40Z,MISSING,Sentinel-Bridge,PRODUCTION,2023-06-29
AST-002904,MANU-CORPORATE-02905,CSE-MANUF-06,Manufacturing,SERVER,CORPORATE,LOW,MES,SOC,YES,AUTH|PRIVILEGE,2026-07-22T13:36:57Z,ACTIVE,QRadar-Archive,PRODUCTION,2026-03-22
AST-002905,MANU-CORPORATE-02906,CSE-MANUF-06,Manufacturing,SERVER,CORPORATE,LOW,Identity,NETSEC,YES,OT|PRIVILEGE,2026-09-28T12:03:28Z,ACTIVE,Splunk-ES,STAGING,2020-09-14
AST-002906,MANU-SCADA-02907,CSE-MANUF-06,Manufacturing,PLC,SCADA,HIGH,ERP,IT-OPS,YES,AUTH|OT|ENDPOINT,2026-08-12T09:27:19Z,ACTIVE,Sentinel-Bridge,STAGING,2019-12-18
AST-002907,MANU-DMZ-02908,CSE-MANUF-06,Manufacturing,NETWORK_DEVICE,DMZ,HIGH,MES,SOC,YES,WEB|DATABASE|AUTH,2026-09-19T07:20:27Z,DEGRADED,Splunk-ES,DR,2021-10-19
AST-002908,MANU-OT-02909,CSE-MANUF-06,Manufacturing,SERVER,OT,HIGH,MES,OT-OPS,YES,AUTH|EXFILTRATION|DATABASE,2026-07-31T22:10:21Z,ACTIVE,Splunk-ES,DR,2020-09-30
AST-002909,MANU-OT-02910,CSE-MANUF-06,Manufacturing,DATABASE,OT,HIGH,Identity,OT-OPS,YES,PRIVILEGE|WEB|DATABASE,2026-09-02T11:29:21Z,ACTIVE,EDR-Collector,PRODUCTION,2020-02-08
AST-002910,MANU-CORPORATE-02911,CSE-MANUF-06,Manufacturing,SERVER,CORPORATE,HIGH,ERP,OT-OPS,YES,NETWORK|OT|AUTH,2026-07-24T07:29:33Z,ACTIVE,Splunk-ES,STAGING,2023-08-21
AST-002911,MANU-CORPORATE-02912,CSE-MANUF-06,Manufacturing,SERVER,CORPORATE,CRITICAL,Plant Control,SOC,YES,ENDPOINT|NETWORK|AUTH,2026-09-30T05:31:15Z,DEGRADED,Splunk-ES,PRODUCTION,2020-06-13
AST-002912,MANU-SCADA-02913,CSE-MANUF-06,Manufacturing,PLC,SCADA,LOW,ERP,SOC,YES,DATABASE|NETWORK,2026-08-27T13:18:45Z,ACTIVE,QRadar-Archive,DR,2024-03-06
AST-002913,MANU-CORPORATE-02914,CSE-MANUF-06,Manufacturing,FIREWALL,CORPORATE,MEDIUM,ERP,APPSEC,YES,DATABASE|PRIVILEGE,2026-08-11T14:41:28Z,ACTIVE,EDR-Collector,STAGING,2020-05-30
AST-002914,MANU-OT-02915,CSE-MANUF-06,Manufacturing,APPLICATION,OT,CRITICAL,MES,NETSEC,YES,ENDPOINT|OT|EXFILTRATION,2026-07-13T16:26:00Z,ACTIVE,Sentinel-Bridge,PRODUCTION,2023-10-17
AST-002915,MANU-CORPORATE-02916,CSE-MANUF-06,Manufacturing,DATABASE,CORPORATE,HIGH,ERP,APPSEC,YES,OT|NETWORK|AUTH,2026-07-19T01:40:57Z,MISSING,QRadar-Archive,STAGING,2022-07-28
AST-002916,MANU-SCADA-02917,CSE-MANUF-06,Manufacturing,PLC,SCADA,HIGH,ERP,IT-OPS,YES,DATABASE|OT|ENDPOINT,2026-09-09T05:10:13Z,MISSING,QRadar-Archive,PRODUCTION,2022-11-19
AST-002917,MANU-DMZ-02918,CSE-MANUF-06,Manufacturing,SERVER,DMZ,CRITICAL,Identity,OT-OPS,YES,EXFILTRATION|NETWORK|AUTH,2026-08-08T19:04:32Z,ACTIVE,QRadar-Archive,PRODUCTION,2020-08-24
AST-002918,MANU-DMZ-02919,CSE-MANUF-06,Manufacturing,NETWORK_DEVICE,DMZ,MEDIUM,Plant Control,OT-OPS,YES,OT|NETWORK,2026-09-02T07:59:11Z,ACTIVE,QRadar-Archive,DR,2024-05-05
AST-002919,MANU-OT-02920,CSE-MANUF-06,Manufacturing,SERVER,OT,CRITICAL,ERP,IT-OPS,YES,PRIVILEGE|OT|ENDPOINT,2026-07-08T16:23:50Z,ACTIVE,QRadar-Archive,DR,2022-10-01
AST-002920,MANU-DMZ-02921,CSE-MANUF-06,Manufacturing,FIREWALL,DMZ,CRITICAL,Plant Control,OT-OPS,YES,PRIVILEGE|OT|WEB,2026-09-23T01:35:15Z,ACTIVE,Sentinel-Bridge,PRODUCTION,2020-06-20
AST-002921,MANU-DMZ-02922,CSE-MANUF-06,Manufacturing,APPLICATION,DMZ,CRITICAL,MES,APPSEC,YES,OT|EXFILTRATION|WEB,2026-07-08T23:30:15Z,DEGRADED,EDR-Collector,PRODUCTION,2026-02-18
AST-002922,MANU-CORPORATE-02923,CSE-MANUF-06,Manufacturing,NETWORK_DEVICE,CORPORATE,MEDIUM,Identity,SOC,YES,ENDPOINT|AUTH,2026-07-01T02:16:38Z,ACTIVE,Sentinel-Bridge,DR,2022-02-27
AST-002923,MANU-DC-02924,CSE-MANUF-06,Manufacturing,SERVER,DC,CRITICAL,ERP,OT-OPS,YES,OT|WEB|AUTH,2026-09-06T13:39:44Z,ACTIVE,EDR-Collector,STAGING,2025-01-11
AST-002924,MANU-CORPORATE-02925,CSE-MANUF-06,Manufacturing,WORKSTATION,CORPORATE,MEDIUM,ERP,NETSEC,YES,EXFILTRATION|AUTH,2026-08-07T21:11:52Z,ACTIVE,EDR-Collector,DR,2023-02-11
AST-002925,MANU-DMZ-02926,CSE-MANUF-06,Manufacturing,SERVER,DMZ,MEDIUM,ERP,SOC,YES,OT|EXFILTRATION,2026-08-06T11:52:58Z,ACTIVE,Sentinel-Bridge,PRODUCTION,2020-04-26
AST-002926,MANU-DC-02927,CSE-MANUF-06,Manufacturing,SERVER,DC,MEDIUM,MES,SOC,YES,ENDPOINT|NETWORK,2026-09-26T00:13:27Z,ACTIVE,Sentinel-Bridge,DR,2020-02-19
AST-002927,MANU-CORPORATE-02928,CSE-MANUF-06,Manufacturing,DATABASE,CORPORATE,CRITICAL,MES,NETSEC,YES,DATABASE|ENDPOINT|PRIVILEGE,2026-09-16T05:08:33Z,ACTIVE,Sentinel-Bridge,DR,2020-06-21
AST-002928,MANU-CORPORATE-02929,CSE-MANUF-06,Manufacturing,NETWORK_DEVICE,CORPORATE,LOW,Plant Control,SOC,YES,ENDPOINT|WEB,2026-09-17T08:02:50Z,ACTIVE,Sentinel-Bridge,PRODUCTION,2025-02-17
AST-002929,MANU-CORPORATE-02930,CSE-MANUF-06,Manufacturing,SERVER,CORPORATE,CRITICAL,ERP,IT-OPS,YES,AUTH|EXFILTRATION|NETWORK,2026-08-18T09:37:44Z,ACTIVE,Sentinel-Bridge,PRODUCTION,2022-11-27
AST-002930,MANU-CORPORATE-02931,CSE-MANUF-06,Manufacturing,APPLICATION,CORPORATE,MEDIUM,Identity,OT-OPS,YES,ENDPOINT|OT,2026-09-03T07:10:36Z,ACTIVE,Sentinel-Bridge,STAGING,2021-09-06
AST-002931,MANU-CORPORATE-02932,CSE-MANUF-06,Manufacturing,WORKSTATION,CORPORATE,MEDIUM,Plant Control,APPSEC,YES,EXFILTRATION|PRIVILEGE,2026-07-01T19:16:18Z,ACTIVE,Splunk-ES,PRODUCTION,2022-12-05
AST-002932,MANU-CORPORATE-02933,CSE-MANUF-06,Manufacturing,SERVER,CORPORATE,HIGH,MES,APPSEC,YES,DATABASE|OT|NETWORK,2026-08-13T13:50:07Z,ACTIVE,Sentinel-Bridge,DR,2023-06-12
AST-002933,MANU-DMZ-02934,CSE-MANUF-06,Manufacturing,FIREWALL,DMZ,LOW,ERP,IT-OPS,YES,ENDPOINT|EXFILTRATION,2026-08-24T23:40:07Z,ACTIVE,EDR-Collector,PRODUCTION,2022-03-20
AST-002934,MANU-SCADA-02935,CSE-MANUF-06,Manufacturing,HMI,SCADA,MEDIUM,Identity,APPSEC,YES,WEB|OT,2026-08-16T20:00:41Z,ACTIVE,Splunk-ES,DR,2020-03-12
AST-002935,MANU-CORPORATE-02936,CSE-MANUF-06,Manufacturing,NETWORK_DEVICE,CORPORATE,LOW,ERP,NETSEC,YES,DATABASE|PRIVILEGE,2026-08-31T22:59:06Z,ACTIVE,Sentinel-Bridge,DR,2024-07-24
AST-002936,MANU-CORPORATE-02937,CSE-MANUF-06,Manufacturing,WORKSTATION,CORPORATE,MEDIUM,Plant Control,IT-OPS,YES,WEB|EXFILTRATION,2026-08-11T20:58:29Z,ACTIVE,QRadar-Archive,DR,2021-02-17
AST-002937,MANU-DMZ-02938,CSE-MANUF-06,Manufacturing,NETWORK_DEVICE,DMZ,MEDIUM,Identity,OT-OPS,YES,AUTH|PRIVILEGE,2026-08-28T09:27:19Z,ACTIVE,Sentinel-Bridge,STAGING,2019-12-13
AST-002938,MANU-CORPORATE-02939,CSE-MANUF-06,Manufacturing,SERVER,CORPORATE,HIGH,Identity,NETSEC,YES,AUTH|DATABASE|OT,2026-09-08T17:50:15Z,ACTIVE,EDR-Collector,STAGING,2025-06-13
AST-002939,MANU-DMZ-02940,CSE-MANUF-06,Manufacturing,NETWORK_DEVICE,DMZ,HIGH,Identity,APPSEC,YES,ENDPOINT|DATABASE|NETWORK,2026-07-21T21:17:53Z,ACTIVE,EDR-Collector,DR,2023-07-05
AST-002940,MANU-CORPORATE-02941,CSE-MANUF-06,Manufacturing,SERVER,CORPORATE,LOW,Plant Control,NETSEC,YES,DATABASE|ENDPOINT,2026-07-21T14:41:35Z,ACTIVE,EDR-Collector,PRODUCTION,2023-07-29
AST-002941,MANU-CORPORATE-02942,CSE-MANUF-06,Manufacturing,WORKSTATION,CORPORATE,MEDIUM,MES,SOC,YES,EXFILTRATION|AUTH,2026-09-17T21:26:02Z,ACTIVE,QRadar-Archive,DR,2022-10-23
AST-002942,MANU-SCADA-02943,CSE-MANUF-06,Manufacturing,SERVER,SCADA,MEDIUM,MES,OT-OPS,YES,AUTH|PRIVILEGE,2026-07-29T12:05:16Z,ACTIVE,EDR-Collector,PRODUCTION,2025-02-15
AST-002943,MANU-DC-02944,CSE-MANUF-06,Manufacturing,WORKSTATION,DC,LOW,MES,NETSEC,YES,AUTH|WEB,2026-07-17T22:37:10Z,ACTIVE,Splunk-ES,STAGING,2021-02-27
AST-002944,MANU-DC-02945,CSE-MANUF-06,Manufacturing,FIREWALL,DC,HIGH,ERP,APPSEC,YES,OT|DATABASE|WEB,2026-08-23T05:46:16Z,ACTIVE,QRadar-Archive,DR,2022-08-07
AST-002945,MANU-CORPORATE-02946,CSE-MANUF-06,Manufacturing,SERVER,CORPORATE,MEDIUM,Identity,APPSEC,YES,EXFILTRATION|PRIVILEGE,2026-08-22T18:26:59Z,ACTIVE,EDR-Collector,DR,2021-07-20
AST-002946,MANU-OT-02947,CSE-MANUF-06,Manufacturing,DATABASE,OT,CRITICAL,Plant Control,SOC,YES,AUTH|PRIVILEGE|DATABASE,2026-08-23T01:48:16Z,ACTIVE,Sentinel-Bridge,DR,2020-08-16
AST-002947,MANU-DMZ-02948,CSE-MANUF-06,Manufacturing,WORKSTATION,DMZ,LOW,Plant Control,SOC,YES,AUTH|ENDPOINT,2026-08-17T23:10:59Z,ACTIVE,QRadar-Archive,STAGING,2022-07-02
AST-002948,MANU-DC-02949,CSE-MANUF-06,Manufacturing,SERVER,DC,HIGH,Identity,SOC,YES,ENDPOINT|NETWORK|AUTH,2026-09-20T02:17:41Z,ACTIVE,EDR-Collector,STAGING,2021-10-17
AST-002949,MANU-DC-02950,CSE-MANUF-06,Manufacturing,SERVER,DC,LOW,ERP,SOC,YES,OT|DATABASE,2026-07-16T04:53:59Z,ACTIVE,Splunk-ES,PRODUCTION,2020-11-25
AST-002950,MANU-CORPORATE-02951,CSE-MANUF-06,Manufacturing,SERVER,CORPORATE,HIGH,Identity,SOC,YES,DATABASE|OT|NETWORK,2026-09-27T13:57:46Z,ACTIVE,QRadar-Archive,PRODUCTION,2024-02-22
AST-002951,MANU-CORPORATE-02952,CSE-MANUF-06,Manufacturing,SERVER,CORPORATE,MEDIUM,Plant Control,OT-OPS,YES,ENDPOINT|DATABASE,2026-07-19T12:54:26Z,ACTIVE,Sentinel-Bridge,PRODUCTION,2024-06-01
AST-002952,MANU-DC-02953,CSE-MANUF-06,Manufacturing,SERVER,DC,LOW,Identity,IT-OPS,YES,NETWORK|OT,2026-09-09T13:12:16Z,ACTIVE,Sentinel-Bridge,STAGING,2023-12-23
AST-002953,MANU-OT-02954,CSE-MANUF-06,Manufacturing,FIREWALL,OT,MEDIUM,MES,APPSEC,YES,AUTH|EXFILTRATION,2026-09-30T19:01:20Z,ACTIVE,Sentinel-Bridge,STAGING,2025-04-20
AST-002954,MANU-SCADA-02955,CSE-MANUF-06,Manufacturing,HMI,SCADA,HIGH,Identity,IT-OPS,YES,EXFILTRATION|PRIVILEGE|OT,2026-09-01T09:31:48Z,ACTIVE,Splunk-ES,PRODUCTION,2025-10-13
AST-002955,MANU-CORPORATE-02956,CSE-MANUF-06,Manufacturing,SERVER,CORPORATE,HIGH,Plant Control,OT-OPS,YES,ENDPOINT|DATABASE|OT,2026-07-22T13:01:46Z,ACTIVE,Splunk-ES,PRODUCTION,2023-09-17
AST-002956,MANU-CORPORATE-02957,CSE-MANUF-06,Manufacturing,DATABASE,CORPORATE,LOW,MES,NETSEC,YES,AUTH|NETWORK,2026-09-04T05:23:43Z,ACTIVE,Splunk-ES,STAGING,2020-10-23
AST-002957,MANU-DMZ-02958,CSE-MANUF-06,Manufacturing,SERVER,DMZ,LOW,ERP,OT-OPS,YES,DATABASE|AUTH,2026-07-05T07:54:50Z,ACTIVE,QRadar-Archive,DR,2023-07-04
AST-002958,MANU-DC-02959,CSE-MANUF-06,Manufacturing,SERVER,DC,MEDIUM,MES,IT-OPS,YES,OT|PRIVILEGE,2026-08-13T01:15:42Z,ACTIVE,Sentinel-Bridge,DR,2020-03-04
AST-002959,MANU-CORPORATE-02960,CSE-MANUF-06,Manufacturing,DATABASE,CORPORATE,LOW,Plant Control,APPSEC,YES,AUTH|EXFILTRATION,2026-07-02T12:09:17Z,ACTIVE,EDR-Collector,STAGING,2021-07-10
AST-002960,MANU-CORPORATE-02961,CSE-MANUF-06,Manufacturing,NETWORK_DEVICE,CORPORATE,MEDIUM,Identity,APPSEC,YES,EXFILTRATION|DATABASE,2026-09-21T13:17:48Z,ACTIVE,Splunk-ES,DR,2021-08-19
AST-002961,MANU-CORPORATE-02962,CSE-MANUF-06,Manufacturing,SERVER,CORPORATE,HIGH,ERP,APPSEC,YES,ENDPOINT|PRIVILEGE|AUTH,2026-09-21T14:24:55Z,ACTIVE,Splunk-ES,STAGING,2022-03-28
AST-002962,MANU-CORPORATE-02963,CSE-MANUF-06,Manufacturing,APPLICATION,CORPORATE,HIGH,Identity,OT-OPS,YES,PRIVILEGE|WEB|ENDPOINT,2026-08-20T16:16:11Z,ACTIVE,Splunk-ES,DR,2023-08-19
AST-002963,MANU-SCADA-02964,CSE-MANUF-06,Manufacturing,HMI,SCADA,LOW,MES,OT-OPS,YES,WEB|OT,2026-08-13T12:50:45Z,DEGRADED,Splunk-ES,DR,2021-12-16
AST-002964,MANU-DMZ-02965,CSE-MANUF-06,Manufacturing,WORKSTATION,DMZ,LOW,Identity,SOC,YES,NETWORK|PRIVILEGE,2026-09-15T05:13:00Z,ACTIVE,QRadar-Archive,DR,2020-10-29
AST-002965,MANU-DMZ-02966,CSE-MANUF-06,Manufacturing,FIREWALL,DMZ,LOW,MES,APPSEC,YES,EXFILTRATION|AUTH,2026-07-16T08:37:52Z,ACTIVE,EDR-Collector,STAGING,2021-01-25
AST-002966,MANU-DC-02967,CSE-MANUF-06,Manufacturing,NETWORK_DEVICE,DC,LOW,Identity,IT-OPS,YES,DATABASE|EXFILTRATION,2026-07-24T05:19:09Z,ACTIVE,Splunk-ES,STAGING,2022-07-27
AST-002967,MANU-CORPORATE-02968,CSE-MANUF-06,Manufacturing,DATABASE,CORPORATE,MEDIUM,ERP,SOC,YES,EXFILTRATION|ENDPOINT,2026-07-03T09:29:55Z,ACTIVE,QRadar-Archive,PRODUCTION,2021-08-29
AST-002968,MANU-DC-02969,CSE-MANUF-06,Manufacturing,WORKSTATION,DC,MEDIUM,Identity,SOC,YES,AUTH|ENDPOINT,2026-08-31T00:14:29Z,ACTIVE,QRadar-Archive,DR,2024-07-06
AST-002969,MANU-DMZ-02970,CSE-MANUF-06,Manufacturing,NETWORK_DEVICE,DMZ,HIGH,ERP,OT-OPS,YES,EXFILTRATION|OT|WEB,2026-09-23T05:16:22Z,ACTIVE,Splunk-ES,PRODUCTION,2023-07-07
AST-002970,MANU-OT-02971,CSE-MANUF-06,Manufacturing,SERVER,OT,HIGH,MES,IT-OPS,YES,DATABASE|ENDPOINT|NETWORK,2026-09-19T01:23:34Z,ACTIVE,Splunk-ES,PRODUCTION,2022-08-12
AST-002971,MANU-DC-02972,CSE-MANUF-06,Manufacturing,FIREWALL,DC,MEDIUM,ERP,APPSEC,YES,DATABASE|ENDPOINT,2026-09-18T18:32:28Z,ACTIVE,QRadar-Archive,STAGING,2025-02-04
AST-002972,MANU-DC-02973,CSE-MANUF-06,Manufacturing,DATABASE,DC,HIGH,ERP,IT-OPS,YES,PRIVILEGE|OT|WEB,2026-09-08T07:43:46Z,DEGRADED,Sentinel-Bridge,PRODUCTION,2023-09-17
AST-002973,MANU-SCADA-02974,CSE-MANUF-06,Manufacturing,DATABASE,SCADA,HIGH,Identity,NETSEC,YES,PRIVILEGE|EXFILTRATION|OT,2026-07-26T13:48:10Z,ACTIVE,Splunk-ES,PRODUCTION,2022-12-23
AST-002974,MANU-CORPORATE-02975,CSE-MANUF-06,Manufacturing,APPLICATION,CORPORATE,HIGH,MES,OT-OPS,YES,NETWORK|AUTH|PRIVILEGE,2026-07-24T16:18:59Z,ACTIVE,QRadar-Archive,PRODUCTION,2024-10-30
AST-002975,MANU-OT-02976,CSE-MANUF-06,Manufacturing,SERVER,OT,MEDIUM,MES,NETSEC,YES,AUTH|DATABASE,2026-09-26T02:24:00Z,ACTIVE,QRadar-Archive,PRODUCTION,2021-01-17
AST-002976,MANU-CORPORATE-02977,CSE-MANUF-06,Manufacturing,FIREWALL,CORPORATE,HIGH,MES,IT-OPS,YES,AUTH|ENDPOINT|NETWORK,2026-07-01T11:58:47Z,ACTIVE,Splunk-ES,STAGING,2019-12-20
AST-002977,MANU-CORPORATE-02978,CSE-MANUF-06,Manufacturing,APPLICATION,CORPORATE,HIGH,ERP,APPSEC,YES,OT|NETWORK|EXFILTRATION,2026-07-13T13:44:53Z,ACTIVE,QRadar-Archive,PRODUCTION,2021-04-17
AST-002978,MANU-DMZ-02979,CSE-MANUF-06,Manufacturing,WORKSTATION,DMZ,MEDIUM,Plant Control,IT-OPS,YES,AUTH|OT,2026-07-07T21:41:48Z,ACTIVE,EDR-Collector,STAGING,2024-12-29
AST-002979,MANU-DC-02980,CSE-MANUF-06,Manufacturing,SERVER,DC,MEDIUM,Identity,NETSEC,YES,OT|NETWORK,2026-08-21T15:13:30Z,DEGRADED,Sentinel-Bridge,DR,2021-10-12
AST-002980,MANU-SCADA-02981,CSE-MANUF-06,Manufacturing,FIREWALL,SCADA,CRITICAL,Plant Control,NETSEC,YES,PRIVILEGE|DATABASE|ENDPOINT,2026-07-31T00:33:50Z,ACTIVE,Splunk-ES,STAGING,2024-08-30
AST-002981,MANU-DC-02982,CSE-MANUF-06,Manufacturing,SERVER,DC,MEDIUM,Plant Control,SOC,YES,OT|DATABASE,2026-08-27T12:09:51Z,ACTIVE,QRadar-Archive,STAGING,2023-04-17
AST-002982,MANU-DMZ-02983,CSE-MANUF-06,Manufacturing,APPLICATION,DMZ,CRITICAL,Plant Control,SOC,YES,AUTH|EXFILTRATION|ENDPOINT,2026-07-23T03:17:06Z,ACTIVE,QRadar-Archive,DR,2021-02-15
AST-002983,MANU-DC-02984,CSE-MANUF-06,Manufacturing,DATABASE,DC,MEDIUM,ERP,OT-OPS,YES,EXFILTRATION|ENDPOINT,2026-08-03T14:59:34Z,ACTIVE,Sentinel-Bridge,DR,2024-05-28
AST-002984,MANU-SCADA-02985,CSE-MANUF-06,Manufacturing,SERVER,SCADA,LOW,Plant Control,APPSEC,YES,NETWORK|PRIVILEGE,2026-09-02T16:35:54Z,ACTIVE,EDR-Collector,PRODUCTION,2025-01-12
AST-002985,MANU-CORPORATE-02986,CSE-MANUF-06,Manufacturing,SERVER,CORPORATE,MEDIUM,ERP,NETSEC,YES,ENDPOINT|AUTH,2026-09-26T15:38:58Z,ACTIVE,EDR-Collector,STAGING,2024-11-02
AST-002986,MANU-CORPORATE-02987,CSE-MANUF-06,Manufacturing,FIREWALL,CORPORATE,MEDIUM,Identity,IT-OPS,YES,PRIVILEGE|WEB,2026-07-04T15:41:21Z,ACTIVE,EDR-Collector,PRODUCTION,2022-10-09
AST-002987,MANU-SCADA-02988,CSE-MANUF-06,Manufacturing,PLC,SCADA,LOW,MES,IT-OPS,YES,DATABASE|WEB,2026-08-13T07:52:18Z,ACTIVE,Sentinel-Bridge,STAGING,2022-06-30
AST-002988,MANU-CORPORATE-02989,CSE-MANUF-06,Manufacturing,DATABASE,CORPORATE,CRITICAL,Identity,IT-OPS,YES,WEB|AUTH|NETWORK,2026-08-20T21:51:47Z,DEGRADED,Sentinel-Bridge,DR,2024-12-16
AST-002989,MANU-DC-02990,CSE-MANUF-06,Manufacturing,DATABASE,DC,MEDIUM,Identity,SOC,YES,WEB|NETWORK,2026-07-09T17:57:02Z,DEGRADED,Splunk-ES,STAGING,2025-10-13
AST-002990,MANU-DC-02991,CSE-MANUF-06,Manufacturing,NETWORK_DEVICE,DC,LOW,Plant Control,APPSEC,YES,AUTH|ENDPOINT,2026-08-18T11:55:45Z,ACTIVE,QRadar-Archive,PRODUCTION,2021-07-23
AST-002991,MANU-DMZ-02992,CSE-MANUF-06,Manufacturing,SERVER,DMZ,MEDIUM,MES,APPSEC,YES,WEB|PRIVILEGE,2026-08-28T23:40:52Z,ACTIVE,Splunk-ES,STAGING,2022-06-04
AST-002992,MANU-OT-02993,CSE-MANUF-06,Manufacturing,WORKSTATION,OT,HIGH,MES,OT-OPS,YES,DATABASE|OT|ENDPOINT,2026-07-16T19:32:15Z,ACTIVE,Splunk-ES,STAGING,2024-02-27
AST-002993,MANU-DMZ-02994,CSE-MANUF-06,Manufacturing,NETWORK_DEVICE,DMZ,LOW,MES,SOC,YES,OT|NETWORK,2026-09-29T17:14:15Z,MISSING,Splunk-ES,PRODUCTION,2020-12-30
AST-002994,MANU-OT-02995,CSE-MANUF-06,Manufacturing,DATABASE,OT,MEDIUM,Plant Control,IT-OPS,YES,AUTH|OT,2026-07-21T10:42:17Z,ACTIVE,QRadar-Archive,PRODUCTION,2023-07-17
AST-002995,MANU-CORPORATE-02996,CSE-MANUF-06,Manufacturing,WORKSTATION,CORPORATE,LOW,ERP,IT-OPS,YES,WEB|DATABASE,2026-08-04T17:41:27Z,ACTIVE,Splunk-ES,PRODUCTION,2025-02-08
AST-002996,MANU-DC-02997,CSE-MANUF-06,Manufacturing,NETWORK_DEVICE,DC,HIGH,ERP,SOC,YES,NETWORK|EXFILTRATION|OT,2026-07-21T00:54:34Z,ACTIVE,Sentinel-Bridge,PRODUCTION,2023-01-18
AST-002997,MANU-DC-02998,CSE-MANUF-06,Manufacturing,APPLICATION,DC,MEDIUM,ERP,IT-OPS,YES,DATABASE|WEB,2026-07-05T10:02:51Z,ACTIVE,QRadar-Archive,PRODUCTION,2022-08-14
AST-002998,MANU-DC-02999,CSE-MANUF-06,Manufacturing,APPLICATION,DC,LOW,Plant Control,APPSEC,YES,ENDPOINT|OT,2026-07-24T17:59:05Z,DEGRADED,Splunk-ES,PRODUCTION,2024-03-31
AST-002999,MANU-DMZ-03000,CSE-MANUF-06,Manufacturing,APPLICATION,DMZ,MEDIUM,ERP,OT-OPS,YES,AUTH|EXFILTRATION,2026-07-22T17:13:19Z,ACTIVE,EDR-Collector,DR,2021-12-02
AST-003000,MANU-SCADA-03001,CSE-MANUF-06,Manufacturing,FIREWALL,SCADA,LOW,ERP,NETSEC,YES,WEB|DATABASE,2026-08-13T18:53:21Z,ACTIVE,EDR-Collector,PRODUCTION,2023-08-15
AST-003001,MANU-SCADA-03002,CSE-MANUF-06,Manufacturing,HMI,SCADA,HIGH,MES,SOC,YES,AUTH|EXFILTRATION|ENDPOINT,2026-08-28T23:08:22Z,ACTIVE,EDR-Collector,PRODUCTION,2021-04-11
AST-003002,MANU-CORPORATE-03003,CSE-MANUF-06,Manufacturing,SERVER,CORPORATE,MEDIUM,Plant Control,OT-OPS,YES,DATABASE|WEB,2026-08-17T00:33:37Z,ACTIVE,EDR-Collector,DR,2024-05-06
AST-003003,MANU-OT-03004,CSE-MANUF-06,Manufacturing,SERVER,OT,LOW,Plant Control,NETSEC,YES,PRIVILEGE|OT,2026-08-11T12:04:59Z,DEGRADED,EDR-Collector,STAGING,2021-07-10
AST-003004,MANU-CORPORATE-03005,CSE-MANUF-06,Manufacturing,WORKSTATION,CORPORATE,MEDIUM,MES,OT-OPS,YES,OT|ENDPOINT,2026-07-05T16:38:53Z,ACTIVE,Sentinel-Bridge,PRODUCTION,2023-11-27
AST-003005,MANU-SCADA-03006,CSE-MANUF-06,Manufacturing,NETWORK_DEVICE,SCADA,HIGH,MES,NETSEC,YES,DATABASE|AUTH|PRIVILEGE,2026-07-03T13:42:11Z,ACTIVE,QRadar-Archive,DR,2024-07-21
AST-003006,MANU-SCADA-03007,CSE-MANUF-06,Manufacturing,HMI,SCADA,HIGH,MES,SOC,YES,DATABASE|EXFILTRATION|ENDPOINT,2026-08-10T02:07:20Z,ACTIVE,Sentinel-Bridge,STAGING,2022-12-30
AST-003007,MANU-CORPORATE-03008,CSE-MANUF-06,Manufacturing,WORKSTATION,CORPORATE,LOW,Plant Control,IT-OPS,YES,DATABASE|EXFILTRATION,2026-08-07T17:25:46Z,ACTIVE,EDR-Collector,DR,2023-08-02
AST-003008,MANU-DC-03009,CSE-MANUF-06,Manufacturing,FIREWALL,DC,MEDIUM,Plant Control,SOC,YES,EXFILTRATION|NETWORK,2026-09-14T16:44:40Z,ACTIVE,Sentinel-Bridge,DR,2021-08-25
AST-003009,MANU-SCADA-03010,CSE-MANUF-06,Manufacturing,WORKSTATION,SCADA,LOW,ERP,IT-OPS,YES,DATABASE|ENDPOINT,2026-08-31T13:43:09Z,ACTIVE,EDR-Collector,PRODUCTION,2026-03-07
AST-003010,MANU-SCADA-03011,CSE-MANUF-06,Manufacturing,FIREWALL,SCADA,CRITICAL,Identity,APPSEC,YES,PRIVILEGE|EXFILTRATION|AUTH,2026-09-15T16:06:01Z,ACTIVE,Sentinel-Bridge,STAGING,2024-07-27
AST-003011,MANU-DMZ-03012,CSE-MANUF-06,Manufacturing,NETWORK_DEVICE,DMZ,MEDIUM,Identity,IT-OPS,YES,OT|ENDPOINT,2026-09-05T23:47:36Z,ACTIVE,QRadar-Archive,STAGING,2022-01-23
AST-003012,MANU-CORPORATE-03013,CSE-MANUF-06,Manufacturing,APPLICATION,CORPORATE,HIGH,MES,NETSEC,YES,WEB|AUTH|EXFILTRATION,2026-09-27T23:00:03Z,ACTIVE,Sentinel-Bridge,STAGING,2026-01-01
AST-003013,MANU-DC-03014,CSE-MANUF-06,Manufacturing,SERVER,DC,HIGH,MES,APPSEC,YES,ENDPOINT|WEB|PRIVILEGE,2026-07-14T18:20:28Z,ACTIVE,Sentinel-Bridge,PRODUCTION,2023-10-14
AST-003014,MANU-DMZ-03015,CSE-MANUF-06,Manufacturing,SERVER,DMZ,LOW,Identity,NETSEC,YES,PRIVILEGE|OT,2026-09-13T16:50:27Z,ACTIVE,QRadar-Archive,DR,2025-12-22
AST-003015,MANU-OT-03016,CSE-MANUF-06,Manufacturing,NETWORK_DEVICE,OT,MEDIUM,Identity,NETSEC,YES,ENDPOINT|WEB,2026-08-05T11:15:18Z,DEGRADED,EDR-Collector,DR,2022-01-20
AST-003016,MANU-DMZ-03017,CSE-MANUF-06,Manufacturing,NETWORK_DEVICE,DMZ,LOW,Identity,APPSEC,YES,PRIVILEGE|AUTH,2026-08-05T15:08:06Z,ACTIVE,QRadar-Archive,STAGING,2024-01-15
AST-003017,MANU-CORPORATE-03018,CSE-MANUF-06,Manufacturing,SERVER,CORPORATE,CRITICAL,ERP,SOC,YES,EXFILTRATION|OT|PRIVILEGE,2026-08-03T20:18:07Z,ACTIVE,Sentinel-Bridge,PRODUCTION,2026-02-22
AST-003018,MANU-CORPORATE-03019,CSE-MANUF-06,Manufacturing,SERVER,CORPORATE,MEDIUM,Identity,APPSEC,YES,NETWORK|PRIVILEGE,2026-08-20T22:06:34Z,ACTIVE,QRadar-Archive,PRODUCTION,2021-07-03
AST-003019,MANU-DMZ-03020,CSE-MANUF-06,Manufacturing,WORKSTATION,DMZ,LOW,ERP,NETSEC,YES,WEB|OT,2026-09-14T11:24:55Z,DEGRADED,QRadar-Archive,STAGING,2022-12-13
AST-003020,MANU-CORPORATE-03021,CSE-MANUF-06,Manufacturing,SERVER,CORPORATE,MEDIUM,Plant Control,SOC,YES,ENDPOINT|WEB,2026-09-01T14:18:45Z,ACTIVE,Sentinel-Bridge,DR,2020-08-31
AST-003021,MANU-CORPORATE-03022,CSE-MANUF-06,Manufacturing,SERVER,CORPORATE,LOW,ERP,SOC,YES,WEB|DATABASE,2026-09-04T16:53:07Z,ACTIVE,EDR-Collector,STAGING,2021-05-09
AST-003022,MANU-SCADA-03023,CSE-MANUF-06,Manufacturing,PLC,SCADA,CRITICAL,Plant Control,APPSEC,YES,ENDPOINT|NETWORK|DATABASE,2026-09-21T23:59:59Z,ACTIVE,Sentinel-Bridge,PRODUCTION,2023-01-06
AST-003023,MANU-SCADA-03024,CSE-MANUF-06,Manufacturing,HMI,SCADA,MEDIUM,ERP,IT-OPS,YES,EXFILTRATION|PRIVILEGE,2026-09-02T05:41:29Z,MISSING,Sentinel-Bridge,STAGING,2022-01-18
AST-003024,MANU-CORPORATE-03025,CSE-MANUF-06,Manufacturing,SERVER,CORPORATE,HIGH,Identity,IT-OPS,YES,OT|WEB|AUTH,2026-09-10T02:49:00Z,ACTIVE,Splunk-ES,STAGING,2022-10-05
AST-003025,MANU-CORPORATE-03026,CSE-MANUF-06,Manufacturing,SERVER,CORPORATE,HIGH,Identity,APPSEC,YES,AUTH|PRIVILEGE|EXFILTRATION,2026-09-12T21:54:28Z,ACTIVE,Splunk-ES,STAGING,2020-04-03
AST-003026,MANU-CORPORATE-03027,CSE-MANUF-06,Manufacturing,DATABASE,CORPORATE,HIGH,ERP,APPSEC,YES,WEB|EXFILTRATION|AUTH,2026-07-18T01:56:52Z,ACTIVE,EDR-Collector,PRODUCTION,2021-04-10
AST-003027,MANU-DC-03028,CSE-MANUF-06,Manufacturing,APPLICATION,DC,MEDIUM,Plant Control,IT-OPS,YES,NETWORK|AUTH,2026-07-05T08:21:58Z,MISSING,QRadar-Archive,STAGING,2020-04-26
AST-003028,MANU-DMZ-03029,CSE-MANUF-06,Manufacturing,DATABASE,DMZ,LOW,ERP,OT-OPS,YES,ENDPOINT|PRIVILEGE,2026-07-27T00:14:51Z,ACTIVE,Sentinel-Bridge,STAGING,2020-02-11
AST-003029,MANU-DMZ-03030,CSE-MANUF-06,Manufacturing,APPLICATION,DMZ,CRITICAL,Identity,IT-OPS,YES,EXFILTRATION|DATABASE|ENDPOINT,2026-09-10T16:42:52Z,DEGRADED,Splunk-ES,PRODUCTION,2020-12-18
AST-003030,MANU-SCADA-03031,CSE-MANUF-06,Manufacturing,FIREWALL,SCADA,MEDIUM,MES,APPSEC,YES,EXFILTRATION|WEB,2026-08-23T03:35:56Z,ACTIVE,QRadar-Archive,PRODUCTION,2020-10-23
AST-003031,MANU-DMZ-03032,CSE-MANUF-06,Manufacturing,SERVER,DMZ,MEDIUM,Plant Control,NETSEC,YES,OT|DATABASE,2026-08-31T22:44:23Z,ACTIVE,EDR-Collector,PRODUCTION,2021-02-06
AST-003032,MANU-DC-03033,CSE-MANUF-06,Manufacturing,WORKSTATION,DC,MEDIUM,Plant Control,NETSEC,YES,PRIVILEGE|EXFILTRATION,2026-08-24T05:53:38Z,DEGRADED,Sentinel-Bridge,DR,2022-12-09
AST-003033,MANU-SCADA-03034,CSE-MANUF-06,Manufacturing,WORKSTATION,SCADA,MEDIUM,ERP,NETSEC,YES,WEB|EXFILTRATION,2026-08-25T11:44:56Z,ACTIVE,EDR-Collector,PRODUCTION,2025-01-17
AST-003034,MANU-CORPORATE-03035,CSE-MANUF-06,Manufacturing,WORKSTATION,CORPORATE,HIGH,Plant Control,IT-OPS,YES,EXFILTRATION|PRIVILEGE|OT,2026-09-17T07:09:00Z,DEGRADED,Splunk-ES,STAGING,2025-01-05
AST-003035,MANU-DMZ-03036,CSE-MANUF-06,Manufacturing,NETWORK_DEVICE,DMZ,LOW,Identity,OT-OPS,YES,EXFILTRATION|AUTH,2026-07-23T22:26:05Z,ACTIVE,EDR-Collector,PRODUCTION,2026-03-03
AST-003036,MANU-DMZ-03037,CSE-MANUF-06,Manufacturing,FIREWALL,DMZ,CRITICAL,Identity,APPSEC,YES,PRIVILEGE|EXFILTRATION|AUTH,2026-08-10T13:29:50Z,ACTIVE,EDR-Collector,STAGING,2021-09-27
AST-003037,MANU-DC-03038,CSE-MANUF-06,Manufacturing,NETWORK_DEVICE,DC,HIGH,Identity,SOC,YES,EXFILTRATION|ENDPOINT|OT,2026-09-26T22:16:45Z,ACTIVE,Splunk-ES,PRODUCTION,2025-12-15
AST-003038,MANU-CORPORATE-03039,CSE-MANUF-06,Manufacturing,SERVER,CORPORATE,LOW,ERP,OT-OPS,YES,NETWORK|AUTH,2026-09-13T12:54:56Z,ACTIVE,Splunk-ES,STAGING,2020-11-11
AST-003039,MANU-SCADA-03040,CSE-MANUF-06,Manufacturing,FIREWALL,SCADA,CRITICAL,Plant Control,NETSEC,YES,ENDPOINT|OT|PRIVILEGE,2026-08-28T06:22:38Z,ACTIVE,Sentinel-Bridge,DR,2022-10-09
AST-003040,MANU-CORPORATE-03041,CSE-MANUF-06,Manufacturing,SERVER,CORPORATE,MEDIUM,Identity,APPSEC,YES,NETWORK|PRIVILEGE,2026-08-27T21:22:39Z,ACTIVE,Splunk-ES,DR,2022-11-21
AST-003041,MANU-DMZ-03042,CSE-MANUF-06,Manufacturing,SERVER,DMZ,MEDIUM,Plant Control,OT-OPS,YES,OT|PRIVILEGE,2026-08-06T10:17:15Z,ACTIVE,Splunk-ES,STAGING,2024-05-16
AST-003042,MANU-DMZ-03043,CSE-MANUF-06,Manufacturing,APPLICATION,DMZ,HIGH,Plant Control,IT-OPS,YES,PRIVILEGE|EXFILTRATION|ENDPOINT,2026-08-11T05:48:24Z,ACTIVE,QRadar-Archive,STAGING,2021-01-06
AST-003043,MANU-DC-03044,CSE-MANUF-06,Manufacturing,NETWORK_DEVICE,DC,LOW,MES,SOC,YES,WEB|DATABASE,2026-08-13T07:12:52Z,ACTIVE,Splunk-ES,STAGING,2022-03-10
AST-003044,MANU-DMZ-03045,CSE-MANUF-06,Manufacturing,WORKSTATION,DMZ,MEDIUM,Plant Control,IT-OPS,YES,DATABASE|PRIVILEGE,2026-07-10T14:05:14Z,ACTIVE,QRadar-Archive,STAGING,2025-12-08
AST-003045,MANU-DMZ-03046,CSE-MANUF-06,Manufacturing,SERVER,DMZ,CRITICAL,MES,APPSEC,YES,ENDPOINT|NETWORK|PRIVILEGE,2026-09-20T23:59:59Z,ACTIVE,EDR-Collector,DR,2020-07-22
AST-003046,MANU-CORPORATE-03047,CSE-MANUF-06,Manufacturing,APPLICATION,CORPORATE,MEDIUM,ERP,NETSEC,YES,PRIVILEGE|OT,2026-07-19T09:57:25Z,ACTIVE,EDR-Collector,STAGING,2024-10-30
AST-003047,MANU-CORPORATE-03048,CSE-MANUF-06,Manufacturing,NETWORK_DEVICE,CORPORATE,LOW,MES,IT-OPS,YES,EXFILTRATION|NETWORK,2026-07-09T22:09:11Z,ACTIVE,EDR-Collector,STAGING,2022-04-23
AST-003048,MANU-DMZ-03049,CSE-MANUF-06,Manufacturing,NETWORK_DEVICE,DMZ,CRITICAL,Plant Control,APPSEC,YES,WEB|ENDPOINT|OT,2026-07-20T11:08:30Z,ACTIVE,Splunk-ES,DR,2020-10-27
AST-003049,MANU-CORPORATE-03050,CSE-MANUF-06,Manufacturing,SERVER,CORPORATE,HIGH,Plant Control,APPSEC,YES,DATABASE|ENDPOINT|NETWORK,2026-09-24T00:40:11Z,ACTIVE,Sentinel-Bridge,DR,2024-01-07
AST-003050,MANU-SCADA-03051,CSE-MANUF-06,Manufacturing,SERVER,SCADA,MEDIUM,Plant Control,IT-OPS,YES,DATABASE|ENDPOINT,2026-09-25T09:28:04Z,ACTIVE,QRadar-Archive,DR,2020-04-06
AST-003051,MANU-CORPORATE-03052,CSE-MANUF-06,Manufacturing,SERVER,CORPORATE,MEDIUM,Identity,APPSEC,YES,PRIVILEGE|NETWORK,2026-09-18T09:45:52Z,ACTIVE,Splunk-ES,STAGING,2021-05-19
AST-003052,MANU-CORPORATE-03053,CSE-MANUF-06,Manufacturing,SERVER,CORPORATE,HIGH,Plant Control,IT-OPS,YES,AUTH|WEB|EXFILTRATION,2026-07-14T18:06:26Z,DEGRADED,Sentinel-Bridge,DR,2021-12-20
AST-003053,MANU-DC-03054,CSE-MANUF-06,Manufacturing,SERVER,DC,CRITICAL,MES,NETSEC,YES,ENDPOINT|OT|NETWORK,2026-07-04T03:20:36Z,ACTIVE,Splunk-ES,DR,2020-11-29
AST-003054,MANU-SCADA-03055,CSE-MANUF-06,Manufacturing,PLC,SCADA,HIGH,Plant Control,SOC,YES,PRIVILEGE|AUTH|ENDPOINT,2026-07-01T13:57:52Z,ACTIVE,Sentinel-Bridge,STAGING,2022-02-03
AST-003055,MANU-CORPORATE-03056,CSE-MANUF-06,Manufacturing,NETWORK_DEVICE,CORPORATE,MEDIUM,Identity,APPSEC,YES,EXFILTRATION|AUTH,2026-07-24T04:01:14Z,ACTIVE,Splunk-ES,DR,2023-10-22
AST-003056,MANU-DMZ-03057,CSE-MANUF-06,Manufacturing,FIREWALL,DMZ,CRITICAL,ERP,OT-OPS,YES,AUTH|DATABASE|ENDPOINT,2026-08-07T16:20:14Z,ACTIVE,Splunk-ES,PRODUCTION,2024-01-13
AST-003057,MANU-CORPORATE-03058,CSE-MANUF-06,Manufacturing,SERVER,CORPORATE,HIGH,Plant Control,IT-OPS,YES,EXFILTRATION|AUTH|PRIVILEGE,2026-08-09T13:34:13Z,ACTIVE,Splunk-ES,PRODUCTION,2020-01-04
AST-003058,MANU-CORPORATE-03059,CSE-MANUF-06,Manufacturing,SERVER,CORPORATE,MEDIUM,Plant Control,NETSEC,YES,ENDPOINT|NETWORK,2026-07-30T16:10:47Z,ACTIVE,Splunk-ES,DR,2025-12-15
AST-003059,MANU-DMZ-03060,CSE-MANUF-06,Manufacturing,WORKSTATION,DMZ,CRITICAL,Plant Control,APPSEC,YES,AUTH|NETWORK|ENDPOINT,2026-09-19T05:31:38Z,ACTIVE,EDR-Collector,STAGING,2024-03-14
AST-003060,MANU-CORPORATE-03061,CSE-MANUF-06,Manufacturing,SERVER,CORPORATE,LOW,MES,NETSEC,YES,OT|PRIVILEGE,2026-09-18T21:17:05Z,ACTIVE,Splunk-ES,DR,2023-10-03
AST-003061,MANU-CORPORATE-03062,CSE-MANUF-06,Manufacturing,FIREWALL,CORPORATE,MEDIUM,ERP,IT-OPS,YES,NETWORK|OT,2026-07-11T10:02:25Z,ACTIVE,EDR-Collector,DR,2022-12-01
AST-003062,MANU-CORPORATE-03063,CSE-MANUF-06,Manufacturing,SERVER,CORPORATE,HIGH,Identity,OT-OPS,YES,EXFILTRATION|PRIVILEGE|ENDPOINT,2026-09-24T08:58:30Z,ACTIVE,QRadar-Archive,DR,2023-08-24
AST-003063,MANU-DC-03064,CSE-MANUF-06,Manufacturing,FIREWALL,DC,LOW,ERP,SOC,YES,NETWORK|WEB,2026-07-28T17:52:00Z,ACTIVE,Splunk-ES,PRODUCTION,2023-01-27
AST-003064,MANU-CORPORATE-03065,CSE-MANUF-06,Manufacturing,SERVER,CORPORATE,HIGH,MES,IT-OPS,YES,EXFILTRATION|NETWORK|DATABASE,2026-08-30T14:40:20Z,ACTIVE,Splunk-ES,PRODUCTION,2020-10-25
AST-003065,MANU-SCADA-03066,CSE-MANUF-06,Manufacturing,PLC,SCADA,MEDIUM,Identity,SOC,YES,ENDPOINT|NETWORK,2026-09-09T20:32:32Z,DEGRADED,Splunk-ES,PRODUCTION,2022-02-01
AST-003066,MANU-OT-03067,CSE-MANUF-06,Manufacturing,NETWORK_DEVICE,OT,MEDIUM,MES,IT-OPS,YES,EXFILTRATION|AUTH,2026-09-28T18:59:59Z,ACTIVE,EDR-Collector,STAGING,2022-11-08
AST-003067,MANU-OT-03068,CSE-MANUF-06,Manufacturing,WORKSTATION,OT,LOW,Identity,OT-OPS,YES,DATABASE|EXFILTRATION,2026-07-06T14:10:26Z,ACTIVE,Splunk-ES,DR,2026-03-18
AST-003068,MANU-SCADA-03069,CSE-MANUF-06,Manufacturing,HMI,SCADA,CRITICAL,MES,OT-OPS,YES,NETWORK|DATABASE|ENDPOINT,2026-07-26T16:38:32Z,ACTIVE,EDR-Collector,PRODUCTION,2022-05-01
AST-003069,MANU-CORPORATE-03070,CSE-MANUF-06,Manufacturing,SERVER,CORPORATE,CRITICAL,MES,IT-OPS,YES,PRIVILEGE|DATABASE|NETWORK,2026-09-11T02:38:11Z,ACTIVE,Splunk-ES,PRODUCTION,2024-11-08
AST-003070,MANU-DMZ-03071,CSE-MANUF-06,Manufacturing,WORKSTATION,DMZ,MEDIUM,Plant Control,SOC,YES,AUTH|ENDPOINT,2026-08-20T17:14:07Z,ACTIVE,QRadar-Archive,PRODUCTION,2020-04-22
AST-003071,MANU-CORPORATE-03072,CSE-MANUF-06,Manufacturing,WORKSTATION,CORPORATE,MEDIUM,Identity,APPSEC,YES,ENDPOINT|PRIVILEGE,2026-09-13T13:08:36Z,ACTIVE,QRadar-Archive,STAGING,2020-09-23
AST-003072,MANU-DMZ-03073,CSE-MANUF-06,Manufacturing,FIREWALL,DMZ,MEDIUM,MES,IT-OPS,YES,DATABASE|NETWORK,2026-09-13T16:26:29Z,ACTIVE,EDR-Collector,DR,2021-01-22
AST-003073,MANU-DMZ-03074,CSE-MANUF-06,Manufacturing,NETWORK_DEVICE,DMZ,CRITICAL,MES,OT-OPS,YES,EXFILTRATION|DATABASE|ENDPOINT,2026-07-23T19:02:17Z,ACTIVE,QRadar-Archive,DR,2024-05-25
AST-003074,MANU-CORPORATE-03075,CSE-MANUF-06,Manufacturing,SERVER,CORPORATE,HIGH,Identity,OT-OPS,YES,OT|AUTH|EXFILTRATION,2026-07-31T21:56:29Z,ACTIVE,Sentinel-Bridge,DR,2020-10-07
AST-003075,MANU-CORPORATE-03076,CSE-MANUF-06,Manufacturing,WORKSTATION,CORPORATE,HIGH,MES,NETSEC,YES,DATABASE|WEB|EXFILTRATION,2026-09-24T18:17:47Z,ACTIVE,Sentinel-Bridge,DR,2025-08-25
AST-003076,MANU-CORPORATE-03077,CSE-MANUF-06,Manufacturing,SERVER,CORPORATE,LOW,Plant Control,SOC,YES,WEB|OT,2026-09-13T15:30:21Z,ACTIVE,Splunk-ES,DR,2023-01-19
AST-003077,MANU-SCADA-03078,CSE-MANUF-06,Manufacturing,SERVER,SCADA,MEDIUM,Plant Control,APPSEC,YES,DATABASE|OT,2026-08-31T10:12:53Z,ACTIVE,Splunk-ES,PRODUCTION,2022-12-24
AST-003078,MANU-DMZ-03079,CSE-MANUF-06,Manufacturing,APPLICATION,DMZ,MEDIUM,ERP,SOC,YES,AUTH|WEB,2026-07-04T10:53:23Z,ACTIVE,Sentinel-Bridge,STAGING,2025-03-17
AST-003079,MANU-CORPORATE-03080,CSE-MANUF-06,Manufacturing,FIREWALL,CORPORATE,MEDIUM,Plant Control,APPSEC,YES,DATABASE|OT,2026-07-29T15:44:52Z,ACTIVE,Splunk-ES,PRODUCTION,2023-04-18
AST-003080,MANU-CORPORATE-03081,CSE-MANUF-06,Manufacturing,FIREWALL,CORPORATE,MEDIUM,MES,SOC,YES,OT|DATABASE,2026-07-14T02:46:21Z,ACTIVE,Splunk-ES,STAGING,2023-03-22
AST-003081,MANU-DC-03082,CSE-MANUF-06,Manufacturing,APPLICATION,DC,LOW,ERP,SOC,YES,OT|DATABASE,2026-08-23T00:01:45Z,ACTIVE,Sentinel-Bridge,PRODUCTION,2022-12-28
AST-003082,MANU-CORPORATE-03083,CSE-MANUF-06,Manufacturing,NETWORK_DEVICE,CORPORATE,HIGH,Plant Control,IT-OPS,YES,WEB|OT|AUTH,2026-09-10T23:03:48Z,ACTIVE,Splunk-ES,DR,2022-08-07
AST-003083,MANU-DMZ-03084,CSE-MANUF-06,Manufacturing,WORKSTATION,DMZ,HIGH,Plant Control,APPSEC,YES,AUTH|DATABASE|ENDPOINT,2026-07-01T00:06:29Z,ACTIVE,QRadar-Archive,PRODUCTION,2023-10-10
AST-003084,MANU-DMZ-03085,CSE-MANUF-06,Manufacturing,SERVER,DMZ,HIGH,Identity,OT-OPS,YES,NETWORK|WEB|PRIVILEGE,2026-09-23T22:04:06Z,ACTIVE,QRadar-Archive,STAGING,2022-06-10
AST-003085,MANU-CORPORATE-03086,CSE-MANUF-06,Manufacturing,FIREWALL,CORPORATE,MEDIUM,Plant Control,NETSEC,YES,EXFILTRATION|PRIVILEGE,2026-09-22T01:04:43Z,DEGRADED,QRadar-Archive,STAGING,2021-09-03
AST-003086,MANU-DC-03087,CSE-MANUF-06,Manufacturing,WORKSTATION,DC,LOW,MES,IT-OPS,YES,EXFILTRATION|DATABASE,2026-09-24T15:19:27Z,ACTIVE,EDR-Collector,PRODUCTION,2025-04-26
AST-003087,MANU-DMZ-03088,CSE-MANUF-06,Manufacturing,SERVER,DMZ,LOW,ERP,OT-OPS,YES,NETWORK|AUTH,2026-07-11T23:54:31Z,ACTIVE,Splunk-ES,PRODUCTION,2020-07-10
AST-003088,MANU-DC-03089,CSE-MANUF-06,Manufacturing,SERVER,DC,HIGH,ERP,APPSEC,YES,OT|NETWORK|AUTH,2026-08-05T04:32:12Z,ACTIVE,QRadar-Archive,DR,2020-06-08
AST-003089,MANU-OT-03090,CSE-MANUF-06,Manufacturing,WORKSTATION,OT,MEDIUM,MES,IT-OPS,YES,EXFILTRATION|OT,2026-07-28T22:21:28Z,MISSING,EDR-Collector,DR,2025-02-13
AST-003090,MANU-DMZ-03091,CSE-MANUF-06,Manufacturing,WORKSTATION,DMZ,MEDIUM,ERP,SOC,YES,DATABASE|OT,2026-08-03T02:05:20Z,ACTIVE,QRadar-Archive,DR,2024-04-09
AST-003091,MANU-SCADA-03092,CSE-MANUF-06,Manufacturing,HMI,SCADA,MEDIUM,Identity,APPSEC,YES,AUTH|ENDPOINT,2026-07-13T18:07:40Z,ACTIVE,Sentinel-Bridge,PRODUCTION,2019-12-31
AST-003092,MANU-DMZ-03093,CSE-MANUF-06,Manufacturing,SERVER,DMZ,HIGH,MES,NETSEC,YES,EXFILTRATION|DATABASE|PRIVILEGE,2026-07-21T15:23:55Z,ACTIVE,QRadar-Archive,STAGING,2021-09-29
AST-003093,MANU-OT-03094,CSE-MANUF-06,Manufacturing,SERVER,OT,LOW,Identity,OT-OPS,YES,NETWORK|PRIVILEGE,2026-07-18T03:25:35Z,ACTIVE,EDR-Collector,PRODUCTION,2022-11-26
AST-003094,MANU-CORPORATE-03095,CSE-MANUF-06,Manufacturing,APPLICATION,CORPORATE,MEDIUM,MES,IT-OPS,YES,DATABASE|OT,2026-08-14T03:13:07Z,ACTIVE,Splunk-ES,DR,2024-03-20
AST-003095,MANU-OT-03096,CSE-MANUF-06,Manufacturing,DATABASE,OT,HIGH,ERP,SOC,YES,AUTH|OT|PRIVILEGE,2026-09-20T22:19:56Z,ACTIVE,QRadar-Archive,PRODUCTION,2021-06-09
AST-003096,MANU-DC-03097,CSE-MANUF-06,Manufacturing,SERVER,DC,MEDIUM,Identity,APPSEC,YES,OT|NETWORK,2026-09-15T06:40:56Z,ACTIVE,QRadar-Archive,DR,2021-10-29
AST-003097,MANU-DC-03098,CSE-MANUF-06,Manufacturing,WORKSTATION,DC,LOW,MES,IT-OPS,YES,EXFILTRATION|NETWORK,2026-09-01T20:54:10Z,ACTIVE,Sentinel-Bridge,STAGING,2025-09-07
AST-003098,MANU-CORPORATE-03099,CSE-MANUF-06,Manufacturing,WORKSTATION,CORPORATE,CRITICAL,MES,APPSEC,YES,NETWORK|ENDPOINT|OT,2026-09-10T23:59:59Z,ACTIVE,EDR-Collector,PRODUCTION,2024-10-15
AST-003099,MANU-CORPORATE-03100,CSE-MANUF-06,Manufacturing,FIREWALL,CORPORATE,CRITICAL,MES,NETSEC,YES,ENDPOINT|DATABASE|AUTH,2026-07-06T17:30:37Z,ACTIVE,Sentinel-Bridge,PRODUCTION,2019-12-20
AST-003100,MANU-DC-03101,CSE-MANUF-06,Manufacturing,SERVER,DC,HIGH,ERP,IT-OPS,YES,PRIVILEGE|DATABASE|WEB,2026-09-09T07:04:14Z,ACTIVE,Sentinel-Bridge,STAGING,2024-12-29
AST-003101,MANU-CORPORATE-03102,CSE-MANUF-06,Manufacturing,SERVER,CORPORATE,HIGH,ERP,IT-OPS,YES,AUTH|OT|DATABASE,2026-08-07T12:22:29Z,MISSING,QRadar-Archive,STAGING,2023-07-28
AST-003102,MANU-DMZ-03103,CSE-MANUF-06,Manufacturing,SERVER,DMZ,HIGH,Identity,OT-OPS,YES,NETWORK|OT|EXFILTRATION,2026-08-24T04:42:59Z,ACTIVE,Splunk-ES,PRODUCTION,2025-11-04
AST-003103,MANU-DC-03104,CSE-MANUF-06,Manufacturing,WORKSTATION,DC,CRITICAL,MES,OT-OPS,YES,ENDPOINT|PRIVILEGE|NETWORK,2026-07-21T17:24:56Z,ACTIVE,Splunk-ES,DR,2024-01-07
AST-003104,MANU-DC-03105,CSE-MANUF-06,Manufacturing,WORKSTATION,DC,HIGH,Identity,SOC,YES,EXFILTRATION|DATABASE|OT,2026-08-17T16:26:38Z,ACTIVE,Sentinel-Bridge,STAGING,2025-11-26
AST-003105,MANU-DC-03106,CSE-MANUF-06,Manufacturing,WORKSTATION,DC,MEDIUM,MES,IT-OPS,YES,NETWORK|PRIVILEGE,2026-07-25T14:33:58Z,ACTIVE,Sentinel-Bridge,STAGING,2020-12-18
AST-003106,MANU-CORPORATE-03107,CSE-MANUF-06,Manufacturing,FIREWALL,CORPORATE,MEDIUM,MES,SOC,YES,ENDPOINT|AUTH,2026-09-23T23:21:14Z,ACTIVE,QRadar-Archive,STAGING,2021-12-07
AST-003107,MANU-DMZ-03108,CSE-MANUF-06,Manufacturing,DATABASE,DMZ,CRITICAL,MES,OT-OPS,YES,PRIVILEGE|DATABASE|AUTH,2026-08-03T17:14:19Z,ACTIVE,Splunk-ES,DR,2023-06-03
AST-003108,MANU-DMZ-03109,CSE-MANUF-06,Manufacturing,SERVER,DMZ,CRITICAL,Identity,OT-OPS,YES,AUTH|DATABASE|PRIVILEGE,2026-09-09T06:27:02Z,ACTIVE,EDR-Collector,PRODUCTION,2020-10-06
AST-003109,MANU-SCADA-03110,CSE-MANUF-06,Manufacturing,PLC,SCADA,MEDIUM,ERP,SOC,YES,EXFILTRATION|WEB,2026-09-29T23:25:58Z,ACTIVE,QRadar-Archive,STAGING,2025-08-26
AST-003110,MANU-CORPORATE-03111,CSE-MANUF-06,Manufacturing,SERVER,CORPORATE,HIGH,ERP,NETSEC,YES,AUTH|WEB|PRIVILEGE,2026-09-17T03:26:57Z,ACTIVE,Sentinel-Bridge,DR,2021-01-23
AST-003111,MANU-CORPORATE-03112,CSE-MANUF-06,Manufacturing,SERVER,CORPORATE,HIGH,MES,NETSEC,YES,AUTH|NETWORK|EXFILTRATION,2026-09-19T06:09:59Z,ACTIVE,Splunk-ES,DR,2025-05-24
AST-003112,MANU-OT-03113,CSE-MANUF-06,Manufacturing,SERVER,OT,HIGH,Identity,SOC,YES,PRIVILEGE|ENDPOINT|WEB,2026-09-22T21:57:27Z,ACTIVE,Splunk-ES,DR,2025-06-08
AST-003113,MANU-SCADA-03114,CSE-MANUF-06,Manufacturing,HMI,SCADA,HIGH,MES,OT-OPS,YES,ENDPOINT|AUTH|NETWORK,2026-07-13T07:09:35Z,ACTIVE,Splunk-ES,STAGING,2019-12-22
AST-003114,MANU-CORPORATE-03115,CSE-MANUF-06,Manufacturing,WORKSTATION,CORPORATE,MEDIUM,MES,IT-OPS,YES,DATABASE|ENDPOINT,2026-08-15T15:35:25Z,ACTIVE,Splunk-ES,PRODUCTION,2022-05-30
AST-003115,MANU-CORPORATE-03116,CSE-MANUF-06,Manufacturing,APPLICATION,CORPORATE,MEDIUM,Identity,SOC,YES,DATABASE|ENDPOINT,2026-09-27T10:56:56Z,ACTIVE,Sentinel-Bridge,PRODUCTION,2022-10-12
AST-003116,MANU-CORPORATE-03117,CSE-MANUF-06,Manufacturing,FIREWALL,CORPORATE,MEDIUM,ERP,OT-OPS,YES,DATABASE|EXFILTRATION,2026-07-17T06:49:27Z,ACTIVE,Sentinel-Bridge,PRODUCTION,2023-08-30
AST-003117,MANU-DMZ-03118,CSE-MANUF-06,Manufacturing,DATABASE,DMZ,HIGH,MES,APPSEC,YES,EXFILTRATION|AUTH|NETWORK,2026-09-24T22:30:02Z,ACTIVE,Sentinel-Bridge,STAGING,2020-09-19
AST-003118,MANU-CORPORATE-03119,CSE-MANUF-06,Manufacturing,WORKSTATION,CORPORATE,CRITICAL,Plant Control,OT-OPS,YES,OT|ENDPOINT|NETWORK,2026-08-04T13:24:46Z,ACTIVE,Sentinel-Bridge,STAGING,2023-05-22
AST-003119,MANU-DMZ-03120,CSE-MANUF-06,Manufacturing,SERVER,DMZ,MEDIUM,Plant Control,OT-OPS,YES,DATABASE|AUTH,2026-09-05T19:10:30Z,ACTIVE,Splunk-ES,DR,2021-04-01
AST-003120,MANU-CORPORATE-03121,CSE-MANUF-06,Manufacturing,SERVER,CORPORATE,LOW,MES,NETSEC,YES,NETWORK|EXFILTRATION,2026-08-13T13:10:11Z,ACTIVE,EDR-Collector,DR,2021-10-04
AST-003121,MANU-SCADA-03122,CSE-MANUF-06,Manufacturing,NETWORK_DEVICE,SCADA,HIGH,ERP,IT-OPS,YES,WEB|EXFILTRATION|DATABASE,2026-09-24T21:58:06Z,ACTIVE,EDR-Collector,PRODUCTION,2021-06-18
AST-003122,MANU-CORPORATE-03123,CSE-MANUF-06,Manufacturing,SERVER,CORPORATE,LOW,ERP,APPSEC,YES,PRIVILEGE|AUTH,2026-09-09T13:28:19Z,DEGRADED,QRadar-Archive,STAGING,2024-10-11
AST-003123,MANU-DC-03124,CSE-MANUF-06,Manufacturing,WORKSTATION,DC,MEDIUM,MES,SOC,YES,NETWORK|DATABASE,2026-07-27T06:51:42Z,ACTIVE,EDR-Collector,DR,2021-02-24
AST-003124,MANU-DC-03125,CSE-MANUF-06,Manufacturing,DATABASE,DC,LOW,ERP,IT-OPS,YES,WEB|NETWORK,2026-09-25T08:29:55Z,ACTIVE,Splunk-ES,STAGING,2026-03-18
AST-003125,MANU-DC-03126,CSE-MANUF-06,Manufacturing,SERVER,DC,CRITICAL,Plant Control,NETSEC,YES,WEB|OT|AUTH,2026-07-14T10:11:48Z,ACTIVE,QRadar-Archive,DR,2024-07-24
AST-003126,MANU-SCADA-03127,CSE-MANUF-06,Manufacturing,HMI,SCADA,HIGH,ERP,IT-OPS,YES,EXFILTRATION|WEB|DATABASE,2026-09-22T00:08:23Z,ACTIVE,Sentinel-Bridge,STAGING,2023-01-20
AST-003127,MANU-SCADA-03128,CSE-MANUF-06,Manufacturing,PLC,SCADA,CRITICAL,ERP,NETSEC,YES,WEB|DATABASE|ENDPOINT,2026-09-27T12:24:04Z,ACTIVE,QRadar-Archive,PRODUCTION,2023-11-10
AST-003128,MANU-DMZ-03129,CSE-MANUF-06,Manufacturing,FIREWALL,DMZ,MEDIUM,Identity,OT-OPS,YES,OT|DATABASE,2026-08-25T03:53:35Z,DEGRADED,Sentinel-Bridge,DR,2021-02-14
AST-003129,MANU-OT-03130,CSE-MANUF-06,Manufacturing,SERVER,OT,MEDIUM,Plant Control,OT-OPS,YES,EXFILTRATION|NETWORK,2026-08-29T11:01:26Z,ACTIVE,Sentinel-Bridge,PRODUCTION,2022-06-17
AST-003130,MANU-OT-03131,CSE-MANUF-06,Manufacturing,WORKSTATION,OT,MEDIUM,Identity,APPSEC,YES,EXFILTRATION|NETWORK,2026-08-29T19:03:10Z,ACTIVE,Splunk-ES,STAGING,2024-09-13
AST-003131,MANU-CORPORATE-03132,CSE-MANUF-06,Manufacturing,DATABASE,CORPORATE,MEDIUM,ERP,SOC,YES,EXFILTRATION|AUTH,2026-07-17T01:03:13Z,ACTIVE,Sentinel-Bridge,STAGING,2023-05-26
AST-003132,MANU-CORPORATE-03133,CSE-MANUF-06,Manufacturing,SERVER,CORPORATE,HIGH,Plant Control,IT-OPS,YES,WEB|AUTH|EXFILTRATION,2026-07-12T07:46:02Z,DEGRADED,QRadar-Archive,DR,2020-12-25
AST-003133,MANU-CORPORATE-03134,CSE-MANUF-06,Manufacturing,WORKSTATION,CORPORATE,MEDIUM,ERP,IT-OPS,YES,OT|NETWORK,2026-07-20T18:24:07Z,ACTIVE,Sentinel-Bridge,STAGING,2021-11-03
AST-003134,MANU-CORPORATE-03135,CSE-MANUF-06,Manufacturing,SERVER,CORPORATE,MEDIUM,Plant Control,NETSEC,YES,EXFILTRATION|OT,2026-08-03T19:21:57Z,ACTIVE,QRadar-Archive,DR,2025-08-30
AST-003135,MANU-OT-03136,CSE-MANUF-06,Manufacturing,WORKSTATION,OT,HIGH,MES,IT-OPS,YES,WEB|ENDPOINT|OT,2026-09-16T11:26:26Z,ACTIVE,Splunk-ES,DR,2022-12-17
AST-003136,MANU-SCADA-03137,CSE-MANUF-06,Manufacturing,WORKSTATION,SCADA,MEDIUM,Plant Control,OT-OPS,YES,EXFILTRATION|AUTH,2026-08-20T20:18:34Z,ACTIVE,QRadar-Archive,STAGING,2026-03-14
AST-003137,MANU-CORPORATE-03138,CSE-MANUF-06,Manufacturing,SERVER,CORPORATE,HIGH,ERP,SOC,YES,OT|ENDPOINT|WEB,2026-08-19T02:05:02Z,ACTIVE,QRadar-Archive,PRODUCTION,2025-04-29
AST-003138,MANU-SCADA-03139,CSE-MANUF-06,Manufacturing,HMI,SCADA,MEDIUM,MES,NETSEC,YES,PRIVILEGE|EXFILTRATION,2026-09-28T21:56:15Z,ACTIVE,QRadar-Archive,STAGING,2023-11-19
AST-003139,MANU-DC-03140,CSE-MANUF-06,Manufacturing,APPLICATION,DC,HIGH,MES,OT-OPS,YES,WEB|DATABASE|AUTH,2026-07-14T17:40:14Z,MISSING,Sentinel-Bridge,PRODUCTION,2022-06-16
AST-003140,MANU-CORPORATE-03141,CSE-MANUF-06,Manufacturing,APPLICATION,CORPORATE,MEDIUM,Identity,IT-OPS,YES,OT|DATABASE,2026-08-29T16:53:29Z,ACTIVE,QRadar-Archive,PRODUCTION,2023-12-12
AST-003141,MANU-SCADA-03142,CSE-MANUF-06,Manufacturing,WORKSTATION,SCADA,HIGH,MES,NETSEC,YES,AUTH|OT|PRIVILEGE,2026-07-28T13:12:33Z,ACTIVE,Sentinel-Bridge,DR,2023-12-19
AST-003142,MANU-DC-03143,CSE-MANUF-06,Manufacturing,APPLICATION,DC,HIGH,Identity,APPSEC,YES,EXFILTRATION|PRIVILEGE|AUTH,2026-08-24T06:50:01Z,ACTIVE,Sentinel-Bridge,STAGING,2025-01-29
AST-003143,MANU-DC-03144,CSE-MANUF-06,Manufacturing,FIREWALL,DC,HIGH,Identity,APPSEC,YES,ENDPOINT|OT|PRIVILEGE,2026-07-19T00:52:48Z,ACTIVE,Splunk-ES,PRODUCTION,2025-05-23
AST-003144,MANU-CORPORATE-03145,CSE-MANUF-06,Manufacturing,FIREWALL,CORPORATE,LOW,ERP,OT-OPS,YES,OT|DATABASE,2026-09-01T17:32:14Z,ACTIVE,EDR-Collector,DR,2020-10-13
AST-003145,MANU-CORPORATE-03146,CSE-MANUF-06,Manufacturing,NETWORK_DEVICE,CORPORATE,LOW,ERP,OT-OPS,YES,WEB|PRIVILEGE,2026-07-22T03:51:11Z,ACTIVE,Sentinel-Bridge,DR,2026-01-08
AST-003146,MANU-DMZ-03147,CSE-MANUF-06,Manufacturing,SERVER,DMZ,MEDIUM,MES,IT-OPS,YES,EXFILTRATION|NETWORK,2026-07-06T19:32:26Z,ACTIVE,EDR-Collector,DR,2022-12-02
AST-003147,MANU-DMZ-03148,CSE-MANUF-06,Manufacturing,APPLICATION,DMZ,LOW,ERP,OT-OPS,YES,PRIVILEGE|OT,2026-08-25T21:22:08Z,ACTIVE,Sentinel-Bridge,DR,2023-08-24
AST-003148,MANU-CORPORATE-03149,CSE-MANUF-06,Manufacturing,WORKSTATION,CORPORATE,CRITICAL,MES,OT-OPS,YES,NETWORK|DATABASE|OT,2026-08-03T18:19:26Z,ACTIVE,EDR-Collector,STAGING,2020-01-23
AST-003149,MANU-SCADA-03150,CSE-MANUF-06,Manufacturing,PLC,SCADA,MEDIUM,MES,APPSEC,YES,AUTH|WEB,2026-07-21T07:56:10Z,ACTIVE,EDR-Collector,PRODUCTION,2021-10-09
AST-003150,MANU-SCADA-03151,CSE-MANUF-06,Manufacturing,PLC,SCADA,CRITICAL,Identity,SOC,YES,DATABASE|NETWORK|ENDPOINT,2026-07-12T06:25:10Z,ACTIVE,EDR-Collector,DR,2025-08-04
AST-003151,MANU-CORPORATE-03152,CSE-MANUF-06,Manufacturing,WORKSTATION,CORPORATE,LOW,ERP,NETSEC,YES,PRIVILEGE|AUTH,2026-09-22T00:58:39Z,ACTIVE,Sentinel-Bridge,PRODUCTION,2022-01-28
AST-003152,MANU-CORPORATE-03153,CSE-MANUF-06,Manufacturing,NETWORK_DEVICE,CORPORATE,LOW,Plant Control,APPSEC,YES,DATABASE|ENDPOINT,2026-08-21T06:41:42Z,ACTIVE,EDR-Collector,DR,2024-10-18
AST-003153,MANU-DMZ-03154,CSE-MANUF-06,Manufacturing,DATABASE,DMZ,MEDIUM,Plant Control,APPSEC,YES,ENDPOINT|PRIVILEGE,2026-07-14T04:22:22Z,ACTIVE,Sentinel-Bridge,PRODUCTION,2020-08-25
AST-003154,MANU-DMZ-03155,CSE-MANUF-06,Manufacturing,NETWORK_DEVICE,DMZ,HIGH,MES,OT-OPS,YES,EXFILTRATION|OT|NETWORK,2026-09-16T10:51:44Z,ACTIVE,QRadar-Archive,PRODUCTION,2025-03-07
AST-003155,MANU-DC-03156,CSE-MANUF-06,Manufacturing,NETWORK_DEVICE,DC,MEDIUM,Identity,OT-OPS,YES,PRIVILEGE|AUTH,2026-08-21T00:43:11Z,ACTIVE,EDR-Collector,PRODUCTION,2023-08-07
AST-003156,MANU-DMZ-03157,CSE-MANUF-06,Manufacturing,DATABASE,DMZ,HIGH,ERP,SOC,YES,WEB|PRIVILEGE|ENDPOINT,2026-07-20T10:41:21Z,ACTIVE,EDR-Collector,STAGING,2021-08-09
AST-003157,MANU-SCADA-03158,CSE-MANUF-06,Manufacturing,PLC,SCADA,HIGH,Plant Control,SOC,YES,DATABASE|PRIVILEGE|OT,2026-09-02T12:16:57Z,ACTIVE,EDR-Collector,STAGING,2022-11-08
AST-003158,MANU-DC-03159,CSE-MANUF-06,Manufacturing,FIREWALL,DC,MEDIUM,MES,NETSEC,YES,PRIVILEGE|WEB,2026-09-10T18:29:17Z,DEGRADED,Sentinel-Bridge,DR,2021-05-08
AST-003159,MANU-DC-03160,CSE-MANUF-06,Manufacturing,SERVER,DC,MEDIUM,MES,NETSEC,YES,DATABASE|ENDPOINT,2026-07-20T12:18:33Z,ACTIVE,EDR-Collector,STAGING,2023-08-18
AST-003160,MANU-CORPORATE-03161,CSE-MANUF-06,Manufacturing,APPLICATION,CORPORATE,HIGH,ERP,OT-OPS,YES,WEB|AUTH|OT,2026-08-20T06:42:19Z,ACTIVE,QRadar-Archive,DR,2024-01-15
AST-003161,MANU-SCADA-03162,CSE-MANUF-06,Manufacturing,PLC,SCADA,CRITICAL,Plant Control,OT-OPS,YES,WEB|PRIVILEGE|DATABASE,2026-08-18T11:00:00Z,ACTIVE,Splunk-ES,DR,2023-11-08
AST-003162,MANU-CORPORATE-03163,CSE-MANUF-06,Manufacturing,WORKSTATION,CORPORATE,CRITICAL,MES,IT-OPS,YES,ENDPOINT|OT|PRIVILEGE,2026-07-17T22:43:44Z,ACTIVE,Sentinel-Bridge,DR,2021-05-05
AST-003163,MANU-CORPORATE-03164,CSE-MANUF-06,Manufacturing,WORKSTATION,CORPORATE,HIGH,ERP,NETSEC,YES,PRIVILEGE|ENDPOINT|OT,2026-09-30T17:22:14Z,ACTIVE,Sentinel-Bridge,PRODUCTION,2023-05-16
AST-003164,MANU-SCADA-03165,CSE-MANUF-06,Manufacturing,SERVER,SCADA,HIGH,MES,SOC,YES,DATABASE|PRIVILEGE|WEB,2026-09-08T16:11:46Z,ACTIVE,QRadar-Archive,DR,2022-01-26
AST-003165,MANU-CORPORATE-03166,CSE-MANUF-06,Manufacturing,WORKSTATION,CORPORATE,LOW,Plant Control,SOC,YES,WEB|NETWORK,2026-07-29T14:35:53Z,ACTIVE,QRadar-Archive,STAGING,2023-11-17
AST-003166,MANU-CORPORATE-03167,CSE-MANUF-06,Manufacturing,APPLICATION,CORPORATE,HIGH,Plant Control,NETSEC,YES,PRIVILEGE|NETWORK|ENDPOINT,2026-07-07T05:09:20Z,ACTIVE,Sentinel-Bridge,DR,2022-01-19
AST-003167,MANU-DMZ-03168,CSE-MANUF-06,Manufacturing,SERVER,DMZ,MEDIUM,ERP,SOC,YES,NETWORK|OT,2026-07-04T18:12:08Z,DEGRADED,Splunk-ES,DR,2024-05-31
AST-003168,MANU-CORPORATE-03169,CSE-MANUF-06,Manufacturing,SERVER,CORPORATE,CRITICAL,Plant Control,IT-OPS,YES,AUTH|OT|NETWORK,2026-09-24T22:25:30Z,ACTIVE,Splunk-ES,STAGING,2025-04-02
AST-003169,MANU-DMZ-03170,CSE-MANUF-06,Manufacturing,SERVER,DMZ,HIGH,Identity,APPSEC,YES,DATABASE|AUTH|PRIVILEGE,2026-07-10T06:11:12Z,DEGRADED,Splunk-ES,STAGING,2023-09-27
AST-003170,MANU-CORPORATE-03171,CSE-MANUF-06,Manufacturing,NETWORK_DEVICE,CORPORATE,HIGH,Identity,OT-OPS,YES,EXFILTRATION|OT|WEB,2026-07-22T06:07:15Z,ACTIVE,Sentinel-Bridge,DR,2019-12-20
AST-003171,MANU-DMZ-03172,CSE-MANUF-06,Manufacturing,SERVER,DMZ,LOW,ERP,APPSEC,YES,AUTH|EXFILTRATION,2026-08-11T14:56:12Z,ACTIVE,QRadar-Archive,DR,2025-03-03
AST-003172,MANU-SCADA-03173,CSE-MANUF-06,Manufacturing,APPLICATION,SCADA,LOW,Identity,NETSEC,YES,ENDPOINT|PRIVILEGE,2026-07-12T04:49:16Z,ACTIVE,Splunk-ES,STAGING,2024-11-25
AST-003173,MANU-CORPORATE-03174,CSE-MANUF-06,Manufacturing,WORKSTATION,CORPORATE,MEDIUM,ERP,NETSEC,YES,EXFILTRATION|PRIVILEGE,2026-08-15T15:37:16Z,MISSING,QRadar-Archive,DR,2022-01-18
AST-003174,MANU-DMZ-03175,CSE-MANUF-06,Manufacturing,WORKSTATION,DMZ,MEDIUM,Plant Control,APPSEC,YES,OT|WEB,2026-07-11T00:24:53Z,DEGRADED,Sentinel-Bridge,DR,2021-08-21
AST-003175,MANU-DMZ-03176,CSE-MANUF-06,Manufacturing,NETWORK_DEVICE,DMZ,LOW,Plant Control,NETSEC,YES,EXFILTRATION|DATABASE,2026-07-27T17:01:58Z,ACTIVE,EDR-Collector,DR,2023-02-16
AST-003176,MANU-CORPORATE-03177,CSE-MANUF-06,Manufacturing,SERVER,CORPORATE,CRITICAL,MES,APPSEC,YES,WEB|DATABASE|NETWORK,2026-08-05T13:41:18Z,ACTIVE,Sentinel-Bridge,DR,2024-11-16
AST-003177,MANU-SCADA-03178,CSE-MANUF-06,Manufacturing,SERVER,SCADA,MEDIUM,MES,IT-OPS,YES,WEB|DATABASE,2026-08-30T12:13:05Z,ACTIVE,Splunk-ES,DR,2025-08-28
AST-003178,MANU-SCADA-03179,CSE-MANUF-06,Manufacturing,HMI,SCADA,HIGH,Plant Control,IT-OPS,YES,WEB|DATABASE|OT,2026-09-04T05:59:27Z,ACTIVE,EDR-Collector,PRODUCTION,2020-04-29
AST-003179,MANU-OT-03180,CSE-MANUF-06,Manufacturing,APPLICATION,OT,HIGH,MES,NETSEC,YES,EXFILTRATION|AUTH|PRIVILEGE,2026-09-02T14:59:03Z,ACTIVE,Splunk-ES,DR,2022-03-11
AST-003180,MANU-DMZ-03181,CSE-MANUF-06,Manufacturing,WORKSTATION,DMZ,MEDIUM,MES,IT-OPS,YES,AUTH|OT,2026-08-07T07:58:33Z,ACTIVE,Sentinel-Bridge,DR,2024-09-12
AST-003181,MANU-CORPORATE-03182,CSE-MANUF-06,Manufacturing,WORKSTATION,CORPORATE,CRITICAL,Identity,OT-OPS,YES,OT|ENDPOINT|AUTH,2026-07-29T12:29:26Z,ACTIVE,Splunk-ES,STAGING,2024-07-12
AST-003182,MANU-CORPORATE-03183,CSE-MANUF-06,Manufacturing,FIREWALL,CORPORATE,MEDIUM,MES,SOC,YES,DATABASE|ENDPOINT,2026-09-14T00:17:08Z,ACTIVE,QRadar-Archive,PRODUCTION,2019-12-22
AST-003183,MANU-CORPORATE-03184,CSE-MANUF-06,Manufacturing,SERVER,CORPORATE,MEDIUM,MES,OT-OPS,YES,PRIVILEGE|WEB,2026-09-08T07:04:29Z,ACTIVE,EDR-Collector,DR,2021-07-28
AST-003184,MANU-CORPORATE-03185,CSE-MANUF-06,Manufacturing,WORKSTATION,CORPORATE,MEDIUM,Identity,APPSEC,YES,DATABASE|NETWORK,2026-07-17T21:13:44Z,ACTIVE,Sentinel-Bridge,DR,2023-08-22
AST-003185,MANU-DC-03186,CSE-MANUF-06,Manufacturing,SERVER,DC,CRITICAL,ERP,APPSEC,YES,OT|PRIVILEGE|EXFILTRATION,2026-09-08T22:45:52Z,ACTIVE,Sentinel-Bridge,DR,2025-06-03
AST-003186,MANU-SCADA-03187,CSE-MANUF-06,Manufacturing,SERVER,SCADA,MEDIUM,Identity,SOC,YES,PRIVILEGE|DATABASE,2026-09-09T04:33:25Z,ACTIVE,Sentinel-Bridge,DR,2024-08-16
AST-003187,MANU-OT-03188,CSE-MANUF-06,Manufacturing,SERVER,OT,MEDIUM,Identity,SOC,YES,PRIVILEGE|ENDPOINT,2026-09-15T19:55:48Z,ACTIVE,EDR-Collector,DR,2024-07-25
AST-003188,MANU-OT-03189,CSE-MANUF-06,Manufacturing,SERVER,OT,MEDIUM,ERP,OT-OPS,YES,EXFILTRATION|NETWORK,2026-08-22T14:16:22Z,ACTIVE,Sentinel-Bridge,PRODUCTION,2025-01-27
AST-003189,MANU-SCADA-03190,CSE-MANUF-06,Manufacturing,HMI,SCADA,HIGH,Plant Control,SOC,YES,DATABASE|OT|EXFILTRATION,2026-08-24T00:18:27Z,DEGRADED,Splunk-ES,STAGING,2021-10-22
AST-003190,MANU-CORPORATE-03191,CSE-MANUF-06,Manufacturing,SERVER,CORPORATE,MEDIUM,Identity,APPSEC,YES,PRIVILEGE|OT,2026-07-01T12:40:28Z,ACTIVE,EDR-Collector,PRODUCTION,2024-08-01
AST-003191,MANU-CORPORATE-03192,CSE-MANUF-06,Manufacturing,FIREWALL,CORPORATE,MEDIUM,Plant Control,APPSEC,YES,AUTH|ENDPOINT,2026-07-07T21:53:19Z,ACTIVE,QRadar-Archive,STAGING,2025-06-09
AST-003192,MANU-DC-03193,CSE-MANUF-06,Manufacturing,FIREWALL,DC,CRITICAL,ERP,IT-OPS,YES,AUTH|OT|PRIVILEGE,2026-08-13T22:30:10Z,ACTIVE,Splunk-ES,STAGING,2020-03-22
AST-003193,MANU-SCADA-03194,CSE-MANUF-06,Manufacturing,SERVER,SCADA,MEDIUM,Plant Control,IT-OPS,YES,OT|EXFILTRATION,2026-09-17T21:46:14Z,ACTIVE,EDR-Collector,PRODUCTION,2020-08-27
AST-003194,MANU-SCADA-03195,CSE-MANUF-06,Manufacturing,HMI,SCADA,CRITICAL,Identity,APPSEC,YES,PRIVILEGE|ENDPOINT|DATABASE,2026-07-13T19:28:33Z,DEGRADED,EDR-Collector,PRODUCTION,2021-05-12
AST-003195,MANU-SCADA-03196,CSE-MANUF-06,Manufacturing,HMI,SCADA,MEDIUM,Identity,OT-OPS,YES,DATABASE|PRIVILEGE,2026-09-27T12:17:00Z,ACTIVE,QRadar-Archive,STAGING,2020-01-13
AST-003196,MANU-CORPORATE-03197,CSE-MANUF-06,Manufacturing,DATABASE,CORPORATE,HIGH,Plant Control,OT-OPS,YES,AUTH|OT|EXFILTRATION,2026-08-29T19:34:54Z,ACTIVE,EDR-Collector,STAGING,2023-09-02
AST-003197,MANU-CORPORATE-03198,CSE-MANUF-06,Manufacturing,APPLICATION,CORPORATE,MEDIUM,ERP,OT-OPS,YES,ENDPOINT|PRIVILEGE,2026-07-21T14:15:26Z,ACTIVE,Sentinel-Bridge,PRODUCTION,2021-03-31
AST-003198,MANU-CORPORATE-03199,CSE-MANUF-06,Manufacturing,WORKSTATION,CORPORATE,LOW,ERP,SOC,YES,AUTH|NETWORK,2026-07-11T19:20:23Z,ACTIVE,QRadar-Archive,DR,2021-12-31
AST-003199,MANU-CORPORATE-03200,CSE-MANUF-06,Manufacturing,DATABASE,CORPORATE,MEDIUM,MES,OT-OPS,YES,OT|AUTH,2026-08-01T06:10:23Z,ACTIVE,QRadar-Archive,PRODUCTION,2024-07-04
AST-003200,MANU-OT-03201,CSE-MANUF-06,Manufacturing,WORKSTATION,OT,MEDIUM,ERP,SOC,YES,WEB|EXFILTRATION,2026-08-12T05:00:32Z,DEGRADED,Splunk-ES,PRODUCTION,2025-07-01
AST-003201,MANU-OT-03202,CSE-MANUF-06,Manufacturing,SERVER,OT,MEDIUM,Plant Control,SOC,YES,OT|AUTH,2026-07-28T00:05:29Z,ACTIVE,QRadar-Archive,STAGING,2022-10-30
AST-003202,MANU-DMZ-03203,CSE-MANUF-06,Manufacturing,APPLICATION,DMZ,CRITICAL,ERP,OT-OPS,YES,OT|AUTH|EXFILTRATION,2026-08-09T13:27:20Z,ACTIVE,EDR-Collector,PRODUCTION,2025-04-23
AST-003203,MANU-OT-03204,CSE-MANUF-06,Manufacturing,APPLICATION,OT,MEDIUM,Identity,IT-OPS,YES,AUTH|DATABASE,2026-08-13T00:23:26Z,ACTIVE,EDR-Collector,STAGING,2025-02-11
AST-003204,MANU-CORPORATE-03205,CSE-MANUF-06,Manufacturing,WORKSTATION,CORPORATE,MEDIUM,Plant Control,APPSEC,YES,AUTH|PRIVILEGE,2026-08-22T03:06:22Z,ACTIVE,EDR-Collector,DR,2023-02-21
AST-003205,MANU-SCADA-03206,CSE-MANUF-06,Manufacturing,HMI,SCADA,LOW,MES,IT-OPS,YES,AUTH|PRIVILEGE,2026-08-07T07:48:51Z,ACTIVE,QRadar-Archive,DR,2022-02-28
AST-003206,MANU-CORPORATE-03207,CSE-MANUF-06,Manufacturing,FIREWALL,CORPORATE,MEDIUM,Identity,IT-OPS,YES,OT|WEB,2026-08-02T14:22:42Z,ACTIVE,Splunk-ES,STAGING,2022-12-29
AST-003207,MANU-DMZ-03208,CSE-MANUF-06,Manufacturing,SERVER,DMZ,LOW,Plant Control,SOC,YES,DATABASE|ENDPOINT,2026-08-09T20:35:10Z,DEGRADED,Splunk-ES,STAGING,2025-09-03
AST-003208,MANU-SCADA-03209,CSE-MANUF-06,Manufacturing,SERVER,SCADA,MEDIUM,MES,OT-OPS,YES,WEB|AUTH,2026-08-01T12:53:27Z,ACTIVE,Splunk-ES,DR,2025-05-14
AST-003209,MANU-CORPORATE-03210,CSE-MANUF-06,Manufacturing,APPLICATION,CORPORATE,HIGH,Identity,OT-OPS,YES,AUTH|EXFILTRATION|DATABASE,2026-07-08T22:38:47Z,ACTIVE,EDR-Collector,PRODUCTION,2026-03-31
AST-003210,MANU-CORPORATE-03211,CSE-MANUF-06,Manufacturing,DATABASE,CORPORATE,LOW,Identity,SOC,YES,WEB|OT,2026-08-23T10:25:58Z,ACTIVE,Splunk-ES,STAGING,2024-08-10
AST-003211,MANU-CORPORATE-03212,CSE-MANUF-06,Manufacturing,APPLICATION,CORPORATE,HIGH,MES,OT-OPS,YES,EXFILTRATION|WEB|DATABASE,2026-08-11T00:25:32Z,ACTIVE,QRadar-Archive,STAGING,2025-07-08
AST-003212,MANU-SCADA-03213,CSE-MANUF-06,Manufacturing,DATABASE,SCADA,MEDIUM,MES,SOC,YES,OT|AUTH,2026-09-05T01:13:31Z,ACTIVE,EDR-Collector,DR,2020-01-22
AST-003213,MANU-OT-03214,CSE-MANUF-06,Manufacturing,DATABASE,OT,HIGH,ERP,OT-OPS,YES,WEB|EXFILTRATION|DATABASE,2026-09-20T03:37:09Z,ACTIVE,QRadar-Archive,DR,2020-02-09
AST-003214,MANU-CORPORATE-03215,CSE-MANUF-06,Manufacturing,WORKSTATION,CORPORATE,HIGH,Plant Control,APPSEC,YES,EXFILTRATION|OT|NETWORK,2026-07-27T19:56:18Z,ACTIVE,Sentinel-Bridge,PRODUCTION,2025-03-04
AST-003215,MANU-CORPORATE-03216,CSE-MANUF-06,Manufacturing,SERVER,CORPORATE,LOW,ERP,SOC,YES,PRIVILEGE|ENDPOINT,2026-09-13T21:59:56Z,ACTIVE,EDR-Collector,PRODUCTION,2024-12-01
AST-003216,MANU-CORPORATE-03217,CSE-MANUF-06,Manufacturing,NETWORK_DEVICE,CORPORATE,MEDIUM,Identity,SOC,YES,NETWORK|PRIVILEGE,2026-08-25T19:51:13Z,ACTIVE,Sentinel-Bridge,DR,2020-12-03
AST-003217,MANU-DC-03218,CSE-MANUF-06,Manufacturing,WORKSTATION,DC,CRITICAL,ERP,NETSEC,YES,OT|PRIVILEGE|WEB,2026-09-20T05:08:51Z,ACTIVE,Splunk-ES,PRODUCTION,2024-07-07
AST-003218,MANU-DC-03219,CSE-MANUF-06,Manufacturing,NETWORK_DEVICE,DC,CRITICAL,ERP,NETSEC,YES,OT|WEB|AUTH,2026-07-12T17:12:13Z,ACTIVE,EDR-Collector,DR,2024-12-07
AST-003219,MANU-SCADA-03220,CSE-MANUF-06,Manufacturing,WORKSTATION,SCADA,LOW,Plant Control,IT-OPS,YES,OT|WEB,2026-07-26T17:16:16Z,ACTIVE,EDR-Collector,DR,2023-03-24
AST-003220,MANU-CORPORATE-03221,CSE-MANUF-06,Manufacturing,WORKSTATION,CORPORATE,LOW,MES,OT-OPS,YES,NETWORK|OT,2026-08-25T04:41:55Z,ACTIVE,Sentinel-Bridge,PRODUCTION,2025-02-18
AST-003221,MANU-SCADA-03222,CSE-MANUF-06,Manufacturing,HMI,SCADA,HIGH,Plant Control,APPSEC,YES,ENDPOINT|PRIVILEGE|EXFILTRATION,2026-08-04T11:28:45Z,ACTIVE,QRadar-Archive,PRODUCTION,2021-03-24
AST-003222,MANU-SCADA-03223,CSE-MANUF-06,Manufacturing,HMI,SCADA,MEDIUM,Plant Control,IT-OPS,YES,PRIVILEGE|AUTH,2026-09-10T02:03:24Z,ACTIVE,Splunk-ES,PRODUCTION,2023-11-28
AST-003223,MANU-DMZ-03224,CSE-MANUF-06,Manufacturing,FIREWALL,DMZ,MEDIUM,Plant Control,NETSEC,YES,EXFILTRATION|AUTH,2026-09-08T14:37:06Z,ACTIVE,Sentinel-Bridge,DR,2025-09-15
AST-003224,MANU-SCADA-03225,CSE-MANUF-06,Manufacturing,SERVER,SCADA,MEDIUM,MES,APPSEC,YES,AUTH|DATABASE,2026-09-11T11:19:21Z,ACTIVE,EDR-Collector,STAGING,2020-12-19
AST-003225,MANU-CORPORATE-03226,CSE-MANUF-06,Manufacturing,WORKSTATION,CORPORATE,CRITICAL,Identity,NETSEC,YES,DATABASE|AUTH|OT,2026-08-06T12:14:48Z,ACTIVE,EDR-Collector,PRODUCTION,2026-03-06
AST-003226,MANU-CORPORATE-03227,CSE-MANUF-06,Manufacturing,SERVER,CORPORATE,MEDIUM,ERP,NETSEC,YES,DATABASE|PRIVILEGE,2026-08-11T14:35:56Z,MISSING,Splunk-ES,PRODUCTION,2022-03-19
AST-003227,MANU-DC-03228,CSE-MANUF-06,Manufacturing,SERVER,DC,MEDIUM,MES,OT-OPS,YES,PRIVILEGE|WEB,2026-09-06T08:59:40Z,ACTIVE,Splunk-ES,PRODUCTION,2024-10-16
AST-003228,MANU-DC-03229,CSE-MANUF-06,Manufacturing,SERVER,DC,CRITICAL,MES,IT-OPS,YES,OT|DATABASE|NETWORK,2026-07-05T19:26:28Z,MISSING,QRadar-Archive,PRODUCTION,2020-05-29
AST-003229,MANU-DC-03230,CSE-MANUF-06,Manufacturing,SERVER,DC,MEDIUM,ERP,APPSEC,YES,EXFILTRATION|PRIVILEGE,2026-07-12T01:46:10Z,ACTIVE,QRadar-Archive,PRODUCTION,2022-12-31
AST-003230,MANU-OT-03231,CSE-MANUF-06,Manufacturing,NETWORK_DEVICE,OT,HIGH,ERP,OT-OPS,YES,PRIVILEGE|DATABASE|ENDPOINT,2026-07-02T05:12:38Z,ACTIVE,Sentinel-Bridge,PRODUCTION,2020-08-10
AST-003231,MANU-CORPORATE-03232,CSE-MANUF-06,Manufacturing,SERVER,CORPORATE,LOW,MES,APPSEC,YES,EXFILTRATION|DATABASE,2026-07-28T16:18:26Z,ACTIVE,Sentinel-Bridge,DR,2023-07-27
AST-003232,MANU-OT-03233,CSE-MANUF-06,Manufacturing,FIREWALL,OT,CRITICAL,MES,APPSEC,YES,ENDPOINT|EXFILTRATION|PRIVILEGE,2026-08-14T15:38:34Z,ACTIVE,EDR-Collector,STAGING,2022-10-31
AST-003233,MANU-DC-03234,CSE-MANUF-06,Manufacturing,NETWORK_DEVICE,DC,MEDIUM,MES,APPSEC,YES,PRIVILEGE|WEB,2026-08-11T03:45:57Z,ACTIVE,QRadar-Archive,DR,2025-04-23
AST-003234,MANU-CORPORATE-03235,CSE-MANUF-06,Manufacturing,SERVER,CORPORATE,MEDIUM,ERP,IT-OPS,YES,ENDPOINT|NETWORK,2026-07-12T08:53:19Z,ACTIVE,EDR-Collector,STAGING,2021-02-28
AST-003235,MANU-CORPORATE-03236,CSE-MANUF-06,Manufacturing,DATABASE,CORPORATE,CRITICAL,MES,APPSEC,YES,NETWORK|DATABASE|OT,2026-09-20T23:59:59Z,ACTIVE,Splunk-ES,STAGING,2022-10-16
AST-003236,MANU-CORPORATE-03237,CSE-MANUF-06,Manufacturing,DATABASE,CORPORATE,MEDIUM,Identity,NETSEC,YES,OT|WEB,2026-08-12T05:40:16Z,ACTIVE,Sentinel-Bridge,PRODUCTION,2021-09-07
AST-003237,MANU-CORPORATE-03238,CSE-MANUF-06,Manufacturing,WORKSTATION,CORPORATE,MEDIUM,Plant Control,OT-OPS,YES,AUTH|OT,2026-07-31T14:26:25Z,ACTIVE,EDR-Collector,DR,2020-02-12
AST-003238,MANU-DMZ-03239,CSE-MANUF-06,Manufacturing,SERVER,DMZ,MEDIUM,MES,SOC,YES,EXFILTRATION|ENDPOINT,2026-07-10T08:28:56Z,MISSING,Sentinel-Bridge,DR,2020-02-29
AST-003239,MANU-DMZ-03240,CSE-MANUF-06,Manufacturing,APPLICATION,DMZ,MEDIUM,Plant Control,APPSEC,YES,AUTH|OT,2026-08-02T12:51:22Z,ACTIVE,EDR-Collector,PRODUCTION,2021-04-07
AST-003240,MANU-DMZ-03241,CSE-MANUF-06,Manufacturing,FIREWALL,DMZ,LOW,MES,IT-OPS,YES,PRIVILEGE|ENDPOINT,2026-07-10T13:46:21Z,ACTIVE,Splunk-ES,PRODUCTION,2022-06-18
AST-003241,PORT-CORPORATE-03242,CSE-PORT-07,Ports,DATABASE,CORPORATE,CRITICAL,Access Control,SOC,YES,AUTH|WEB|ENDPOINT,2026-07-12T06:00:35Z,ACTIVE,QRadar-Archive,STAGING,2020-03-30
AST-003242,PORT-DC-03243,CSE-PORT-07,Ports,SERVER,DC,MEDIUM,Identity,APPSEC,YES,OT|NETWORK,2026-07-16T07:21:27Z,ACTIVE,Splunk-ES,STAGING,2026-02-21
AST-003243,PORT-CORPORATE-03244,CSE-PORT-07,Ports,DATABASE,CORPORATE,MEDIUM,Access Control,NETSEC,YES,ENDPOINT|AUTH,2026-09-01T09:15:50Z,ACTIVE,Sentinel-Bridge,PRODUCTION,2024-01-30
AST-003244,PORT-SCADA-03245,CSE-PORT-07,Ports,DATABASE,SCADA,MEDIUM,Terminal Ops,SOC,YES,OT|NETWORK,2026-09-30T17:22:13Z,ACTIVE,QRadar-Archive,PRODUCTION,2024-06-09
AST-003245,PORT-CORPORATE-03246,CSE-PORT-07,Ports,SERVER,CORPORATE,LOW,Identity,OT-OPS,YES,NETWORK|OT,2026-08-27T09:59:12Z,ACTIVE,EDR-Collector,STAGING,2024-05-25
AST-003246,PORT-DMZ-03247,CSE-PORT-07,Ports,DATABASE,DMZ,MEDIUM,Access Control,APPSEC,YES,OT|DATABASE,2026-08-21T18:34:18Z,ACTIVE,QRadar-Archive,STAGING,2022-03-17
AST-003247,PORT-CORPORATE-03248,CSE-PORT-07,Ports,APPLICATION,CORPORATE,MEDIUM,Identity,NETSEC,YES,DATABASE|OT,2026-07-27T00:45:20Z,ACTIVE,Sentinel-Bridge,STAGING,2025-09-20
AST-003248,PORT-CORPORATE-03249,CSE-PORT-07,Ports,DATABASE,CORPORATE,HIGH,Terminal Ops,SOC,YES,OT|EXFILTRATION|NETWORK,2026-09-13T04:30:30Z,ACTIVE,Splunk-ES,PRODUCTION,2022-08-12
AST-003249,PORT-CORPORATE-03250,CSE-PORT-07,Ports,NETWORK_DEVICE,CORPORATE,HIGH,Terminal Ops,APPSEC,YES,DATABASE|ENDPOINT|PRIVILEGE,2026-09-02T04:43:19Z,ACTIVE,QRadar-Archive,STAGING,2025-03-15
AST-003250,PORT-CORPORATE-03251,CSE-PORT-07,Ports,WORKSTATION,CORPORATE,MEDIUM,Terminal Ops,OT-OPS,YES,PRIVILEGE|OT,2026-07-06T13:36:29Z,MISSING,Sentinel-Bridge,DR,2020-09-21
AST-003251,PORT-DMZ-03252,CSE-PORT-07,Ports,NETWORK_DEVICE,DMZ,LOW,Cargo,SOC,YES,EXFILTRATION|NETWORK,2026-08-31T00:57:47Z,ACTIVE,Splunk-ES,STAGING,2021-09-16
AST-003252,PORT-DC-03253,CSE-PORT-07,Ports,SERVER,DC,HIGH,Access Control,IT-OPS,YES,DATABASE|OT|NETWORK,2026-08-01T06:14:35Z,ACTIVE,QRadar-Archive,STAGING,2026-02-14
AST-003253,PORT-DC-03254,CSE-PORT-07,Ports,NETWORK_DEVICE,DC,HIGH,Cargo,SOC,YES,AUTH|ENDPOINT|WEB,2026-08-15T04:21:19Z,ACTIVE,EDR-Collector,PRODUCTION,2022-01-12
AST-003254,PORT-CORPORATE-03255,CSE-PORT-07,Ports,WORKSTATION,CORPORATE,MEDIUM,Cargo,APPSEC,YES,EXFILTRATION|OT,2026-07-19T02:38:39Z,ACTIVE,QRadar-Archive,STAGING,2022-10-15
AST-003255,PORT-SCADA-03256,CSE-PORT-07,Ports,SERVER,SCADA,MEDIUM,Terminal Ops,OT-OPS,YES,DATABASE|AUTH,2026-07-09T12:30:08Z,ACTIVE,QRadar-Archive,DR,2023-07-28
AST-003256,PORT-CORPORATE-03257,CSE-PORT-07,Ports,WORKSTATION,CORPORATE,CRITICAL,Identity,OT-OPS,YES,PRIVILEGE|WEB|EXFILTRATION,2026-07-04T00:32:59Z,ACTIVE,Splunk-ES,DR,2020-04-05
AST-003257,PORT-DC-03258,CSE-PORT-07,Ports,SERVER,DC,MEDIUM,Identity,NETSEC,YES,EXFILTRATION|WEB,2026-08-21T19:53:27Z,ACTIVE,EDR-Collector,PRODUCTION,2024-08-30
AST-003258,PORT-DC-03259,CSE-PORT-07,Ports,WORKSTATION,DC,LOW,Cargo,OT-OPS,YES,OT|EXFILTRATION,2026-07-18T06:38:16Z,ACTIVE,Splunk-ES,STAGING,2023-04-20
AST-003259,PORT-DMZ-03260,CSE-PORT-07,Ports,NETWORK_DEVICE,DMZ,MEDIUM,Terminal Ops,OT-OPS,YES,NETWORK|PRIVILEGE,2026-07-08T11:30:08Z,ACTIVE,Splunk-ES,STAGING,2024-06-03
AST-003260,PORT-SCADA-03261,CSE-PORT-07,Ports,PLC,SCADA,LOW,Access Control,NETSEC,YES,PRIVILEGE|EXFILTRATION,2026-08-13T23:06:48Z,ACTIVE,Sentinel-Bridge,DR,2020-08-24
AST-003261,PORT-DMZ-03262,CSE-PORT-07,Ports,SERVER,DMZ,HIGH,Access Control,OT-OPS,YES,WEB|AUTH|EXFILTRATION,2026-09-27T02:50:31Z,ACTIVE,Sentinel-Bridge,PRODUCTION,2023-01-01
AST-003262,PORT-CORPORATE-03263,CSE-PORT-07,Ports,NETWORK_DEVICE,CORPORATE,HIGH,Access Control,NETSEC,YES,ENDPOINT|OT|WEB,2026-08-19T02:48:39Z,MISSING,EDR-Collector,STAGING,2021-01-21
AST-003263,PORT-SCADA-03264,CSE-PORT-07,Ports,PLC,SCADA,MEDIUM,Identity,NETSEC,YES,PRIVILEGE|ENDPOINT,2026-08-27T11:40:41Z,ACTIVE,Sentinel-Bridge,DR,2021-01-10
AST-003264,PORT-DMZ-03265,CSE-PORT-07,Ports,WORKSTATION,DMZ,LOW,Terminal Ops,SOC,YES,EXFILTRATION|DATABASE,2026-07-16T20:21:03Z,ACTIVE,QRadar-Archive,STAGING,2020-03-27
AST-003265,PORT-DC-03266,CSE-PORT-07,Ports,SERVER,DC,HIGH,Terminal Ops,IT-OPS,YES,DATABASE|ENDPOINT|PRIVILEGE,2026-08-06T13:31:12Z,ACTIVE,QRadar-Archive,STAGING,2022-11-19
AST-003266,PORT-OT-03267,CSE-PORT-07,Ports,WORKSTATION,OT,HIGH,Terminal Ops,APPSEC,YES,EXFILTRATION|PRIVILEGE|OT,2026-08-17T01:00:56Z,ACTIVE,QRadar-Archive,STAGING,2024-08-19
AST-003267,PORT-CORPORATE-03268,CSE-PORT-07,Ports,WORKSTATION,CORPORATE,LOW,Identity,IT-OPS,YES,EXFILTRATION|DATABASE,2026-08-24T10:34:44Z,ACTIVE,Sentinel-Bridge,STAGING,2024-05-24
AST-003268,PORT-DC-03269,CSE-PORT-07,Ports,FIREWALL,DC,CRITICAL,Cargo,IT-OPS,YES,NETWORK|AUTH|ENDPOINT,2026-07-21T05:39:42Z,DEGRADED,Splunk-ES,PRODUCTION,2022-03-04
AST-003269,PORT-DC-03270,CSE-PORT-07,Ports,WORKSTATION,DC,CRITICAL,Cargo,SOC,YES,AUTH|ENDPOINT|NETWORK,2026-09-08T23:59:59Z,MISSING,EDR-Collector,DR,2024-08-22
AST-003270,PORT-OT-03271,CSE-PORT-07,Ports,WORKSTATION,OT,MEDIUM,Identity,SOC,YES,OT|DATABASE,2026-09-03T23:14:13Z,ACTIVE,Sentinel-Bridge,STAGING,2020-01-18
AST-003271,PORT-DC-03272,CSE-PORT-07,Ports,DATABASE,DC,MEDIUM,Identity,OT-OPS,YES,OT|ENDPOINT,2026-08-20T09:26:14Z,ACTIVE,QRadar-Archive,DR,2023-10-18
AST-003272,PORT-CORPORATE-03273,CSE-PORT-07,Ports,SERVER,CORPORATE,HIGH,Cargo,APPSEC,YES,WEB|EXFILTRATION|PRIVILEGE,2026-09-19T08:27:10Z,ACTIVE,QRadar-Archive,DR,2021-02-13
AST-003273,PORT-DMZ-03274,CSE-PORT-07,Ports,APPLICATION,DMZ,HIGH,Terminal Ops,APPSEC,YES,WEB|NETWORK|PRIVILEGE,2026-07-08T00:48:13Z,ACTIVE,Splunk-ES,PRODUCTION,2022-02-23
AST-003274,PORT-DC-03275,CSE-PORT-07,Ports,NETWORK_DEVICE,DC,MEDIUM,Identity,APPSEC,YES,ENDPOINT|EXFILTRATION,2026-08-24T21:48:30Z,ACTIVE,QRadar-Archive,PRODUCTION,2024-11-25
AST-003275,PORT-OT-03276,CSE-PORT-07,Ports,APPLICATION,OT,MEDIUM,Terminal Ops,IT-OPS,YES,NETWORK|PRIVILEGE,2026-09-12T09:33:48Z,ACTIVE,Splunk-ES,DR,2021-03-11
AST-003276,PORT-CORPORATE-03277,CSE-PORT-07,Ports,NETWORK_DEVICE,CORPORATE,HIGH,Terminal Ops,SOC,YES,ENDPOINT|PRIVILEGE|WEB,2026-07-14T12:40:17Z,ACTIVE,QRadar-Archive,PRODUCTION,2024-02-03
AST-003277,PORT-SCADA-03278,CSE-PORT-07,Ports,HMI,SCADA,MEDIUM,Identity,OT-OPS,YES,OT|EXFILTRATION,2026-07-02T14:14:25Z,ACTIVE,EDR-Collector,PRODUCTION,2022-11-18
AST-003278,PORT-CORPORATE-03279,CSE-PORT-07,Ports,SERVER,CORPORATE,LOW,Identity,SOC,YES,PRIVILEGE|ENDPOINT,2026-08-29T09:09:14Z,ACTIVE,QRadar-Archive,PRODUCTION,2021-02-24
AST-003279,PORT-CORPORATE-03280,CSE-PORT-07,Ports,DATABASE,CORPORATE,CRITICAL,Terminal Ops,NETSEC,YES,WEB|AUTH|EXFILTRATION,2026-09-13T09:57:36Z,ACTIVE,EDR-Collector,DR,2025-12-21
AST-003280,PORT-SCADA-03281,CSE-PORT-07,Ports,APPLICATION,SCADA,CRITICAL,Access Control,NETSEC,YES,PRIVILEGE|EXFILTRATION|ENDPOINT,2026-07-09T18:59:01Z,ACTIVE,QRadar-Archive,STAGING,2022-05-20
AST-003281,PORT-CORPORATE-03282,CSE-PORT-07,Ports,NETWORK_DEVICE,CORPORATE,HIGH,Identity,IT-OPS,YES,DATABASE|NETWORK|PRIVILEGE,2026-08-01T05:46:43Z,ACTIVE,QRadar-Archive,DR,2025-10-15
AST-003282,PORT-OT-03283,CSE-PORT-07,Ports,DATABASE,OT,MEDIUM,Identity,IT-OPS,YES,DATABASE|OT,2026-08-30T17:38:05Z,ACTIVE,QRadar-Archive,DR,2024-08-03
AST-003283,PORT-DC-03284,CSE-PORT-07,Ports,WORKSTATION,DC,MEDIUM,Identity,IT-OPS,YES,NETWORK|PRIVILEGE,2026-07-01T12:03:51Z,ACTIVE,Splunk-ES,DR,2022-12-31
AST-003284,PORT-DMZ-03285,CSE-PORT-07,Ports,DATABASE,DMZ,LOW,Access Control,IT-OPS,YES,ENDPOINT|EXFILTRATION,2026-09-15T12:37:08Z,ACTIVE,EDR-Collector,PRODUCTION,2023-08-20
AST-003285,PORT-CORPORATE-03286,CSE-PORT-07,Ports,WORKSTATION,CORPORATE,MEDIUM,Access Control,NETSEC,YES,WEB|OT,2026-07-31T21:19:43Z,DEGRADED,Splunk-ES,PRODUCTION,2025-06-20
AST-003286,PORT-CORPORATE-03287,CSE-PORT-07,Ports,FIREWALL,CORPORATE,HIGH,Access Control,IT-OPS,YES,WEB|PRIVILEGE|DATABASE,2026-08-03T01:05:53Z,ACTIVE,QRadar-Archive,STAGING,2020-12-08
AST-003287,PORT-SCADA-03288,CSE-PORT-07,Ports,HMI,SCADA,CRITICAL,Terminal Ops,IT-OPS,YES,PRIVILEGE|AUTH|NETWORK,2026-09-04T02:08:45Z,ACTIVE,Splunk-ES,STAGING,2024-12-25
AST-003288,PORT-OT-03289,CSE-PORT-07,Ports,SERVER,OT,MEDIUM,Cargo,SOC,YES,AUTH|EXFILTRATION,2026-08-30T09:54:23Z,ACTIVE,QRadar-Archive,DR,2022-12-29
AST-003289,PORT-CORPORATE-03290,CSE-PORT-07,Ports,WORKSTATION,CORPORATE,LOW,Access Control,IT-OPS,YES,OT|ENDPOINT,2026-07-11T00:20:55Z,ACTIVE,EDR-Collector,PRODUCTION,2021-03-09
AST-003290,PORT-DMZ-03291,CSE-PORT-07,Ports,WORKSTATION,DMZ,HIGH,Access Control,IT-OPS,YES,WEB|NETWORK|AUTH,2026-08-16T14:23:33Z,MISSING,QRadar-Archive,STAGING,2021-05-13
AST-003291,PORT-CORPORATE-03292,CSE-PORT-07,Ports,SERVER,CORPORATE,LOW,Terminal Ops,APPSEC,YES,ENDPOINT|OT,2026-09-08T03:21:52Z,ACTIVE,Sentinel-Bridge,PRODUCTION,2021-09-16
AST-003292,PORT-DC-03293,CSE-PORT-07,Ports,APPLICATION,DC,CRITICAL,Identity,APPSEC,YES,WEB|EXFILTRATION|PRIVILEGE,2026-07-05T20:35:09Z,ACTIVE,EDR-Collector,DR,2021-09-02
AST-003293,PORT-DMZ-03294,CSE-PORT-07,Ports,APPLICATION,DMZ,HIGH,Identity,SOC,YES,OT|ENDPOINT|PRIVILEGE,2026-07-28T16:48:01Z,ACTIVE,Splunk-ES,DR,2024-03-29
AST-003294,PORT-SCADA-03295,CSE-PORT-07,Ports,WORKSTATION,SCADA,HIGH,Cargo,NETSEC,YES,NETWORK|ENDPOINT|OT,2026-09-06T12:18:25Z,ACTIVE,QRadar-Archive,STAGING,2025-05-25
AST-003295,PORT-CORPORATE-03296,CSE-PORT-07,Ports,SERVER,CORPORATE,HIGH,Terminal Ops,OT-OPS,YES,DATABASE|PRIVILEGE|AUTH,2026-07-17T03:38:19Z,ACTIVE,EDR-Collector,PRODUCTION,2025-05-06
AST-003296,PORT-OT-03297,CSE-PORT-07,Ports,DATABASE,OT,MEDIUM,Access Control,IT-OPS,YES,DATABASE|ENDPOINT,2026-09-05T23:43:47Z,ACTIVE,Sentinel-Bridge,PRODUCTION,2022-04-07
AST-003297,PORT-CORPORATE-03298,CSE-PORT-07,Ports,WORKSTATION,CORPORATE,HIGH,Cargo,OT-OPS,YES,NETWORK|ENDPOINT|EXFILTRATION,2026-08-30T17:35:55Z,ACTIVE,EDR-Collector,PRODUCTION,2022-03-09
AST-003298,PORT-SCADA-03299,CSE-PORT-07,Ports,DATABASE,SCADA,MEDIUM,Access Control,APPSEC,YES,OT|DATABASE,2026-09-21T18:40:29Z,ACTIVE,EDR-Collector,STAGING,2021-07-11
AST-003299,PORT-DMZ-03300,CSE-PORT-07,Ports,APPLICATION,DMZ,MEDIUM,Identity,OT-OPS,YES,WEB|NETWORK,2026-09-17T00:09:38Z,ACTIVE,QRadar-Archive,STAGING,2021-02-26
AST-003300,PORT-CORPORATE-03301,CSE-PORT-07,Ports,FIREWALL,CORPORATE,CRITICAL,Access Control,IT-OPS,YES,PRIVILEGE|WEB|EXFILTRATION,2026-08-06T19:15:23Z,ACTIVE,EDR-Collector,PRODUCTION,2022-06-17
AST-003301,PORT-DMZ-03302,CSE-PORT-07,Ports,WORKSTATION,DMZ,MEDIUM,Terminal Ops,APPSEC,YES,DATABASE|EXFILTRATION,2026-09-24T02:16:30Z,ACTIVE,Sentinel-Bridge,PRODUCTION,2021-03-06
AST-003302,PORT-SCADA-03303,CSE-PORT-07,Ports,PLC,SCADA,HIGH,Cargo,OT-OPS,YES,EXFILTRATION|PRIVILEGE|ENDPOINT,2026-08-17T18:59:21Z,ACTIVE,Splunk-ES,DR,2025-12-19
AST-003303,PORT-CORPORATE-03304,CSE-PORT-07,Ports,SERVER,CORPORATE,MEDIUM,Access Control,OT-OPS,YES,PRIVILEGE|ENDPOINT,2026-08-01T13:49:12Z,ACTIVE,QRadar-Archive,PRODUCTION,2023-10-27
AST-003304,PORT-DC-03305,CSE-PORT-07,Ports,WORKSTATION,DC,CRITICAL,Access Control,APPSEC,YES,NETWORK|DATABASE|OT,2026-08-21T08:33:43Z,ACTIVE,QRadar-Archive,DR,2025-12-20
AST-003305,PORT-CORPORATE-03306,CSE-PORT-07,Ports,SERVER,CORPORATE,LOW,Access Control,IT-OPS,YES,AUTH|PRIVILEGE,2026-09-27T19:41:30Z,ACTIVE,Sentinel-Bridge,PRODUCTION,2025-04-02
AST-003306,PORT-SCADA-03307,CSE-PORT-07,Ports,PLC,SCADA,HIGH,Access Control,APPSEC,YES,DATABASE|NETWORK|OT,2026-08-12T20:15:21Z,ACTIVE,EDR-Collector,STAGING,2025-12-29
AST-003307,PORT-CORPORATE-03308,CSE-PORT-07,Ports,SERVER,CORPORATE,HIGH,Access Control,OT-OPS,YES,PRIVILEGE|AUTH|WEB,2026-09-13T20:33:33Z,ACTIVE,QRadar-Archive,STAGING,2020-07-17
AST-003308,PORT-DMZ-03309,CSE-PORT-07,Ports,WORKSTATION,DMZ,HIGH,Terminal Ops,SOC,YES,AUTH|EXFILTRATION|WEB,2026-08-22T12:50:28Z,ACTIVE,QRadar-Archive,DR,2023-12-28
AST-003309,PORT-DC-03310,CSE-PORT-07,Ports,SERVER,DC,MEDIUM,Terminal Ops,NETSEC,YES,NETWORK|EXFILTRATION,2026-08-03T21:14:39Z,DEGRADED,QRadar-Archive,DR,2021-12-29
AST-003310,PORT-DC-03311,CSE-PORT-07,Ports,SERVER,DC,LOW,Identity,NETSEC,YES,PRIVILEGE|DATABASE,2026-07-09T14:56:34Z,DEGRADED,Sentinel-Bridge,PRODUCTION,2020-05-13
AST-003311,PORT-CORPORATE-03312,CSE-PORT-07,Ports,SERVER,CORPORATE,LOW,Cargo,IT-OPS,YES,AUTH|DATABASE,2026-09-16T15:52:51Z,ACTIVE,EDR-Collector,PRODUCTION,2025-11-14
AST-003312,PORT-CORPORATE-03313,CSE-PORT-07,Ports,SERVER,CORPORATE,LOW,Identity,OT-OPS,YES,AUTH|OT,2026-08-10T07:54:31Z,ACTIVE,Splunk-ES,PRODUCTION,2020-01-25
AST-003313,PORT-OT-03314,CSE-PORT-07,Ports,DATABASE,OT,CRITICAL,Identity,NETSEC,YES,DATABASE|WEB|OT,2026-08-29T06:16:34Z,ACTIVE,QRadar-Archive,PRODUCTION,2024-09-27
AST-003314,PORT-CORPORATE-03315,CSE-PORT-07,Ports,NETWORK_DEVICE,CORPORATE,HIGH,Access Control,SOC,YES,EXFILTRATION|DATABASE|AUTH,2026-09-03T17:10:43Z,ACTIVE,Splunk-ES,STAGING,2025-05-04
AST-003315,PORT-CORPORATE-03316,CSE-PORT-07,Ports,SERVER,CORPORATE,CRITICAL,Terminal Ops,APPSEC,YES,PRIVILEGE|ENDPOINT|AUTH,2026-09-21T00:18:07Z,ACTIVE,QRadar-Archive,DR,2021-07-05
AST-003316,PORT-DC-03317,CSE-PORT-07,Ports,SERVER,DC,LOW,Identity,APPSEC,YES,DATABASE|EXFILTRATION,2026-07-06T07:30:26Z,ACTIVE,Sentinel-Bridge,STAGING,2023-01-14
AST-003317,PORT-CORPORATE-03318,CSE-PORT-07,Ports,WORKSTATION,CORPORATE,MEDIUM,Cargo,APPSEC,YES,OT|ENDPOINT,2026-09-14T14:03:08Z,ACTIVE,Sentinel-Bridge,STAGING,2024-11-10
AST-003318,PORT-DC-03319,CSE-PORT-07,Ports,WORKSTATION,DC,MEDIUM,Terminal Ops,IT-OPS,YES,OT|ENDPOINT,2026-09-17T14:47:17Z,ACTIVE,QRadar-Archive,DR,2020-04-22
AST-003319,PORT-SCADA-03320,CSE-PORT-07,Ports,PLC,SCADA,HIGH,Identity,SOC,YES,PRIVILEGE|DATABASE|ENDPOINT,2026-07-20T16:00:18Z,ACTIVE,Sentinel-Bridge,PRODUCTION,2020-02-23
AST-003320,PORT-DC-03321,CSE-PORT-07,Ports,SERVER,DC,HIGH,Cargo,SOC,YES,WEB|ENDPOINT|EXFILTRATION,2026-09-28T16:28:16Z,ACTIVE,EDR-Collector,PRODUCTION,2025-11-16
AST-003321,PORT-DMZ-03322,CSE-PORT-07,Ports,NETWORK_DEVICE,DMZ,MEDIUM,Cargo,NETSEC,YES,NETWORK|OT,2026-09-16T13:20:14Z,ACTIVE,Splunk-ES,DR,2020-10-28
AST-003322,PORT-DC-03323,CSE-PORT-07,Ports,WORKSTATION,DC,HIGH,Access Control,NETSEC,YES,OT|EXFILTRATION|NETWORK,2026-09-08T15:42:46Z,ACTIVE,QRadar-Archive,DR,2025-10-26
AST-003323,PORT-DC-03324,CSE-PORT-07,Ports,SERVER,DC,HIGH,Identity,IT-OPS,YES,ENDPOINT|PRIVILEGE|OT,2026-08-13T21:32:46Z,ACTIVE,Sentinel-Bridge,PRODUCTION,2024-03-08
AST-003324,PORT-OT-03325,CSE-PORT-07,Ports,WORKSTATION,OT,LOW,Access Control,IT-OPS,YES,ENDPOINT|AUTH,2026-09-08T19:59:06Z,ACTIVE,QRadar-Archive,DR,2022-12-21
AST-003325,PORT-SCADA-03326,CSE-PORT-07,Ports,FIREWALL,SCADA,MEDIUM,Access Control,IT-OPS,YES,ENDPOINT|AUTH,2026-08-11T06:20:48Z,MISSING,EDR-Collector,STAGING,2020-07-25
AST-003326,PORT-OT-03327,CSE-PORT-07,Ports,DATABASE,OT,CRITICAL,Terminal Ops,IT-OPS,YES,NETWORK|AUTH|OT,2026-07-05T23:04:31Z,ACTIVE,Sentinel-Bridge,PRODUCTION,2023-05-12
AST-003327,PORT-OT-03328,CSE-PORT-07,Ports,NETWORK_DEVICE,OT,HIGH,Access Control,APPSEC,YES,PRIVILEGE|OT|EXFILTRATION,2026-08-15T11:36:25Z,ACTIVE,EDR-Collector,DR,2025-06-10
AST-003328,PORT-SCADA-03329,CSE-PORT-07,Ports,SERVER,SCADA,MEDIUM,Cargo,IT-OPS,YES,AUTH|PRIVILEGE,2026-08-15T08:29:00Z,ACTIVE,Sentinel-Bridge,PRODUCTION,2025-02-14
AST-003329,PORT-SCADA-03330,CSE-PORT-07,Ports,HMI,SCADA,CRITICAL,Identity,APPSEC,YES,AUTH|ENDPOINT|NETWORK,2026-08-23T18:46:38Z,ACTIVE,Splunk-ES,PRODUCTION,2024-08-29
AST-003330,PORT-DMZ-03331,CSE-PORT-07,Ports,WORKSTATION,DMZ,HIGH,Terminal Ops,NETSEC,YES,NETWORK|AUTH|ENDPOINT,2026-09-04T19:16:47Z,ACTIVE,EDR-Collector,DR,2023-08-06
AST-003331,PORT-CORPORATE-03332,CSE-PORT-07,Ports,WORKSTATION,CORPORATE,LOW,Access Control,APPSEC,YES,NETWORK|ENDPOINT,2026-08-08T06:35:44Z,ACTIVE,Splunk-ES,DR,2020-11-08
AST-003332,PORT-OT-03333,CSE-PORT-07,Ports,SERVER,OT,CRITICAL,Cargo,IT-OPS,YES,DATABASE|ENDPOINT|EXFILTRATION,2026-07-08T22:09:54Z,ACTIVE,EDR-Collector,PRODUCTION,2025-01-28
AST-003333,PORT-SCADA-03334,CSE-PORT-07,Ports,SERVER,SCADA,LOW,Cargo,SOC,YES,ENDPOINT|AUTH,2026-09-26T08:03:15Z,ACTIVE,QRadar-Archive,STAGING,2022-09-06
AST-003334,PORT-CORPORATE-03335,CSE-PORT-07,Ports,SERVER,CORPORATE,MEDIUM,Identity,OT-OPS,YES,WEB|DATABASE,2026-09-27T15:29:25Z,ACTIVE,QRadar-Archive,STAGING,2023-06-29
AST-003335,PORT-DC-03336,CSE-PORT-07,Ports,NETWORK_DEVICE,DC,HIGH,Terminal Ops,IT-OPS,YES,WEB|DATABASE|NETWORK,2026-07-26T03:57:39Z,ACTIVE,EDR-Collector,DR,2021-09-10
AST-003336,PORT-CORPORATE-03337,CSE-PORT-07,Ports,NETWORK_DEVICE,CORPORATE,MEDIUM,Terminal Ops,SOC,YES,ENDPOINT|PRIVILEGE,2026-08-31T12:44:13Z,ACTIVE,QRadar-Archive,PRODUCTION,2025-01-28
AST-003337,PORT-OT-03338,CSE-PORT-07,Ports,SERVER,OT,HIGH,Cargo,IT-OPS,YES,PRIVILEGE|WEB|OT,2026-07-27T20:53:15Z,ACTIVE,Splunk-ES,DR,2021-01-06
AST-003338,PORT-SCADA-03339,CSE-PORT-07,Ports,HMI,SCADA,CRITICAL,Cargo,OT-OPS,YES,WEB|PRIVILEGE|DATABASE,2026-09-17T11:06:34Z,DEGRADED,QRadar-Archive,STAGING,2025-02-26
AST-003339,PORT-DC-03340,CSE-PORT-07,Ports,DATABASE,DC,HIGH,Cargo,IT-OPS,YES,DATABASE|AUTH|NETWORK,2026-07-02T16:43:29Z,ACTIVE,Splunk-ES,DR,2022-02-09
AST-003340,PORT-SCADA-03341,CSE-PORT-07,Ports,NETWORK_DEVICE,SCADA,MEDIUM,Identity,SOC,YES,PRIVILEGE|DATABASE,2026-08-24T22:44:00Z,ACTIVE,QRadar-Archive,PRODUCTION,2025-07-14
AST-003341,PORT-SCADA-03342,CSE-PORT-07,Ports,SERVER,SCADA,MEDIUM,Terminal Ops,APPSEC,YES,WEB|DATABASE,2026-07-09T05:40:02Z,ACTIVE,QRadar-Archive,STAGING,2024-07-03
AST-003342,PORT-DC-03343,CSE-PORT-07,Ports,FIREWALL,DC,HIGH,Cargo,OT-OPS,YES,PRIVILEGE|DATABASE|ENDPOINT,2026-07-03T17:25:43Z,ACTIVE,QRadar-Archive,PRODUCTION,2019-12-29
AST-003343,PORT-CORPORATE-03344,CSE-PORT-07,Ports,NETWORK_DEVICE,CORPORATE,CRITICAL,Terminal Ops,NETSEC,YES,AUTH|WEB|DATABASE,2026-08-01T06:05:23Z,ACTIVE,QRadar-Archive,STAGING,2020-12-21
AST-003344,PORT-DC-03345,CSE-PORT-07,Ports,WORKSTATION,DC,HIGH,Access Control,IT-OPS,YES,ENDPOINT|OT|AUTH,2026-09-02T13:55:20Z,ACTIVE,QRadar-Archive,STAGING,2021-11-12
AST-003345,PORT-SCADA-03346,CSE-PORT-07,Ports,HMI,SCADA,MEDIUM,Identity,NETSEC,YES,EXFILTRATION|AUTH,2026-08-11T03:47:00Z,ACTIVE,Splunk-ES,DR,2026-01-10
AST-003346,PORT-SCADA-03347,CSE-PORT-07,Ports,HMI,SCADA,HIGH,Cargo,SOC,YES,EXFILTRATION|ENDPOINT|AUTH,2026-07-24T14:51:48Z,ACTIVE,Sentinel-Bridge,PRODUCTION,2020-01-03
AST-003347,PORT-DC-03348,CSE-PORT-07,Ports,NETWORK_DEVICE,DC,LOW,Cargo,IT-OPS,YES,NETWORK|PRIVILEGE,2026-07-18T21:40:09Z,ACTIVE,EDR-Collector,PRODUCTION,2020-03-06
AST-003348,PORT-CORPORATE-03349,CSE-PORT-07,Ports,SERVER,CORPORATE,MEDIUM,Identity,SOC,YES,EXFILTRATION|NETWORK,2026-08-21T16:31:21Z,ACTIVE,EDR-Collector,STAGING,2026-03-15
AST-003349,PORT-CORPORATE-03350,CSE-PORT-07,Ports,SERVER,CORPORATE,HIGH,Terminal Ops,IT-OPS,YES,PRIVILEGE|ENDPOINT|DATABASE,2026-09-20T02:58:16Z,ACTIVE,Sentinel-Bridge,PRODUCTION,2023-11-11
AST-003350,PORT-CORPORATE-03351,CSE-PORT-07,Ports,SERVER,CORPORATE,MEDIUM,Terminal Ops,IT-OPS,YES,ENDPOINT|DATABASE,2026-08-30T17:59:08Z,ACTIVE,Splunk-ES,PRODUCTION,2020-05-16
AST-003351,PORT-CORPORATE-03352,CSE-PORT-07,Ports,WORKSTATION,CORPORATE,HIGH,Terminal Ops,IT-OPS,YES,WEB|DATABASE|EXFILTRATION,2026-07-11T19:33:26Z,ACTIVE,EDR-Collector,DR,2022-04-08
AST-003352,PORT-CORPORATE-03353,CSE-PORT-07,Ports,WORKSTATION,CORPORATE,HIGH,Access Control,IT-OPS,YES,ENDPOINT|AUTH|OT,2026-09-06T00:40:32Z,DEGRADED,Sentinel-Bridge,DR,2024-01-26
AST-003353,PORT-SCADA-03354,CSE-PORT-07,Ports,PLC,SCADA,MEDIUM,Identity,SOC,YES,NETWORK|DATABASE,2026-09-20T08:37:53Z,ACTIVE,Sentinel-Bridge,DR,2023-01-16
AST-003354,PORT-SCADA-03355,CSE-PORT-07,Ports,HMI,SCADA,LOW,Cargo,APPSEC,YES,PRIVILEGE|NETWORK,2026-08-24T12:54:48Z,ACTIVE,QRadar-Archive,DR,2024-05-28
AST-003355,PORT-CORPORATE-03356,CSE-PORT-07,Ports,WORKSTATION,CORPORATE,CRITICAL,Terminal Ops,NETSEC,YES,DATABASE|OT|PRIVILEGE,2026-09-24T12:52:58Z,ACTIVE,Sentinel-Bridge,STAGING,2025-01-07
AST-003356,PORT-SCADA-03357,CSE-PORT-07,Ports,PLC,SCADA,HIGH,Access Control,IT-OPS,YES,AUTH|DATABASE|OT,2026-07-06T22:07:39Z,ACTIVE,Sentinel-Bridge,DR,2025-07-16
AST-003357,PORT-SCADA-03358,CSE-PORT-07,Ports,NETWORK_DEVICE,SCADA,MEDIUM,Cargo,IT-OPS,YES,EXFILTRATION|OT,2026-08-24T07:38:53Z,ACTIVE,Sentinel-Bridge,STAGING,2022-01-04
AST-003358,PORT-OT-03359,CSE-PORT-07,Ports,SERVER,OT,CRITICAL,Cargo,IT-OPS,YES,AUTH|PRIVILEGE|NETWORK,2026-08-02T18:04:26Z,ACTIVE,Sentinel-Bridge,STAGING,2024-10-17
AST-003359,PORT-DMZ-03360,CSE-PORT-07,Ports,FIREWALL,DMZ,CRITICAL,Cargo,APPSEC,YES,PRIVILEGE|WEB|DATABASE,2026-09-28T20:42:20Z,ACTIVE,Splunk-ES,STAGING,2025-04-08
AST-003360,PORT-SCADA-03361,CSE-PORT-07,Ports,SERVER,SCADA,HIGH,Terminal Ops,APPSEC,YES,NETWORK|AUTH|EXFILTRATION,2026-07-14T16:52:58Z,ACTIVE,Splunk-ES,STAGING,2025-11-19
AST-003361,PORT-CORPORATE-03362,CSE-PORT-07,Ports,DATABASE,CORPORATE,CRITICAL,Terminal Ops,OT-OPS,YES,OT|WEB|DATABASE,2026-07-01T00:32:06Z,ACTIVE,QRadar-Archive,STAGING,2024-04-11
AST-003362,PORT-CORPORATE-03363,CSE-PORT-07,Ports,WORKSTATION,CORPORATE,LOW,Access Control,IT-OPS,YES,DATABASE|ENDPOINT,2026-08-16T01:53:26Z,ACTIVE,EDR-Collector,PRODUCTION,2022-06-08
AST-003363,PORT-CORPORATE-03364,CSE-PORT-07,Ports,DATABASE,CORPORATE,HIGH,Identity,OT-OPS,YES,OT|PRIVILEGE|DATABASE,2026-09-02T03:54:44Z,ACTIVE,QRadar-Archive,PRODUCTION,2021-11-08
AST-003364,PORT-OT-03365,CSE-PORT-07,Ports,SERVER,OT,MEDIUM,Identity,OT-OPS,YES,NETWORK|DATABASE,2026-09-13T00:09:13Z,ACTIVE,Splunk-ES,PRODUCTION,2023-04-17
AST-003365,PORT-OT-03366,CSE-PORT-07,Ports,SERVER,OT,HIGH,Identity,IT-OPS,YES,ENDPOINT|EXFILTRATION|NETWORK,2026-08-29T16:40:57Z,ACTIVE,Sentinel-Bridge,DR,2026-03-19
AST-003366,PORT-DMZ-03367,CSE-PORT-07,Ports,NETWORK_DEVICE,DMZ,MEDIUM,Identity,NETSEC,YES,OT|ENDPOINT,2026-08-09T11:28:59Z,ACTIVE,QRadar-Archive,STAGING,2026-03-02
AST-003367,PORT-OT-03368,CSE-PORT-07,Ports,APPLICATION,OT,HIGH,Terminal Ops,NETSEC,YES,EXFILTRATION|AUTH|WEB,2026-09-19T04:33:37Z,ACTIVE,QRadar-Archive,DR,2025-12-11
AST-003368,PORT-CORPORATE-03369,CSE-PORT-07,Ports,DATABASE,CORPORATE,MEDIUM,Terminal Ops,APPSEC,YES,AUTH|NETWORK,2026-07-10T11:29:19Z,ACTIVE,QRadar-Archive,STAGING,2022-07-27
AST-003369,PORT-CORPORATE-03370,CSE-PORT-07,Ports,NETWORK_DEVICE,CORPORATE,MEDIUM,Terminal Ops,OT-OPS,YES,EXFILTRATION|OT,2026-09-01T21:13:10Z,DEGRADED,Sentinel-Bridge,STAGING,2022-06-24
AST-003370,PORT-DMZ-03371,CSE-PORT-07,Ports,WORKSTATION,DMZ,CRITICAL,Cargo,APPSEC,YES,EXFILTRATION|PRIVILEGE|WEB,2026-07-22T09:48:06Z,ACTIVE,Sentinel-Bridge,PRODUCTION,2021-06-19
AST-003371,PORT-CORPORATE-03372,CSE-PORT-07,Ports,SERVER,CORPORATE,LOW,Access Control,IT-OPS,YES,AUTH|OT,2026-08-18T23:17:40Z,ACTIVE,EDR-Collector,PRODUCTION,2022-03-22
AST-003372,PORT-CORPORATE-03373,CSE-PORT-07,Ports,APPLICATION,CORPORATE,LOW,Cargo,IT-OPS,YES,OT|AUTH,2026-08-19T14:40:38Z,ACTIVE,EDR-Collector,DR,2022-04-23
AST-003373,PORT-DC-03374,CSE-PORT-07,Ports,WORKSTATION,DC,MEDIUM,Identity,IT-OPS,YES,AUTH|DATABASE,2026-07-21T07:18:33Z,ACTIVE,QRadar-Archive,PRODUCTION,2023-10-11
AST-003374,PORT-CORPORATE-03375,CSE-PORT-07,Ports,DATABASE,CORPORATE,MEDIUM,Identity,NETSEC,YES,NETWORK|PRIVILEGE,2026-08-28T01:33:05Z,ACTIVE,QRadar-Archive,PRODUCTION,2021-01-28
AST-003375,PORT-DMZ-03376,CSE-PORT-07,Ports,SERVER,DMZ,CRITICAL,Cargo,OT-OPS,YES,OT|DATABASE|ENDPOINT,2026-09-12T06:23:22Z,DEGRADED,EDR-Collector,DR,2023-11-24
AST-003376,PORT-CORPORATE-03377,CSE-PORT-07,Ports,SERVER,CORPORATE,LOW,Identity,OT-OPS,YES,PRIVILEGE|AUTH,2026-07-04T16:21:37Z,ACTIVE,Splunk-ES,DR,2022-10-23
AST-003377,PORT-CORPORATE-03378,CSE-PORT-07,Ports,NETWORK_DEVICE,CORPORATE,LOW,Cargo,IT-OPS,YES,DATABASE|AUTH,2026-08-09T07:29:07Z,ACTIVE,Splunk-ES,DR,2022-02-24
AST-003378,PORT-DC-03379,CSE-PORT-07,Ports,SERVER,DC,HIGH,Terminal Ops,APPSEC,YES,EXFILTRATION|ENDPOINT|WEB,2026-08-04T20:25:05Z,ACTIVE,QRadar-Archive,DR,2026-01-24
AST-003379,PORT-SCADA-03380,CSE-PORT-07,Ports,APPLICATION,SCADA,HIGH,Terminal Ops,IT-OPS,YES,OT|WEB|DATABASE,2026-09-15T21:01:38Z,ACTIVE,Sentinel-Bridge,PRODUCTION,2023-11-20
AST-003380,PORT-SCADA-03381,CSE-PORT-07,Ports,HMI,SCADA,MEDIUM,Terminal Ops,NETSEC,YES,ENDPOINT|NETWORK,2026-07-09T17:30:34Z,ACTIVE,EDR-Collector,PRODUCTION,2025-08-18
AST-003381,PORT-SCADA-03382,CSE-PORT-07,Ports,DATABASE,SCADA,MEDIUM,Cargo,NETSEC,YES,NETWORK|OT,2026-09-29T02:39:51Z,ACTIVE,QRadar-Archive,STAGING,2025-06-30
AST-003382,PORT-CORPORATE-03383,CSE-PORT-07,Ports,FIREWALL,CORPORATE,MEDIUM,Terminal Ops,IT-OPS,YES,OT|NETWORK,2026-09-29T01:17:00Z,ACTIVE,Splunk-ES,PRODUCTION,2025-07-23
AST-003383,PORT-OT-03384,CSE-PORT-07,Ports,APPLICATION,OT,MEDIUM,Access Control,APPSEC,YES,AUTH|PRIVILEGE,2026-09-26T03:34:51Z,ACTIVE,Sentinel-Bridge,STAGING,2025-10-06
AST-003384,PORT-DC-03385,CSE-PORT-07,Ports,NETWORK_DEVICE,DC,HIGH,Cargo,SOC,YES,AUTH|OT|WEB,2026-09-23T07:04:22Z,ACTIVE,Splunk-ES,DR,2023-10-05
AST-003385,PORT-DC-03386,CSE-PORT-07,Ports,NETWORK_DEVICE,DC,LOW,Cargo,NETSEC,YES,DATABASE|PRIVILEGE,2026-09-01T03:14:57Z,ACTIVE,EDR-Collector,PRODUCTION,2023-04-20
AST-003386,PORT-SCADA-03387,CSE-PORT-07,Ports,SERVER,SCADA,HIGH,Cargo,NETSEC,YES,EXFILTRATION|WEB|DATABASE,2026-07-11T19:49:50Z,ACTIVE,EDR-Collector,DR,2023-01-01
AST-003387,PORT-DC-03388,CSE-PORT-07,Ports,WORKSTATION,DC,LOW,Access Control,OT-OPS,YES,WEB|PRIVILEGE,2026-07-08T11:02:33Z,ACTIVE,Splunk-ES,PRODUCTION,2021-07-04
AST-003388,PORT-SCADA-03389,CSE-PORT-07,Ports,PLC,SCADA,HIGH,Identity,NETSEC,YES,DATABASE|WEB|EXFILTRATION,2026-07-13T03:18:50Z,ACTIVE,Splunk-ES,PRODUCTION,2020-09-05
AST-003389,PORT-OT-03390,CSE-PORT-07,Ports,DATABASE,OT,MEDIUM,Terminal Ops,OT-OPS,YES,AUTH|DATABASE,2026-09-02T06:58:27Z,ACTIVE,EDR-Collector,PRODUCTION,2021-02-26
AST-003390,PORT-CORPORATE-03391,CSE-PORT-07,Ports,FIREWALL,CORPORATE,HIGH,Cargo,NETSEC,YES,WEB|AUTH|OT,2026-08-27T13:18:34Z,ACTIVE,Sentinel-Bridge,STAGING,2023-05-18
AST-003391,PORT-CORPORATE-03392,CSE-PORT-07,Ports,FIREWALL,CORPORATE,MEDIUM,Access Control,APPSEC,YES,OT|ENDPOINT,2026-08-03T09:44:01Z,ACTIVE,EDR-Collector,PRODUCTION,2024-10-24
AST-003392,PORT-CORPORATE-03393,CSE-PORT-07,Ports,NETWORK_DEVICE,CORPORATE,HIGH,Cargo,OT-OPS,YES,NETWORK|ENDPOINT|AUTH,2026-07-09T13:20:08Z,ACTIVE,EDR-Collector,PRODUCTION,2025-03-15
AST-003393,PORT-DMZ-03394,CSE-PORT-07,Ports,SERVER,DMZ,CRITICAL,Access Control,SOC,YES,PRIVILEGE|AUTH|NETWORK,2026-09-21T23:59:59Z,ACTIVE,QRadar-Archive,STAGING,2025-08-12
AST-003394,PORT-CORPORATE-03395,CSE-PORT-07,Ports,FIREWALL,CORPORATE,MEDIUM,Identity,NETSEC,YES,OT|PRIVILEGE,2026-07-10T22:47:42Z,ACTIVE,Splunk-ES,PRODUCTION,2022-07-09
AST-003395,PORT-CORPORATE-03396,CSE-PORT-07,Ports,SERVER,CORPORATE,CRITICAL,Identity,APPSEC,YES,AUTH|EXFILTRATION|DATABASE,2026-08-01T09:30:19Z,ACTIVE,QRadar-Archive,DR,2022-08-07
AST-003396,PORT-SCADA-03397,CSE-PORT-07,Ports,PLC,SCADA,HIGH,Access Control,OT-OPS,YES,WEB|PRIVILEGE|AUTH,2026-08-03T16:25:37Z,ACTIVE,Sentinel-Bridge,STAGING,2024-09-02
AST-003397,PORT-DC-03398,CSE-PORT-07,Ports,WORKSTATION,DC,LOW,Terminal Ops,NETSEC,YES,PRIVILEGE|AUTH,2026-09-11T16:29:03Z,ACTIVE,EDR-Collector,DR,2021-04-18
AST-003398,PORT-DMZ-03399,CSE-PORT-07,Ports,DATABASE,DMZ,LOW,Access Control,OT-OPS,YES,ENDPOINT|EXFILTRATION,2026-08-15T22:22:33Z,ACTIVE,Splunk-ES,DR,2021-01-06
AST-003399,PORT-DMZ-03400,CSE-PORT-07,Ports,SERVER,DMZ,MEDIUM,Identity,NETSEC,YES,ENDPOINT|WEB,2026-08-19T12:52:24Z,ACTIVE,EDR-Collector,STAGING,2025-12-16
AST-003400,PORT-DMZ-03401,CSE-PORT-07,Ports,NETWORK_DEVICE,DMZ,HIGH,Identity,IT-OPS,YES,EXFILTRATION|OT|PRIVILEGE,2026-07-10T14:50:52Z,ACTIVE,Splunk-ES,DR,2023-07-21
AST-003401,PORT-CORPORATE-03402,CSE-PORT-07,Ports,SERVER,CORPORATE,MEDIUM,Access Control,OT-OPS,YES,ENDPOINT|PRIVILEGE,2026-07-25T01:36:41Z,ACTIVE,Sentinel-Bridge,STAGING,2023-08-28
AST-003402,PORT-OT-03403,CSE-PORT-07,Ports,WORKSTATION,OT,HIGH,Identity,SOC,YES,PRIVILEGE|NETWORK|AUTH,2026-08-04T09:43:42Z,ACTIVE,QRadar-Archive,DR,2024-02-19
AST-003403,PORT-SCADA-03404,CSE-PORT-07,Ports,SERVER,SCADA,MEDIUM,Identity,APPSEC,YES,AUTH|PRIVILEGE,2026-07-16T09:33:38Z,ACTIVE,Splunk-ES,PRODUCTION,2023-03-28
AST-003404,PORT-SCADA-03405,CSE-PORT-07,Ports,HMI,SCADA,MEDIUM,Terminal Ops,NETSEC,YES,ENDPOINT|EXFILTRATION,2026-08-13T22:10:05Z,ACTIVE,QRadar-Archive,DR,2024-03-23
AST-003405,PORT-OT-03406,CSE-PORT-07,Ports,SERVER,OT,LOW,Cargo,NETSEC,YES,OT|AUTH,2026-07-25T11:53:24Z,ACTIVE,Sentinel-Bridge,STAGING,2020-10-04
AST-003406,PORT-SCADA-03407,CSE-PORT-07,Ports,SERVER,SCADA,HIGH,Identity,NETSEC,YES,AUTH|ENDPOINT|OT,2026-09-05T08:50:56Z,ACTIVE,Splunk-ES,STAGING,2026-01-22
AST-003407,PORT-DC-03408,CSE-PORT-07,Ports,SERVER,DC,HIGH,Access Control,OT-OPS,YES,PRIVILEGE|NETWORK|WEB,2026-09-20T13:21:48Z,DEGRADED,Sentinel-Bridge,PRODUCTION,2022-02-01
AST-003408,PORT-DMZ-03409,CSE-PORT-07,Ports,WORKSTATION,DMZ,HIGH,Access Control,SOC,YES,EXFILTRATION|AUTH|ENDPOINT,2026-09-08T02:29:08Z,ACTIVE,Splunk-ES,DR,2020-12-10
AST-003409,PORT-DMZ-03410,CSE-PORT-07,Ports,WORKSTATION,DMZ,MEDIUM,Terminal Ops,OT-OPS,YES,NETWORK|WEB,2026-09-06T18:03:17Z,DEGRADED,Splunk-ES,PRODUCTION,2021-02-25
AST-003410,PORT-CORPORATE-03411,CSE-PORT-07,Ports,SERVER,CORPORATE,HIGH,Access Control,NETSEC,YES,OT|DATABASE|PRIVILEGE,2026-09-14T20:33:50Z,ACTIVE,Sentinel-Bridge,STAGING,2021-11-01
AST-003411,PORT-DMZ-03412,CSE-PORT-07,Ports,SERVER,DMZ,MEDIUM,Identity,SOC,YES,PRIVILEGE|EXFILTRATION,2026-08-03T08:44:50Z,ACTIVE,Splunk-ES,STAGING,2023-06-04
AST-003412,PORT-CORPORATE-03413,CSE-PORT-07,Ports,APPLICATION,CORPORATE,MEDIUM,Terminal Ops,SOC,YES,DATABASE|WEB,2026-07-21T03:29:27Z,ACTIVE,Splunk-ES,STAGING,2023-06-22
AST-003413,PORT-SCADA-03414,CSE-PORT-07,Ports,SERVER,SCADA,HIGH,Terminal Ops,OT-OPS,YES,AUTH|NETWORK|PRIVILEGE,2026-07-05T21:36:59Z,ACTIVE,Splunk-ES,PRODUCTION,2024-04-03
AST-003414,PORT-CORPORATE-03415,CSE-PORT-07,Ports,FIREWALL,CORPORATE,MEDIUM,Identity,OT-OPS,YES,NETWORK|PRIVILEGE,2026-09-25T00:06:08Z,ACTIVE,EDR-Collector,STAGING,2021-08-25
AST-003415,PORT-DMZ-03416,CSE-PORT-07,Ports,NETWORK_DEVICE,DMZ,MEDIUM,Cargo,APPSEC,YES,ENDPOINT|EXFILTRATION,2026-08-19T04:52:44Z,ACTIVE,Sentinel-Bridge,STAGING,2020-10-05
AST-003416,PORT-OT-03417,CSE-PORT-07,Ports,DATABASE,OT,HIGH,Access Control,IT-OPS,YES,ENDPOINT|NETWORK|OT,2026-08-23T01:19:50Z,ACTIVE,EDR-Collector,PRODUCTION,2021-03-17
AST-003417,PORT-SCADA-03418,CSE-PORT-07,Ports,APPLICATION,SCADA,LOW,Access Control,OT-OPS,YES,AUTH|EXFILTRATION,2026-08-31T17:00:53Z,ACTIVE,Splunk-ES,STAGING,2021-09-14
AST-003418,PORT-CORPORATE-03419,CSE-PORT-07,Ports,WORKSTATION,CORPORATE,LOW,Terminal Ops,OT-OPS,YES,OT|WEB,2026-09-17T10:40:18Z,ACTIVE,Splunk-ES,PRODUCTION,2023-04-13
AST-003419,PORT-CORPORATE-03420,CSE-PORT-07,Ports,APPLICATION,CORPORATE,CRITICAL,Cargo,OT-OPS,YES,NETWORK|AUTH|PRIVILEGE,2026-09-09T17:00:36Z,DEGRADED,QRadar-Archive,PRODUCTION,2021-03-25
AST-003420,PORT-CORPORATE-03421,CSE-PORT-07,Ports,SERVER,CORPORATE,MEDIUM,Cargo,OT-OPS,YES,ENDPOINT|EXFILTRATION,2026-09-05T10:15:09Z,ACTIVE,Splunk-ES,STAGING,2022-03-09
AST-003421,PORT-CORPORATE-03422,CSE-PORT-07,Ports,WORKSTATION,CORPORATE,CRITICAL,Identity,IT-OPS,YES,PRIVILEGE|AUTH|ENDPOINT,2026-08-07T20:38:51Z,ACTIVE,Splunk-ES,PRODUCTION,2021-05-08
AST-003422,PORT-CORPORATE-03423,CSE-PORT-07,Ports,NETWORK_DEVICE,CORPORATE,HIGH,Identity,SOC,YES,DATABASE|WEB|PRIVILEGE,2026-07-21T12:25:07Z,ACTIVE,Sentinel-Bridge,DR,2024-01-26
AST-003423,PORT-CORPORATE-03424,CSE-PORT-07,Ports,FIREWALL,CORPORATE,MEDIUM,Identity,APPSEC,YES,EXFILTRATION|ENDPOINT,2026-08-23T12:20:37Z,ACTIVE,EDR-Collector,PRODUCTION,2022-07-18
AST-003424,PORT-DC-03425,CSE-PORT-07,Ports,SERVER,DC,CRITICAL,Terminal Ops,IT-OPS,YES,AUTH|DATABASE|OT,2026-07-20T20:40:13Z,ACTIVE,QRadar-Archive,DR,2021-12-03
AST-003425,PORT-SCADA-03426,CSE-PORT-07,Ports,FIREWALL,SCADA,LOW,Cargo,NETSEC,YES,PRIVILEGE|ENDPOINT,2026-07-14T11:33:10Z,ACTIVE,Splunk-ES,PRODUCTION,2020-11-19
AST-003426,PORT-DMZ-03427,CSE-PORT-07,Ports,SERVER,DMZ,MEDIUM,Access Control,IT-OPS,YES,WEB|NETWORK,2026-09-15T04:16:09Z,ACTIVE,Splunk-ES,DR,2020-11-13
AST-003427,PORT-SCADA-03428,CSE-PORT-07,Ports,APPLICATION,SCADA,CRITICAL,Cargo,SOC,YES,NETWORK|DATABASE|WEB,2026-09-17T23:59:59Z,DEGRADED,Sentinel-Bridge,PRODUCTION,2024-01-28
AST-003428,PORT-DC-03429,CSE-PORT-07,Ports,SERVER,DC,HIGH,Terminal Ops,SOC,YES,PRIVILEGE|OT|ENDPOINT,2026-09-29T14:38:58Z,DEGRADED,Splunk-ES,DR,2019-12-23
AST-003429,PORT-SCADA-03430,CSE-PORT-07,Ports,HMI,SCADA,HIGH,Terminal Ops,SOC,YES,AUTH|OT|EXFILTRATION,2026-07-19T15:39:33Z,ACTIVE,EDR-Collector,PRODUCTION,2023-03-15
AST-003430,PORT-CORPORATE-03431,CSE-PORT-07,Ports,SERVER,CORPORATE,HIGH,Cargo,SOC,YES,AUTH|DATABASE|NETWORK,2026-09-14T03:49:30Z,ACTIVE,EDR-Collector,DR,2022-03-06
AST-003431,PORT-SCADA-03432,CSE-PORT-07,Ports,FIREWALL,SCADA,CRITICAL,Cargo,SOC,YES,DATABASE|EXFILTRATION|AUTH,2026-09-25T16:25:49Z,ACTIVE,Splunk-ES,STAGING,2019-12-26
AST-003432,PORT-CORPORATE-03433,CSE-PORT-07,Ports,WORKSTATION,CORPORATE,HIGH,Identity,IT-OPS,YES,NETWORK|ENDPOINT|PRIVILEGE,2026-08-08T19:17:39Z,ACTIVE,QRadar-Archive,PRODUCTION,2023-09-30
AST-003433,PORT-OT-03434,CSE-PORT-07,Ports,WORKSTATION,OT,HIGH,Terminal Ops,OT-OPS,YES,DATABASE|OT|AUTH,2026-08-24T13:19:56Z,ACTIVE,QRadar-Archive,DR,2023-06-13
AST-003434,PORT-CORPORATE-03435,CSE-PORT-07,Ports,SERVER,CORPORATE,CRITICAL,Cargo,IT-OPS,YES,DATABASE|AUTH|NETWORK,2026-07-29T18:48:49Z,DEGRADED,QRadar-Archive,STAGING,2023-10-27
AST-003435,PORT-DMZ-03436,CSE-PORT-07,Ports,DATABASE,DMZ,MEDIUM,Identity,NETSEC,YES,OT|AUTH,2026-08-28T02:19:40Z,ACTIVE,EDR-Collector,DR,2020-02-12
AST-003436,PORT-CORPORATE-03437,CSE-PORT-07,Ports,WORKSTATION,CORPORATE,MEDIUM,Terminal Ops,APPSEC,YES,OT|PRIVILEGE,2026-09-02T19:38:23Z,ACTIVE,EDR-Collector,PRODUCTION,2021-08-10
AST-003437,PORT-SCADA-03438,CSE-PORT-07,Ports,PLC,SCADA,HIGH,Terminal Ops,IT-OPS,YES,ENDPOINT|WEB|AUTH,2026-09-02T12:56:11Z,ACTIVE,EDR-Collector,PRODUCTION,2024-08-22
AST-003438,PORT-SCADA-03439,CSE-PORT-07,Ports,WORKSTATION,SCADA,HIGH,Cargo,SOC,YES,WEB|OT|PRIVILEGE,2026-07-26T20:12:32Z,MISSING,QRadar-Archive,PRODUCTION,2021-05-03
AST-003439,PORT-OT-03440,CSE-PORT-07,Ports,FIREWALL,OT,HIGH,Terminal Ops,NETSEC,YES,EXFILTRATION|ENDPOINT|OT,2026-07-30T15:55:02Z,MISSING,EDR-Collector,DR,2025-07-08
AST-003440,PORT-CORPORATE-03441,CSE-PORT-07,Ports,NETWORK_DEVICE,CORPORATE,HIGH,Access Control,SOC,YES,PRIVILEGE|ENDPOINT|WEB,2026-07-27T21:02:41Z,ACTIVE,Sentinel-Bridge,DR,2022-08-28
AST-003441,PORT-DC-03442,CSE-PORT-07,Ports,APPLICATION,DC,MEDIUM,Terminal Ops,IT-OPS,YES,WEB|OT,2026-07-30T08:35:30Z,ACTIVE,QRadar-Archive,PRODUCTION,2021-07-17
AST-003442,PORT-DC-03443,CSE-PORT-07,Ports,SERVER,DC,MEDIUM,Cargo,APPSEC,YES,NETWORK|WEB,2026-09-03T18:24:33Z,ACTIVE,Splunk-ES,PRODUCTION,2023-01-27
AST-003443,PORT-SCADA-03444,CSE-PORT-07,Ports,APPLICATION,SCADA,HIGH,Identity,NETSEC,YES,AUTH|DATABASE|PRIVILEGE,2026-09-27T16:56:16Z,DEGRADED,EDR-Collector,DR,2022-05-09
AST-003444,PORT-DMZ-03445,CSE-PORT-07,Ports,SERVER,DMZ,HIGH,Access Control,SOC,YES,PRIVILEGE|DATABASE|EXFILTRATION,2026-09-03T12:11:37Z,ACTIVE,Splunk-ES,PRODUCTION,2026-01-13
AST-003445,PORT-CORPORATE-03446,CSE-PORT-07,Ports,APPLICATION,CORPORATE,MEDIUM,Access Control,NETSEC,YES,ENDPOINT|WEB,2026-07-13T05:30:01Z,ACTIVE,QRadar-Archive,PRODUCTION,2020-08-04
AST-003446,PORT-DC-03447,CSE-PORT-07,Ports,NETWORK_DEVICE,DC,LOW,Cargo,IT-OPS,YES,AUTH|WEB,2026-09-29T12:03:51Z,ACTIVE,Sentinel-Bridge,DR,2021-05-30
AST-003447,PORT-SCADA-03448,CSE-PORT-07,Ports,WORKSTATION,SCADA,HIGH,Terminal Ops,SOC,YES,AUTH|WEB|EXFILTRATION,2026-09-30T21:58:30Z,ACTIVE,Sentinel-Bridge,DR,2023-08-16
AST-003448,PORT-DMZ-03449,CSE-PORT-07,Ports,NETWORK_DEVICE,DMZ,HIGH,Cargo,APPSEC,YES,ENDPOINT|DATABASE|EXFILTRATION,2026-09-25T11:39:13Z,ACTIVE,Sentinel-Bridge,PRODUCTION,2024-04-25
AST-003449,PORT-CORPORATE-03450,CSE-PORT-07,Ports,SERVER,CORPORATE,CRITICAL,Cargo,APPSEC,YES,OT|DATABASE|NETWORK,2026-09-05T12:47:02Z,ACTIVE,Splunk-ES,STAGING,2022-11-10
AST-003450,PORT-DC-03451,CSE-PORT-07,Ports,FIREWALL,DC,MEDIUM,Access Control,APPSEC,YES,OT|PRIVILEGE,2026-08-24T06:12:24Z,ACTIVE,Sentinel-Bridge,DR,2020-05-23
AST-003451,PORT-CORPORATE-03452,CSE-PORT-07,Ports,SERVER,CORPORATE,LOW,Terminal Ops,APPSEC,YES,OT|EXFILTRATION,2026-09-18T07:36:22Z,ACTIVE,Splunk-ES,PRODUCTION,2020-02-24
AST-003452,PORT-CORPORATE-03453,CSE-PORT-07,Ports,NETWORK_DEVICE,CORPORATE,CRITICAL,Terminal Ops,IT-OPS,YES,DATABASE|EXFILTRATION|AUTH,2026-08-31T00:43:55Z,ACTIVE,EDR-Collector,PRODUCTION,2023-04-16
AST-003453,PORT-DMZ-03454,CSE-PORT-07,Ports,DATABASE,DMZ,LOW,Access Control,OT-OPS,YES,AUTH|NETWORK,2026-08-17T06:03:18Z,ACTIVE,Splunk-ES,DR,2024-01-12
AST-003454,PORT-DMZ-03455,CSE-PORT-07,Ports,SERVER,DMZ,CRITICAL,Access Control,SOC,YES,ENDPOINT|OT|AUTH,2026-08-18T05:26:31Z,ACTIVE,QRadar-Archive,PRODUCTION,2021-10-26
AST-003455,PORT-DMZ-03456,CSE-PORT-07,Ports,FIREWALL,DMZ,CRITICAL,Access Control,NETSEC,YES,WEB|DATABASE|OT,2026-08-18T13:07:26Z,ACTIVE,Sentinel-Bridge,STAGING,2021-09-03
AST-003456,PORT-CORPORATE-03457,CSE-PORT-07,Ports,SERVER,CORPORATE,CRITICAL,Identity,SOC,YES,OT|NETWORK|ENDPOINT,2026-08-27T05:43:25Z,ACTIVE,Splunk-ES,STAGING,2020-11-21
AST-003457,PORT-OT-03458,CSE-PORT-07,Ports,SERVER,OT,HIGH,Identity,APPSEC,YES,WEB|NETWORK|ENDPOINT,2026-07-28T08:03:24Z,ACTIVE,Splunk-ES,STAGING,2021-04-15
AST-003458,PORT-CORPORATE-03459,CSE-PORT-07,Ports,DATABASE,CORPORATE,HIGH,Terminal Ops,NETSEC,YES,DATABASE|EXFILTRATION|PRIVILEGE,2026-09-26T22:36:06Z,ACTIVE,Sentinel-Bridge,STAGING,2022-12-12
AST-003459,PORT-DMZ-03460,CSE-PORT-07,Ports,FIREWALL,DMZ,HIGH,Terminal Ops,NETSEC,YES,EXFILTRATION|PRIVILEGE|ENDPOINT,2026-07-29T15:34:46Z,ACTIVE,Splunk-ES,DR,2022-02-07
AST-003460,PORT-DMZ-03461,CSE-PORT-07,Ports,WORKSTATION,DMZ,LOW,Access Control,IT-OPS,YES,PRIVILEGE|WEB,2026-09-20T06:06:31Z,ACTIVE,Sentinel-Bridge,PRODUCTION,2025-02-26
AST-003461,PORT-OT-03462,CSE-PORT-07,Ports,WORKSTATION,OT,CRITICAL,Cargo,APPSEC,YES,EXFILTRATION|NETWORK|WEB,2026-08-18T10:55:50Z,ACTIVE,Splunk-ES,PRODUCTION,2022-07-26
AST-003462,PORT-CORPORATE-03463,CSE-PORT-07,Ports,WORKSTATION,CORPORATE,MEDIUM,Terminal Ops,APPSEC,YES,PRIVILEGE|WEB,2026-09-17T11:46:04Z,ACTIVE,QRadar-Archive,STAGING,2022-06-24
AST-003463,PORT-CORPORATE-03464,CSE-PORT-07,Ports,FIREWALL,CORPORATE,CRITICAL,Identity,NETSEC,YES,AUTH|NETWORK|EXFILTRATION,2026-09-26T07:48:52Z,ACTIVE,Sentinel-Bridge,DR,2021-01-28
AST-003464,PORT-DC-03465,CSE-PORT-07,Ports,NETWORK_DEVICE,DC,MEDIUM,Cargo,NETSEC,YES,PRIVILEGE|DATABASE,2026-07-04T01:32:56Z,ACTIVE,Sentinel-Bridge,STAGING,2023-04-03
AST-003465,PORT-CORPORATE-03466,CSE-PORT-07,Ports,APPLICATION,CORPORATE,LOW,Identity,IT-OPS,YES,EXFILTRATION|NETWORK,2026-07-17T07:59:46Z,MISSING,Sentinel-Bridge,STAGING,2025-12-04
AST-003466,PORT-CORPORATE-03467,CSE-PORT-07,Ports,DATABASE,CORPORATE,MEDIUM,Cargo,APPSEC,YES,AUTH|DATABASE,2026-09-15T21:50:13Z,ACTIVE,QRadar-Archive,PRODUCTION,2022-06-23
AST-003467,PORT-CORPORATE-03468,CSE-PORT-07,Ports,FIREWALL,CORPORATE,CRITICAL,Identity,NETSEC,YES,ENDPOINT|AUTH|PRIVILEGE,2026-08-17T06:26:14Z,ACTIVE,Sentinel-Bridge,DR,2021-02-26
AST-003468,PORT-CORPORATE-03469,CSE-PORT-07,Ports,FIREWALL,CORPORATE,MEDIUM,Access Control,SOC,YES,NETWORK|EXFILTRATION,2026-09-18T21:45:55Z,ACTIVE,QRadar-Archive,STAGING,2021-01-25
AST-003469,PORT-DMZ-03470,CSE-PORT-07,Ports,DATABASE,DMZ,HIGH,Identity,IT-OPS,YES,ENDPOINT|WEB|DATABASE,2026-07-01T21:24:56Z,ACTIVE,Splunk-ES,STAGING,2023-09-28
AST-003470,PORT-OT-03471,CSE-PORT-07,Ports,SERVER,OT,HIGH,Access Control,APPSEC,YES,DATABASE|PRIVILEGE|OT,2026-08-23T14:38:57Z,DEGRADED,Sentinel-Bridge,STAGING,2025-04-15
AST-003471,PORT-DMZ-03472,CSE-PORT-07,Ports,NETWORK_DEVICE,DMZ,HIGH,Identity,APPSEC,YES,ENDPOINT|AUTH|NETWORK,2026-09-16T06:23:39Z,ACTIVE,QRadar-Archive,PRODUCTION,2025-05-08
AST-003472,PORT-SCADA-03473,CSE-PORT-07,Ports,PLC,SCADA,LOW,Access Control,APPSEC,YES,PRIVILEGE|ENDPOINT,2026-09-12T04:54:58Z,ACTIVE,QRadar-Archive,DR,2020-07-20
AST-003473,PORT-OT-03474,CSE-PORT-07,Ports,WORKSTATION,OT,MEDIUM,Cargo,NETSEC,YES,NETWORK|OT,2026-09-26T18:07:56Z,ACTIVE,QRadar-Archive,DR,2024-07-05
AST-003474,PORT-OT-03475,CSE-PORT-07,Ports,DATABASE,OT,HIGH,Access Control,NETSEC,YES,AUTH|WEB|NETWORK,2026-09-14T22:25:51Z,ACTIVE,QRadar-Archive,STAGING,2025-02-27
AST-003475,PORT-CORPORATE-03476,CSE-PORT-07,Ports,SERVER,CORPORATE,CRITICAL,Identity,NETSEC,YES,AUTH|NETWORK|OT,2026-09-25T19:08:56Z,ACTIVE,QRadar-Archive,PRODUCTION,2025-12-03
AST-003476,PORT-SCADA-03477,CSE-PORT-07,Ports,PLC,SCADA,HIGH,Identity,APPSEC,YES,EXFILTRATION|NETWORK|PRIVILEGE,2026-07-25T22:16:50Z,ACTIVE,Splunk-ES,DR,2025-07-21
AST-003477,PORT-DMZ-03478,CSE-PORT-07,Ports,SERVER,DMZ,HIGH,Identity,OT-OPS,YES,EXFILTRATION|DATABASE|OT,2026-08-05T04:42:41Z,DEGRADED,Splunk-ES,PRODUCTION,2023-06-29
AST-003478,PORT-SCADA-03479,CSE-PORT-07,Ports,HMI,SCADA,LOW,Identity,IT-OPS,YES,EXFILTRATION|PRIVILEGE,2026-08-12T15:36:08Z,ACTIVE,Splunk-ES,STAGING,2022-11-29
AST-003479,PORT-CORPORATE-03480,CSE-PORT-07,Ports,SERVER,CORPORATE,HIGH,Cargo,OT-OPS,YES,WEB|PRIVILEGE|EXFILTRATION,2026-09-02T12:59:57Z,ACTIVE,EDR-Collector,DR,2024-11-25
AST-003480,PORT-SCADA-03481,CSE-PORT-07,Ports,DATABASE,SCADA,MEDIUM,Terminal Ops,NETSEC,YES,WEB|DATABASE,2026-08-04T20:36:46Z,ACTIVE,Splunk-ES,DR,2025-11-09
AST-003481,PORT-SCADA-03482,CSE-PORT-07,Ports,SERVER,SCADA,MEDIUM,Access Control,OT-OPS,YES,EXFILTRATION|NETWORK,2026-08-20T03:57:25Z,ACTIVE,QRadar-Archive,DR,2021-04-19
AST-003482,PORT-CORPORATE-03483,CSE-PORT-07,Ports,NETWORK_DEVICE,CORPORATE,MEDIUM,Identity,IT-OPS,YES,EXFILTRATION|WEB,2026-08-16T17:28:09Z,ACTIVE,QRadar-Archive,DR,2025-01-07
AST-003483,PORT-DMZ-03484,CSE-PORT-07,Ports,APPLICATION,DMZ,HIGH,Identity,IT-OPS,YES,EXFILTRATION|ENDPOINT|DATABASE,2026-07-10T09:51:29Z,ACTIVE,Splunk-ES,PRODUCTION,2023-06-24
AST-003484,PORT-DC-03485,CSE-PORT-07,Ports,NETWORK_DEVICE,DC,MEDIUM,Identity,OT-OPS,YES,WEB|NETWORK,2026-08-30T08:10:00Z,ACTIVE,EDR-Collector,DR,2023-08-29
AST-003485,PORT-DC-03486,CSE-PORT-07,Ports,FIREWALL,DC,HIGH,Access Control,OT-OPS,YES,AUTH|ENDPOINT|EXFILTRATION,2026-08-24T11:14:56Z,DEGRADED,Sentinel-Bridge,STAGING,2024-07-10
AST-003486,PORT-DMZ-03487,CSE-PORT-07,Ports,FIREWALL,DMZ,MEDIUM,Access Control,NETSEC,YES,WEB|ENDPOINT,2026-09-09T01:46:18Z,DEGRADED,Sentinel-Bridge,DR,2020-04-11
AST-003487,PORT-CORPORATE-03488,CSE-PORT-07,Ports,NETWORK_DEVICE,CORPORATE,HIGH,Access Control,OT-OPS,YES,PRIVILEGE|DATABASE|WEB,2026-08-21T09:11:12Z,ACTIVE,Splunk-ES,PRODUCTION,2024-12-02
AST-003488,PORT-DC-03489,CSE-PORT-07,Ports,WORKSTATION,DC,LOW,Identity,SOC,YES,NETWORK|WEB,2026-08-02T10:12:23Z,ACTIVE,QRadar-Archive,STAGING,2020-12-17
AST-003489,PORT-CORPORATE-03490,CSE-PORT-07,Ports,DATABASE,CORPORATE,CRITICAL,Terminal Ops,IT-OPS,YES,WEB|NETWORK|ENDPOINT,2026-08-09T21:41:35Z,ACTIVE,Sentinel-Bridge,PRODUCTION,2021-02-06
AST-003490,PORT-DC-03491,CSE-PORT-07,Ports,DATABASE,DC,CRITICAL,Identity,NETSEC,YES,ENDPOINT|AUTH|PRIVILEGE,2026-08-20T09:31:00Z,ACTIVE,QRadar-Archive,STAGING,2020-01-15
AST-003491,PORT-CORPORATE-03492,CSE-PORT-07,Ports,WORKSTATION,CORPORATE,HIGH,Access Control,APPSEC,YES,ENDPOINT|DATABASE|WEB,2026-07-09T18:42:50Z,DEGRADED,Splunk-ES,DR,2026-02-07
AST-003492,PORT-DC-03493,CSE-PORT-07,Ports,DATABASE,DC,MEDIUM,Access Control,IT-OPS,YES,DATABASE|NETWORK,2026-07-13T03:17:08Z,ACTIVE,QRadar-Archive,DR,2023-05-28
AST-003493,PORT-CORPORATE-03494,CSE-PORT-07,Ports,FIREWALL,CORPORATE,MEDIUM,Access Control,APPSEC,YES,OT|PRIVILEGE,2026-07-16T12:56:06Z,ACTIVE,QRadar-Archive,DR,2024-01-12
AST-003494,PORT-SCADA-03495,CSE-PORT-07,Ports,SERVER,SCADA,MEDIUM,Access Control,NETSEC,YES,EXFILTRATION|WEB,2026-07-31T09:32:13Z,ACTIVE,QRadar-Archive,DR,2025-04-04
AST-003495,PORT-DMZ-03496,CSE-PORT-07,Ports,WORKSTATION,DMZ,HIGH,Cargo,SOC,YES,ENDPOINT|EXFILTRATION|AUTH,2026-07-11T17:41:40Z,ACTIVE,QRadar-Archive,STAGING,2021-02-04
AST-003496,PORT-SCADA-03497,CSE-PORT-07,Ports,HMI,SCADA,HIGH,Terminal Ops,IT-OPS,YES,OT|WEB|ENDPOINT,2026-09-14T01:36:47Z,ACTIVE,Sentinel-Bridge,STAGING,2023-05-22
AST-003497,PORT-CORPORATE-03498,CSE-PORT-07,Ports,FIREWALL,CORPORATE,HIGH,Cargo,IT-OPS,YES,AUTH|WEB|NETWORK,2026-07-18T14:35:23Z,DEGRADED,QRadar-Archive,STAGING,2024-11-23
AST-003498,PORT-DMZ-03499,CSE-PORT-07,Ports,NETWORK_DEVICE,DMZ,LOW,Cargo,IT-OPS,YES,ENDPOINT|PRIVILEGE,2026-09-02T17:57:48Z,ACTIVE,QRadar-Archive,PRODUCTION,2021-11-19
AST-003499,PORT-DC-03500,CSE-PORT-07,Ports,SERVER,DC,HIGH,Access Control,OT-OPS,YES,NETWORK|WEB|AUTH,2026-09-24T08:30:34Z,ACTIVE,QRadar-Archive,PRODUCTION,2023-11-29
AST-003500,PORT-OT-03501,CSE-PORT-07,Ports,DATABASE,OT,HIGH,Identity,IT-OPS,YES,AUTH|DATABASE|NETWORK,2026-07-16T17:20:03Z,DEGRADED,Splunk-ES,DR,2022-09-23
AST-003501,PORT-CORPORATE-03502,CSE-PORT-07,Ports,NETWORK_DEVICE,CORPORATE,LOW,Terminal Ops,SOC,YES,AUTH|ENDPOINT,2026-09-22T01:11:31Z,ACTIVE,EDR-Collector,STAGING,2025-05-02
AST-003502,PORT-DMZ-03503,CSE-PORT-07,Ports,SERVER,DMZ,MEDIUM,Terminal Ops,APPSEC,YES,DATABASE|NETWORK,2026-08-16T17:33:26Z,ACTIVE,QRadar-Archive,DR,2020-04-16
AST-003503,PORT-DC-03504,CSE-PORT-07,Ports,WORKSTATION,DC,LOW,Access Control,IT-OPS,YES,PRIVILEGE|ENDPOINT,2026-09-04T20:15:54Z,ACTIVE,Sentinel-Bridge,STAGING,2021-08-20
AST-003504,PORT-CORPORATE-03505,CSE-PORT-07,Ports,APPLICATION,CORPORATE,HIGH,Identity,APPSEC,YES,AUTH|NETWORK|WEB,2026-08-20T14:25:07Z,ACTIVE,QRadar-Archive,DR,2022-10-14
AST-003505,PORT-CORPORATE-03506,CSE-PORT-07,Ports,DATABASE,CORPORATE,LOW,Access Control,NETSEC,YES,NETWORK|ENDPOINT,2026-09-17T00:37:38Z,ACTIVE,Splunk-ES,STAGING,2023-10-29
AST-003506,PORT-CORPORATE-03507,CSE-PORT-07,Ports,SERVER,CORPORATE,LOW,Cargo,NETSEC,YES,OT|EXFILTRATION,2026-08-05T18:00:36Z,ACTIVE,Splunk-ES,DR,2025-04-01
AST-003507,PORT-DC-03508,CSE-PORT-07,Ports,SERVER,DC,HIGH,Terminal Ops,SOC,YES,EXFILTRATION|OT|PRIVILEGE,2026-07-23T09:15:14Z,ACTIVE,EDR-Collector,PRODUCTION,2021-12-03
AST-003508,PORT-DC-03509,CSE-PORT-07,Ports,APPLICATION,DC,HIGH,Cargo,SOC,YES,NETWORK|DATABASE|AUTH,2026-07-19T14:25:04Z,ACTIVE,EDR-Collector,DR,2020-04-21
AST-003509,PORT-DC-03510,CSE-PORT-07,Ports,WORKSTATION,DC,HIGH,Terminal Ops,SOC,YES,ENDPOINT|AUTH|NETWORK,2026-07-24T01:41:20Z,ACTIVE,Splunk-ES,PRODUCTION,2024-05-08
AST-003510,PORT-DMZ-03511,CSE-PORT-07,Ports,NETWORK_DEVICE,DMZ,LOW,Access Control,APPSEC,YES,ENDPOINT|OT,2026-07-19T00:54:02Z,ACTIVE,EDR-Collector,STAGING,2022-04-20
AST-003511,PORT-CORPORATE-03512,CSE-PORT-07,Ports,APPLICATION,CORPORATE,CRITICAL,Cargo,IT-OPS,YES,PRIVILEGE|ENDPOINT|NETWORK,2026-07-03T10:45:45Z,ACTIVE,EDR-Collector,PRODUCTION,2024-04-02
AST-003512,PORT-CORPORATE-03513,CSE-PORT-07,Ports,WORKSTATION,CORPORATE,HIGH,Cargo,OT-OPS,YES,PRIVILEGE|WEB|AUTH,2026-07-18T21:18:00Z,ACTIVE,Sentinel-Bridge,STAGING,2025-12-28
AST-003513,PORT-SCADA-03514,CSE-PORT-07,Ports,PLC,SCADA,HIGH,Identity,OT-OPS,YES,AUTH|WEB|ENDPOINT,2026-09-19T13:09:41Z,ACTIVE,Splunk-ES,STAGING,2021-04-06
AST-003514,PORT-CORPORATE-03515,CSE-PORT-07,Ports,FIREWALL,CORPORATE,LOW,Terminal Ops,SOC,YES,DATABASE|EXFILTRATION,2026-07-03T08:07:17Z,ACTIVE,EDR-Collector,STAGING,2020-01-13
AST-003515,PORT-CORPORATE-03516,CSE-PORT-07,Ports,SERVER,CORPORATE,MEDIUM,Cargo,SOC,YES,AUTH|NETWORK,2026-07-09T20:51:04Z,ACTIVE,Sentinel-Bridge,PRODUCTION,2023-11-23
AST-003516,PORT-DMZ-03517,CSE-PORT-07,Ports,NETWORK_DEVICE,DMZ,HIGH,Access Control,OT-OPS,YES,PRIVILEGE|ENDPOINT|AUTH,2026-09-04T08:27:51Z,ACTIVE,Sentinel-Bridge,STAGING,2023-10-22
AST-003517,PORT-DMZ-03518,CSE-PORT-07,Ports,NETWORK_DEVICE,DMZ,HIGH,Terminal Ops,OT-OPS,YES,EXFILTRATION|WEB|OT,2026-07-03T05:16:50Z,ACTIVE,EDR-Collector,STAGING,2022-08-21
AST-003518,PORT-DC-03519,CSE-PORT-07,Ports,APPLICATION,DC,MEDIUM,Identity,OT-OPS,YES,ENDPOINT|PRIVILEGE,2026-08-03T15:07:19Z,ACTIVE,QRadar-Archive,STAGING,2020-08-12
AST-003519,PORT-DC-03520,CSE-PORT-07,Ports,DATABASE,DC,LOW,Terminal Ops,OT-OPS,YES,NETWORK|OT,2026-09-04T07:35:42Z,ACTIVE,EDR-Collector,PRODUCTION,2024-03-31
AST-003520,PORT-CORPORATE-03521,CSE-PORT-07,Ports,FIREWALL,CORPORATE,HIGH,Cargo,APPSEC,YES,AUTH|EXFILTRATION|PRIVILEGE,2026-09-25T04:20:08Z,ACTIVE,QRadar-Archive,DR,2024-06-22
AST-003521,PORT-DC-03522,CSE-PORT-07,Ports,WORKSTATION,DC,LOW,Access Control,NETSEC,YES,ENDPOINT|DATABASE,2026-09-05T03:25:27Z,ACTIVE,Splunk-ES,DR,2024-11-28
AST-003522,PORT-CORPORATE-03523,CSE-PORT-07,Ports,SERVER,CORPORATE,MEDIUM,Identity,OT-OPS,YES,EXFILTRATION|DATABASE,2026-07-22T06:16:38Z,ACTIVE,QRadar-Archive,DR,2022-04-27
AST-003523,PORT-CORPORATE-03524,CSE-PORT-07,Ports,APPLICATION,CORPORATE,HIGH,Terminal Ops,NETSEC,YES,DATABASE|AUTH|OT,2026-08-07T17:22:26Z,ACTIVE,Sentinel-Bridge,PRODUCTION,2023-03-05
AST-003524,PORT-OT-03525,CSE-PORT-07,Ports,WORKSTATION,OT,MEDIUM,Identity,IT-OPS,YES,OT|WEB,2026-09-26T22:52:36Z,DEGRADED,Sentinel-Bridge,STAGING,2022-05-15
AST-003525,PORT-CORPORATE-03526,CSE-PORT-07,Ports,WORKSTATION,CORPORATE,LOW,Access Control,SOC,YES,EXFILTRATION|DATABASE,2026-08-17T06:27:14Z,ACTIVE,Splunk-ES,STAGING,2024-12-12
AST-003526,PORT-CORPORATE-03527,CSE-PORT-07,Ports,SERVER,CORPORATE,HIGH,Identity,SOC,YES,ENDPOINT|EXFILTRATION|AUTH,2026-08-18T00:36:19Z,ACTIVE,QRadar-Archive,STAGING,2020-04-02
AST-003527,PORT-DC-03528,CSE-PORT-07,Ports,WORKSTATION,DC,CRITICAL,Access Control,IT-OPS,YES,OT|PRIVILEGE|AUTH,2026-09-09T06:48:41Z,ACTIVE,QRadar-Archive,DR,2021-09-09
AST-003528,PORT-SCADA-03529,CSE-PORT-07,Ports,HMI,SCADA,MEDIUM,Cargo,NETSEC,YES,AUTH|ENDPOINT,2026-07-11T11:32:30Z,ACTIVE,Splunk-ES,DR,2020-02-01
AST-003529,PORT-SCADA-03530,CSE-PORT-07,Ports,DATABASE,SCADA,MEDIUM,Cargo,NETSEC,YES,ENDPOINT|PRIVILEGE,2026-08-21T18:27:04Z,ACTIVE,EDR-Collector,PRODUCTION,2026-01-01
AST-003530,PORT-CORPORATE-03531,CSE-PORT-07,Ports,APPLICATION,CORPORATE,CRITICAL,Cargo,APPSEC,YES,EXFILTRATION|AUTH|PRIVILEGE,2026-09-06T21:37:56Z,ACTIVE,Splunk-ES,PRODUCTION,2020-02-29
AST-003531,PORT-CORPORATE-03532,CSE-PORT-07,Ports,WORKSTATION,CORPORATE,CRITICAL,Cargo,NETSEC,YES,OT|WEB|ENDPOINT,2026-08-08T08:39:10Z,DEGRADED,Splunk-ES,STAGING,2022-06-12
AST-003532,PORT-CORPORATE-03533,CSE-PORT-07,Ports,SERVER,CORPORATE,HIGH,Identity,IT-OPS,YES,PRIVILEGE|ENDPOINT|EXFILTRATION,2026-08-25T11:16:18Z,ACTIVE,QRadar-Archive,DR,2026-01-12
AST-003533,PORT-DC-03534,CSE-PORT-07,Ports,WORKSTATION,DC,LOW,Identity,IT-OPS,YES,OT|NETWORK,2026-08-11T21:04:20Z,ACTIVE,EDR-Collector,STAGING,2024-08-21
AST-003534,PORT-DMZ-03535,CSE-PORT-07,Ports,DATABASE,DMZ,HIGH,Terminal Ops,SOC,YES,ENDPOINT|EXFILTRATION|NETWORK,2026-07-18T22:31:25Z,ACTIVE,Splunk-ES,PRODUCTION,2025-05-25
AST-003535,PORT-SCADA-03536,CSE-PORT-07,Ports,PLC,SCADA,LOW,Identity,IT-OPS,YES,DATABASE|EXFILTRATION,2026-07-27T01:15:09Z,DEGRADED,Sentinel-Bridge,PRODUCTION,2025-04-24
AST-003536,PORT-CORPORATE-03537,CSE-PORT-07,Ports,FIREWALL,CORPORATE,LOW,Cargo,NETSEC,YES,OT|PRIVILEGE,2026-07-17T23:08:38Z,ACTIVE,EDR-Collector,DR,2023-05-13
AST-003537,PORT-DC-03538,CSE-PORT-07,Ports,FIREWALL,DC,MEDIUM,Access Control,NETSEC,YES,PRIVILEGE|EXFILTRATION,2026-08-29T10:18:17Z,ACTIVE,EDR-Collector,PRODUCTION,2020-08-20
AST-003538,PORT-CORPORATE-03539,CSE-PORT-07,Ports,SERVER,CORPORATE,MEDIUM,Identity,APPSEC,YES,AUTH|WEB,2026-08-23T07:46:22Z,ACTIVE,QRadar-Archive,DR,2021-03-31
AST-003539,PORT-SCADA-03540,CSE-PORT-07,Ports,NETWORK_DEVICE,SCADA,HIGH,Access Control,SOC,YES,WEB|AUTH|OT,2026-08-31T10:38:14Z,ACTIVE,EDR-Collector,DR,2023-07-05
AST-003540,PORT-DMZ-03541,CSE-PORT-07,Ports,SERVER,DMZ,CRITICAL,Terminal Ops,IT-OPS,YES,DATABASE|ENDPOINT|PRIVILEGE,2026-09-25T04:11:15Z,ACTIVE,Splunk-ES,STAGING,2023-01-05
AST-003541,PORT-CORPORATE-03542,CSE-PORT-07,Ports,SERVER,CORPORATE,HIGH,Cargo,IT-OPS,YES,DATABASE|EXFILTRATION|PRIVILEGE,2026-07-20T11:45:08Z,ACTIVE,Splunk-ES,STAGING,2020-01-25
AST-003542,PORT-CORPORATE-03543,CSE-PORT-07,Ports,DATABASE,CORPORATE,LOW,Cargo,NETSEC,YES,NETWORK|PRIVILEGE,2026-08-05T10:19:10Z,ACTIVE,Splunk-ES,PRODUCTION,2022-04-18
AST-003543,PORT-CORPORATE-03544,CSE-PORT-07,Ports,SERVER,CORPORATE,MEDIUM,Cargo,OT-OPS,YES,DATABASE|WEB,2026-07-19T19:51:18Z,MISSING,EDR-Collector,DR,2022-07-04
AST-003544,PORT-OT-03545,CSE-PORT-07,Ports,SERVER,OT,HIGH,Terminal Ops,SOC,YES,PRIVILEGE|NETWORK|WEB,2026-09-10T18:38:00Z,ACTIVE,Sentinel-Bridge,PRODUCTION,2023-09-07
AST-003545,PORT-OT-03546,CSE-PORT-07,Ports,WORKSTATION,OT,CRITICAL,Identity,NETSEC,YES,PRIVILEGE|NETWORK|WEB,2026-07-03T05:16:08Z,ACTIVE,Sentinel-Bridge,STAGING,2020-06-04
AST-003546,PORT-CORPORATE-03547,CSE-PORT-07,Ports,WORKSTATION,CORPORATE,MEDIUM,Identity,SOC,YES,EXFILTRATION|OT,2026-09-26T18:57:01Z,ACTIVE,Splunk-ES,PRODUCTION,2023-05-08
AST-003547,PORT-OT-03548,CSE-PORT-07,Ports,APPLICATION,OT,HIGH,Cargo,OT-OPS,YES,DATABASE|WEB|EXFILTRATION,2026-07-09T19:21:03Z,ACTIVE,QRadar-Archive,PRODUCTION,2021-12-25
AST-003548,PORT-CORPORATE-03549,CSE-PORT-07,Ports,DATABASE,CORPORATE,MEDIUM,Cargo,IT-OPS,YES,EXFILTRATION|NETWORK,2026-09-07T22:23:35Z,ACTIVE,Sentinel-Bridge,PRODUCTION,2024-08-19
AST-003549,PORT-DMZ-03550,CSE-PORT-07,Ports,SERVER,DMZ,HIGH,Identity,OT-OPS,YES,DATABASE|NETWORK|PRIVILEGE,2026-08-02T08:44:10Z,ACTIVE,Sentinel-Bridge,DR,2025-04-09
AST-003550,PORT-DMZ-03551,CSE-PORT-07,Ports,WORKSTATION,DMZ,HIGH,Cargo,IT-OPS,YES,DATABASE|WEB|EXFILTRATION,2026-09-05T22:18:37Z,ACTIVE,QRadar-Archive,STAGING,2025-02-14
AST-003551,PORT-CORPORATE-03552,CSE-PORT-07,Ports,SERVER,CORPORATE,HIGH,Terminal Ops,OT-OPS,YES,OT|ENDPOINT|WEB,2026-08-27T23:26:05Z,ACTIVE,Splunk-ES,PRODUCTION,2021-04-25
AST-003552,PORT-SCADA-03553,CSE-PORT-07,Ports,PLC,SCADA,LOW,Cargo,IT-OPS,YES,AUTH|DATABASE,2026-09-30T12:29:44Z,ACTIVE,EDR-Collector,STAGING,2026-02-01
AST-003553,PORT-DMZ-03554,CSE-PORT-07,Ports,FIREWALL,DMZ,HIGH,Access Control,SOC,YES,PRIVILEGE|EXFILTRATION|OT,2026-08-15T14:05:04Z,ACTIVE,EDR-Collector,PRODUCTION,2025-01-18
AST-003554,PORT-CORPORATE-03555,CSE-PORT-07,Ports,FIREWALL,CORPORATE,HIGH,Access Control,NETSEC,YES,NETWORK|EXFILTRATION|PRIVILEGE,2026-09-30T00:52:30Z,DEGRADED,Splunk-ES,STAGING,2023-08-23
AST-003555,PORT-DMZ-03556,CSE-PORT-07,Ports,SERVER,DMZ,LOW,Access Control,IT-OPS,YES,EXFILTRATION|PRIVILEGE,2026-09-19T23:00:33Z,ACTIVE,Splunk-ES,STAGING,2021-06-11
AST-003556,PORT-CORPORATE-03557,CSE-PORT-07,Ports,SERVER,CORPORATE,MEDIUM,Access Control,SOC,YES,EXFILTRATION|AUTH,2026-09-23T13:24:38Z,ACTIVE,QRadar-Archive,STAGING,2025-05-22
AST-003557,PORT-CORPORATE-03558,CSE-PORT-07,Ports,FIREWALL,CORPORATE,CRITICAL,Terminal Ops,SOC,YES,NETWORK|OT|AUTH,2026-08-22T16:34:41Z,ACTIVE,Splunk-ES,DR,2023-03-20
AST-003558,PORT-OT-03559,CSE-PORT-07,Ports,APPLICATION,OT,HIGH,Identity,OT-OPS,YES,EXFILTRATION|ENDPOINT|OT,2026-07-08T09:45:32Z,ACTIVE,Sentinel-Bridge,DR,2026-03-01
AST-003559,PORT-SCADA-03560,CSE-PORT-07,Ports,APPLICATION,SCADA,CRITICAL,Cargo,APPSEC,YES,WEB|AUTH|EXFILTRATION,2026-08-15T23:42:09Z,DEGRADED,QRadar-Archive,STAGING,2020-01-02
AST-003560,PORT-DMZ-03561,CSE-PORT-07,Ports,SERVER,DMZ,HIGH,Identity,APPSEC,YES,PRIVILEGE|DATABASE|EXFILTRATION,2026-07-03T15:00:29Z,ACTIVE,EDR-Collector,DR,2023-08-12
AST-003561,PORT-CORPORATE-03562,CSE-PORT-07,Ports,NETWORK_DEVICE,CORPORATE,HIGH,Access Control,SOC,YES,ENDPOINT|OT|AUTH,2026-08-01T13:16:27Z,ACTIVE,Splunk-ES,STAGING,2020-03-14
AST-003562,PORT-DMZ-03563,CSE-PORT-07,Ports,DATABASE,DMZ,HIGH,Identity,OT-OPS,YES,WEB|ENDPOINT|PRIVILEGE,2026-09-07T05:24:22Z,ACTIVE,Sentinel-Bridge,DR,2022-03-30
AST-003563,PORT-DMZ-03564,CSE-PORT-07,Ports,WORKSTATION,DMZ,HIGH,Cargo,IT-OPS,YES,EXFILTRATION|NETWORK|AUTH,2026-07-30T05:34:20Z,ACTIVE,QRadar-Archive,STAGING,2023-07-03
AST-003564,PORT-DMZ-03565,CSE-PORT-07,Ports,NETWORK_DEVICE,DMZ,LOW,Access Control,APPSEC,YES,NETWORK|WEB,2026-08-14T14:08:03Z,DEGRADED,Splunk-ES,PRODUCTION,2021-11-03
AST-003565,PORT-DC-03566,CSE-PORT-07,Ports,SERVER,DC,HIGH,Access Control,IT-OPS,YES,EXFILTRATION|NETWORK|ENDPOINT,2026-08-06T22:09:05Z,ACTIVE,Splunk-ES,DR,2022-02-18
AST-003566,PORT-CORPORATE-03567,CSE-PORT-07,Ports,SERVER,CORPORATE,HIGH,Terminal Ops,OT-OPS,YES,DATABASE|NETWORK|AUTH,2026-07-01T21:28:43Z,ACTIVE,EDR-Collector,STAGING,2022-01-30
AST-003567,PORT-SCADA-03568,CSE-PORT-07,Ports,PLC,SCADA,HIGH,Terminal Ops,NETSEC,YES,EXFILTRATION|OT|ENDPOINT,2026-07-25T23:43:01Z,ACTIVE,Sentinel-Bridge,STAGING,2023-02-21
AST-003568,PORT-DC-03569,CSE-PORT-07,Ports,APPLICATION,DC,HIGH,Access Control,APPSEC,YES,OT|WEB|DATABASE,2026-07-14T22:29:26Z,ACTIVE,QRadar-Archive,PRODUCTION,2020-07-27
AST-003569,PORT-SCADA-03570,CSE-PORT-07,Ports,PLC,SCADA,CRITICAL,Terminal Ops,APPSEC,YES,EXFILTRATION|NETWORK|AUTH,2026-09-06T23:59:59Z,DEGRADED,Sentinel-Bridge,PRODUCTION,2022-06-09
AST-003570,PORT-DMZ-03571,CSE-PORT-07,Ports,DATABASE,DMZ,HIGH,Identity,SOC,YES,WEB|EXFILTRATION|OT,2026-09-29T03:08:57Z,ACTIVE,Splunk-ES,DR,2022-09-24
AST-003571,PORT-DMZ-03572,CSE-PORT-07,Ports,DATABASE,DMZ,MEDIUM,Terminal Ops,IT-OPS,YES,NETWORK|DATABASE,2026-08-24T02:19:39Z,ACTIVE,QRadar-Archive,PRODUCTION,2023-07-24
AST-003572,PORT-CORPORATE-03573,CSE-PORT-07,Ports,DATABASE,CORPORATE,HIGH,Cargo,APPSEC,YES,NETWORK|AUTH|ENDPOINT,2026-07-18T05:06:57Z,ACTIVE,QRadar-Archive,DR,2023-10-03
AST-003573,PORT-CORPORATE-03574,CSE-PORT-07,Ports,APPLICATION,CORPORATE,MEDIUM,Access Control,OT-OPS,YES,PRIVILEGE|EXFILTRATION,2026-07-03T15:50:22Z,ACTIVE,QRadar-Archive,DR,2023-03-14
AST-003574,PORT-OT-03575,CSE-PORT-07,Ports,NETWORK_DEVICE,OT,MEDIUM,Identity,NETSEC,YES,AUTH|EXFILTRATION,2026-07-01T23:39:26Z,ACTIVE,Splunk-ES,PRODUCTION,2024-04-19
AST-003575,PORT-DC-03576,CSE-PORT-07,Ports,FIREWALL,DC,LOW,Terminal Ops,NETSEC,YES,WEB|PRIVILEGE,2026-09-29T01:26:34Z,ACTIVE,EDR-Collector,DR,2025-04-29
AST-003576,PORT-DMZ-03577,CSE-PORT-07,Ports,SERVER,DMZ,MEDIUM,Access Control,SOC,YES,DATABASE|ENDPOINT,2026-08-10T07:45:56Z,ACTIVE,QRadar-Archive,STAGING,2020-07-31
AST-003577,PORT-SCADA-03578,CSE-PORT-07,Ports,FIREWALL,SCADA,MEDIUM,Access Control,OT-OPS,YES,PRIVILEGE|AUTH,2026-07-25T16:34:11Z,ACTIVE,Sentinel-Bridge,STAGING,2023-12-06
AST-003578,PORT-DMZ-03579,CSE-PORT-07,Ports,SERVER,DMZ,HIGH,Cargo,APPSEC,YES,NETWORK|PRIVILEGE|ENDPOINT,2026-07-02T00:19:36Z,ACTIVE,QRadar-Archive,PRODUCTION,2020-05-27
AST-003579,PORT-CORPORATE-03580,CSE-PORT-07,Ports,SERVER,CORPORATE,MEDIUM,Terminal Ops,APPSEC,YES,DATABASE|ENDPOINT,2026-08-21T23:59:29Z,ACTIVE,EDR-Collector,STAGING,2020-09-07
AST-003580,PORT-CORPORATE-03581,CSE-PORT-07,Ports,NETWORK_DEVICE,CORPORATE,MEDIUM,Cargo,NETSEC,YES,AUTH|OT,2026-07-18T19:40:09Z,ACTIVE,QRadar-Archive,DR,2024-08-24
AST-003581,PORT-DMZ-03582,CSE-PORT-07,Ports,SERVER,DMZ,LOW,Terminal Ops,IT-OPS,YES,AUTH|DATABASE,2026-09-09T00:33:23Z,ACTIVE,EDR-Collector,DR,2024-03-06
AST-003582,PORT-CORPORATE-03583,CSE-PORT-07,Ports,APPLICATION,CORPORATE,LOW,Access Control,OT-OPS,YES,NETWORK|EXFILTRATION,2026-09-12T21:54:34Z,ACTIVE,Splunk-ES,STAGING,2023-10-14
AST-003583,PORT-SCADA-03584,CSE-PORT-07,Ports,PLC,SCADA,MEDIUM,Identity,SOC,YES,WEB|DATABASE,2026-08-12T14:00:40Z,ACTIVE,QRadar-Archive,DR,2024-05-28
AST-003584,PORT-CORPORATE-03585,CSE-PORT-07,Ports,WORKSTATION,CORPORATE,CRITICAL,Terminal Ops,APPSEC,YES,DATABASE|WEB|OT,2026-08-24T05:13:46Z,ACTIVE,Splunk-ES,DR,2021-08-26
AST-003585,PORT-SCADA-03586,CSE-PORT-07,Ports,PLC,SCADA,HIGH,Terminal Ops,SOC,YES,PRIVILEGE|EXFILTRATION|DATABASE,2026-07-22T20:00:29Z,ACTIVE,Splunk-ES,PRODUCTION,2021-08-06
AST-003586,PORT-OT-03587,CSE-PORT-07,Ports,APPLICATION,OT,LOW,Terminal Ops,NETSEC,YES,PRIVILEGE|EXFILTRATION,2026-08-16T23:17:48Z,ACTIVE,Splunk-ES,PRODUCTION,2023-11-26
AST-003587,PORT-CORPORATE-03588,CSE-PORT-07,Ports,DATABASE,CORPORATE,CRITICAL,Terminal Ops,SOC,YES,DATABASE|OT|WEB,2026-08-10T08:18:11Z,ACTIVE,Sentinel-Bridge,STAGING,2021-03-14
AST-003588,PORT-DMZ-03589,CSE-PORT-07,Ports,SERVER,DMZ,HIGH,Cargo,OT-OPS,YES,DATABASE|WEB|NETWORK,2026-09-30T15:46:12Z,ACTIVE,EDR-Collector,PRODUCTION,2021-12-26
AST-003589,PORT-SCADA-03590,CSE-PORT-07,Ports,WORKSTATION,SCADA,MEDIUM,Terminal Ops,OT-OPS,YES,AUTH|ENDPOINT,2026-08-11T10:14:35Z,ACTIVE,QRadar-Archive,STAGING,2020-11-23
AST-003590,PORT-CORPORATE-03591,CSE-PORT-07,Ports,FIREWALL,CORPORATE,HIGH,Terminal Ops,NETSEC,YES,EXFILTRATION|NETWORK|PRIVILEGE,2026-07-14T03:36:00Z,ACTIVE,EDR-Collector,DR,2020-03-22
AST-003591,PORT-DMZ-03592,CSE-PORT-07,Ports,APPLICATION,DMZ,MEDIUM,Terminal Ops,IT-OPS,YES,DATABASE|WEB,2026-08-31T06:39:36Z,ACTIVE,QRadar-Archive,PRODUCTION,2024-10-16
AST-003592,PORT-CORPORATE-03593,CSE-PORT-07,Ports,APPLICATION,CORPORATE,HIGH,Access Control,SOC,YES,AUTH|DATABASE|OT,2026-08-11T16:49:11Z,ACTIVE,Splunk-ES,PRODUCTION,2024-10-16
AST-003593,PORT-SCADA-03594,CSE-PORT-07,Ports,SERVER,SCADA,MEDIUM,Terminal Ops,OT-OPS,YES,DATABASE|PRIVILEGE,2026-07-23T17:58:08Z,ACTIVE,Sentinel-Bridge,PRODUCTION,2021-12-17
AST-003594,PORT-CORPORATE-03595,CSE-PORT-07,Ports,SERVER,CORPORATE,CRITICAL,Terminal Ops,SOC,YES,OT|DATABASE|WEB,2026-09-13T19:19:30Z,ACTIVE,QRadar-Archive,STAGING,2021-01-30
AST-003595,PORT-DMZ-03596,CSE-PORT-07,Ports,NETWORK_DEVICE,DMZ,MEDIUM,Cargo,OT-OPS,YES,OT|NETWORK,2026-09-15T09:57:59Z,ACTIVE,Splunk-ES,PRODUCTION,2023-08-26
AST-003596,PORT-DC-03597,CSE-PORT-07,Ports,FIREWALL,DC,MEDIUM,Access Control,APPSEC,YES,AUTH|OT,2026-09-05T11:49:52Z,DEGRADED,Splunk-ES,PRODUCTION,2023-04-01
AST-003597,PORT-CORPORATE-03598,CSE-PORT-07,Ports,NETWORK_DEVICE,CORPORATE,HIGH,Terminal Ops,SOC,YES,NETWORK|OT|EXFILTRATION,2026-09-27T09:05:48Z,ACTIVE,Splunk-ES,DR,2025-08-14
AST-003598,PORT-DC-03599,CSE-PORT-07,Ports,SERVER,DC,MEDIUM,Access Control,OT-OPS,YES,NETWORK|ENDPOINT,2026-07-20T15:08:29Z,ACTIVE,Sentinel-Bridge,DR,2024-09-29
AST-003599,PORT-CORPORATE-03600,CSE-PORT-07,Ports,WORKSTATION,CORPORATE,MEDIUM,Cargo,IT-OPS,YES,DATABASE|ENDPOINT,2026-07-29T08:50:34Z,ACTIVE,QRadar-Archive,PRODUCTION,2024-10-19
AST-003600,PORT-DC-03601,CSE-PORT-07,Ports,FIREWALL,DC,CRITICAL,Cargo,IT-OPS,YES,AUTH|ENDPOINT|WEB,2026-08-17T14:17:25Z,ACTIVE,Sentinel-Bridge,PRODUCTION,2025-01-04
AST-003601,PORT-DMZ-03602,CSE-PORT-07,Ports,NETWORK_DEVICE,DMZ,CRITICAL,Access Control,OT-OPS,YES,WEB|NETWORK|AUTH,2026-08-26T22:40:06Z,ACTIVE,EDR-Collector,PRODUCTION,2020-08-01
AST-003602,PORT-DC-03603,CSE-PORT-07,Ports,FIREWALL,DC,CRITICAL,Identity,OT-OPS,YES,EXFILTRATION|DATABASE|PRIVILEGE,2026-07-05T11:37:06Z,DEGRADED,Sentinel-Bridge,DR,2023-09-21
AST-003603,PORT-SCADA-03604,CSE-PORT-07,Ports,PLC,SCADA,CRITICAL,Access Control,APPSEC,YES,PRIVILEGE|NETWORK|WEB,2026-08-19T21:27:36Z,ACTIVE,Sentinel-Bridge,PRODUCTION,2021-06-12
AST-003604,PORT-DMZ-03605,CSE-PORT-07,Ports,FIREWALL,DMZ,LOW,Access Control,NETSEC,YES,NETWORK|AUTH,2026-08-24T04:39:37Z,ACTIVE,EDR-Collector,DR,2021-11-06
AST-003605,PORT-SCADA-03606,CSE-PORT-07,Ports,NETWORK_DEVICE,SCADA,MEDIUM,Identity,APPSEC,YES,NETWORK|WEB,2026-07-27T09:58:28Z,ACTIVE,QRadar-Archive,PRODUCTION,2023-08-26
AST-003606,PORT-CORPORATE-03607,CSE-PORT-07,Ports,SERVER,CORPORATE,LOW,Cargo,NETSEC,YES,EXFILTRATION|ENDPOINT,2026-08-12T19:09:40Z,ACTIVE,EDR-Collector,DR,2022-03-28
AST-003607,PORT-DMZ-03608,CSE-PORT-07,Ports,FIREWALL,DMZ,CRITICAL,Identity,IT-OPS,YES,AUTH|DATABASE|WEB,2026-08-10T22:35:45Z,ACTIVE,Splunk-ES,DR,2023-02-17
AST-003608,PORT-DC-03609,CSE-PORT-07,Ports,WORKSTATION,DC,HIGH,Terminal Ops,SOC,YES,ENDPOINT|OT|NETWORK,2026-08-29T06:14:02Z,ACTIVE,EDR-Collector,PRODUCTION,2023-07-20
AST-003609,PORT-CORPORATE-03610,CSE-PORT-07,Ports,WORKSTATION,CORPORATE,HIGH,Cargo,OT-OPS,YES,ENDPOINT|DATABASE|EXFILTRATION,2026-08-27T02:58:51Z,ACTIVE,Sentinel-Bridge,STAGING,2021-08-05
AST-003610,PORT-DMZ-03611,CSE-PORT-07,Ports,DATABASE,DMZ,LOW,Identity,OT-OPS,YES,DATABASE|WEB,2026-07-11T19:07:43Z,ACTIVE,Splunk-ES,STAGING,2024-11-30
AST-003611,PORT-DC-03612,CSE-PORT-07,Ports,DATABASE,DC,MEDIUM,Identity,OT-OPS,YES,DATABASE|OT,2026-07-28T03:31:24Z,ACTIVE,QRadar-Archive,STAGING,2025-02-05
AST-003612,PORT-DC-03613,CSE-PORT-07,Ports,SERVER,DC,HIGH,Cargo,OT-OPS,YES,AUTH|ENDPOINT|DATABASE,2026-07-27T01:32:52Z,ACTIVE,EDR-Collector,DR,2021-04-18
AST-003613,PORT-CORPORATE-03614,CSE-PORT-07,Ports,SERVER,CORPORATE,MEDIUM,Identity,APPSEC,YES,DATABASE|EXFILTRATION,2026-07-25T08:13:38Z,ACTIVE,Splunk-ES,STAGING,2022-05-22
AST-003614,PORT-DC-03615,CSE-PORT-07,Ports,NETWORK_DEVICE,DC,LOW,Access Control,SOC,YES,DATABASE|OT,2026-09-26T00:19:19Z,ACTIVE,Sentinel-Bridge,PRODUCTION,2020-10-25
AST-003615,PORT-CORPORATE-03616,CSE-PORT-07,Ports,DATABASE,CORPORATE,CRITICAL,Identity,SOC,YES,AUTH|PRIVILEGE|EXFILTRATION,2026-07-24T06:38:58Z,ACTIVE,EDR-Collector,DR,2022-06-26
AST-003616,PORT-DC-03617,CSE-PORT-07,Ports,DATABASE,DC,LOW,Access Control,APPSEC,YES,NETWORK|EXFILTRATION,2026-09-13T17:43:44Z,ACTIVE,Splunk-ES,DR,2021-11-10
AST-003617,PORT-DC-03618,CSE-PORT-07,Ports,SERVER,DC,HIGH,Cargo,OT-OPS,YES,ENDPOINT|AUTH|WEB,2026-07-27T04:29:34Z,ACTIVE,QRadar-Archive,DR,2021-02-25
AST-003618,PORT-DMZ-03619,CSE-PORT-07,Ports,SERVER,DMZ,LOW,Cargo,SOC,YES,DATABASE|WEB,2026-09-10T20:31:07Z,ACTIVE,EDR-Collector,STAGING,2025-01-28
AST-003619,PORT-OT-03620,CSE-PORT-07,Ports,NETWORK_DEVICE,OT,HIGH,Cargo,SOC,YES,WEB|PRIVILEGE|OT,2026-07-07T15:26:18Z,ACTIVE,Splunk-ES,PRODUCTION,2026-03-21
AST-003620,PORT-DMZ-03621,CSE-PORT-07,Ports,FIREWALL,DMZ,LOW,Cargo,APPSEC,YES,AUTH|OT,2026-07-23T05:57:26Z,ACTIVE,EDR-Collector,DR,2022-04-23
AST-003621,PORT-DMZ-03622,CSE-PORT-07,Ports,NETWORK_DEVICE,DMZ,MEDIUM,Identity,SOC,YES,AUTH|ENDPOINT,2026-09-22T06:46:42Z,ACTIVE,EDR-Collector,STAGING,2024-05-08
AST-003622,PORT-DC-03623,CSE-PORT-07,Ports,DATABASE,DC,HIGH,Access Control,APPSEC,YES,AUTH|EXFILTRATION|WEB,2026-08-25T11:01:16Z,ACTIVE,Splunk-ES,PRODUCTION,2024-07-25
AST-003623,PORT-CORPORATE-03624,CSE-PORT-07,Ports,FIREWALL,CORPORATE,CRITICAL,Access Control,IT-OPS,YES,PRIVILEGE|DATABASE|AUTH,2026-07-24T15:40:51Z,ACTIVE,Sentinel-Bridge,DR,2021-06-11
AST-003624,PORT-CORPORATE-03625,CSE-PORT-07,Ports,APPLICATION,CORPORATE,CRITICAL,Cargo,SOC,YES,ENDPOINT|DATABASE|NETWORK,2026-09-26T06:47:50Z,ACTIVE,Sentinel-Bridge,DR,2023-08-21
AST-003625,PORT-CORPORATE-03626,CSE-PORT-07,Ports,WORKSTATION,CORPORATE,LOW,Cargo,IT-OPS,YES,OT|NETWORK,2026-09-03T05:13:09Z,ACTIVE,Sentinel-Bridge,STAGING,2020-04-05
AST-003626,PORT-DMZ-03627,CSE-PORT-07,Ports,DATABASE,DMZ,MEDIUM,Access Control,NETSEC,YES,PRIVILEGE|EXFILTRATION,2026-09-18T14:21:42Z,DEGRADED,Sentinel-Bridge,DR,2023-05-05
AST-003627,PORT-SCADA-03628,CSE-PORT-07,Ports,HMI,SCADA,MEDIUM,Identity,SOC,YES,ENDPOINT|EXFILTRATION,2026-09-26T00:31:14Z,ACTIVE,EDR-Collector,DR,2023-01-26
AST-003628,PORT-CORPORATE-03629,CSE-PORT-07,Ports,APPLICATION,CORPORATE,MEDIUM,Terminal Ops,NETSEC,YES,ENDPOINT|DATABASE,2026-07-11T20:16:40Z,ACTIVE,QRadar-Archive,PRODUCTION,2020-06-25
AST-003629,PORT-CORPORATE-03630,CSE-PORT-07,Ports,SERVER,CORPORATE,MEDIUM,Cargo,IT-OPS,YES,OT|WEB,2026-09-17T08:47:31Z,ACTIVE,EDR-Collector,PRODUCTION,2025-10-20
AST-003630,PORT-DMZ-03631,CSE-PORT-07,Ports,WORKSTATION,DMZ,HIGH,Terminal Ops,NETSEC,YES,EXFILTRATION|ENDPOINT|WEB,2026-07-29T18:18:29Z,ACTIVE,QRadar-Archive,DR,2021-05-13
AST-003631,PORT-CORPORATE-03632,CSE-PORT-07,Ports,FIREWALL,CORPORATE,LOW,Cargo,SOC,YES,DATABASE|ENDPOINT,2026-07-19T05:48:29Z,ACTIVE,QRadar-Archive,PRODUCTION,2021-12-09
AST-003632,PORT-CORPORATE-03633,CSE-PORT-07,Ports,WORKSTATION,CORPORATE,HIGH,Cargo,IT-OPS,YES,OT|ENDPOINT|DATABASE,2026-08-26T20:59:55Z,ACTIVE,Splunk-ES,STAGING,2025-07-15
AST-003633,PORT-SCADA-03634,CSE-PORT-07,Ports,PLC,SCADA,HIGH,Identity,OT-OPS,YES,NETWORK|OT|AUTH,2026-08-25T15:45:05Z,ACTIVE,QRadar-Archive,STAGING,2022-04-01
AST-003634,PORT-DC-03635,CSE-PORT-07,Ports,WORKSTATION,DC,MEDIUM,Identity,OT-OPS,YES,PRIVILEGE|AUTH,2026-08-14T04:30:59Z,ACTIVE,Splunk-ES,STAGING,2020-10-13
AST-003635,PORT-DC-03636,CSE-PORT-07,Ports,APPLICATION,DC,MEDIUM,Identity,NETSEC,YES,PRIVILEGE|OT,2026-09-12T05:32:58Z,ACTIVE,Sentinel-Bridge,DR,2025-05-07
AST-003636,PORT-CORPORATE-03637,CSE-PORT-07,Ports,APPLICATION,CORPORATE,CRITICAL,Terminal Ops,OT-OPS,YES,WEB|OT|NETWORK,2026-07-09T05:40:20Z,ACTIVE,Sentinel-Bridge,DR,2023-08-13
AST-003637,PORT-CORPORATE-03638,CSE-PORT-07,Ports,DATABASE,CORPORATE,MEDIUM,Terminal Ops,OT-OPS,YES,EXFILTRATION|ENDPOINT,2026-09-30T17:57:26Z,ACTIVE,Sentinel-Bridge,DR,2022-09-02
AST-003638,PORT-SCADA-03639,CSE-PORT-07,Ports,HMI,SCADA,HIGH,Access Control,OT-OPS,YES,AUTH|EXFILTRATION|DATABASE,2026-07-23T11:40:41Z,ACTIVE,Sentinel-Bridge,STAGING,2020-01-29
AST-003639,PORT-SCADA-03640,CSE-PORT-07,Ports,HMI,SCADA,MEDIUM,Terminal Ops,NETSEC,YES,OT|ENDPOINT,2026-08-13T16:20:45Z,ACTIVE,Sentinel-Bridge,STAGING,2020-10-06
AST-003640,PORT-DMZ-03641,CSE-PORT-07,Ports,NETWORK_DEVICE,DMZ,LOW,Cargo,APPSEC,YES,PRIVILEGE|EXFILTRATION,2026-08-16T08:27:58Z,ACTIVE,EDR-Collector,STAGING,2025-12-21
AST-003641,PORT-DMZ-03642,CSE-PORT-07,Ports,WORKSTATION,DMZ,HIGH,Cargo,IT-OPS,YES,AUTH|DATABASE|NETWORK,2026-08-20T17:49:57Z,ACTIVE,Sentinel-Bridge,STAGING,2019-12-18
AST-003642,PORT-CORPORATE-03643,CSE-PORT-07,Ports,WORKSTATION,CORPORATE,CRITICAL,Identity,NETSEC,YES,OT|DATABASE|PRIVILEGE,2026-09-08T23:59:59Z,ACTIVE,QRadar-Archive,DR,2022-08-22
AST-003643,PORT-DC-03644,CSE-PORT-07,Ports,FIREWALL,DC,LOW,Identity,NETSEC,YES,EXFILTRATION|ENDPOINT,2026-08-31T15:26:22Z,ACTIVE,Sentinel-Bridge,STAGING,2025-11-13
AST-003644,PORT-SCADA-03645,CSE-PORT-07,Ports,NETWORK_DEVICE,SCADA,LOW,Terminal Ops,OT-OPS,YES,ENDPOINT|NETWORK,2026-09-02T14:32:34Z,ACTIVE,Splunk-ES,PRODUCTION,2024-08-02
AST-003645,PORT-DMZ-03646,CSE-PORT-07,Ports,NETWORK_DEVICE,DMZ,HIGH,Cargo,IT-OPS,YES,NETWORK|AUTH|EXFILTRATION,2026-09-03T08:43:39Z,ACTIVE,Sentinel-Bridge,PRODUCTION,2024-11-28
AST-003646,PORT-CORPORATE-03647,CSE-PORT-07,Ports,SERVER,CORPORATE,MEDIUM,Access Control,OT-OPS,YES,EXFILTRATION|OT,2026-09-19T18:45:24Z,ACTIVE,QRadar-Archive,DR,2022-10-23
AST-003647,PORT-SCADA-03648,CSE-PORT-07,Ports,SERVER,SCADA,MEDIUM,Identity,APPSEC,YES,ENDPOINT|EXFILTRATION,2026-09-04T11:08:32Z,ACTIVE,Sentinel-Bridge,DR,2023-06-16
AST-003648,PORT-DC-03649,CSE-PORT-07,Ports,SERVER,DC,LOW,Access Control,OT-OPS,YES,AUTH|EXFILTRATION,2026-07-13T08:06:58Z,DEGRADED,Sentinel-Bridge,DR,2025-06-02
AST-003649,PORT-CORPORATE-03650,CSE-PORT-07,Ports,WORKSTATION,CORPORATE,HIGH,Terminal Ops,IT-OPS,YES,EXFILTRATION|OT|ENDPOINT,2026-09-25T04:42:36Z,ACTIVE,Splunk-ES,STAGING,2025-10-05
AST-003650,PORT-DC-03651,CSE-PORT-07,Ports,WORKSTATION,DC,HIGH,Access Control,OT-OPS,YES,ENDPOINT|NETWORK|PRIVILEGE,2026-09-29T14:56:04Z,ACTIVE,EDR-Collector,PRODUCTION,2026-01-25
AST-003651,PORT-OT-03652,CSE-PORT-07,Ports,SERVER,OT,HIGH,Identity,NETSEC,YES,NETWORK|PRIVILEGE|DATABASE,2026-08-19T10:05:27Z,ACTIVE,Splunk-ES,DR,2023-07-20
AST-003652,PORT-CORPORATE-03653,CSE-PORT-07,Ports,NETWORK_DEVICE,CORPORATE,MEDIUM,Cargo,IT-OPS,YES,NETWORK|OT,2026-08-11T08:15:28Z,ACTIVE,EDR-Collector,STAGING,2023-08-19
AST-003653,PORT-SCADA-03654,CSE-PORT-07,Ports,HMI,SCADA,LOW,Cargo,IT-OPS,YES,WEB|DATABASE,2026-07-20T19:30:38Z,ACTIVE,EDR-Collector,STAGING,2020-11-29
AST-003654,PORT-SCADA-03655,CSE-PORT-07,Ports,HMI,SCADA,CRITICAL,Cargo,NETSEC,YES,PRIVILEGE|WEB|EXFILTRATION,2026-09-08T23:59:59Z,ACTIVE,QRadar-Archive,STAGING,2022-10-18
AST-003655,PORT-CORPORATE-03656,CSE-PORT-07,Ports,DATABASE,CORPORATE,MEDIUM,Terminal Ops,SOC,YES,PRIVILEGE|NETWORK,2026-09-19T02:29:15Z,ACTIVE,EDR-Collector,PRODUCTION,2023-11-07
AST-003656,PORT-CORPORATE-03657,CSE-PORT-07,Ports,SERVER,CORPORATE,MEDIUM,Access Control,IT-OPS,YES,WEB|NETWORK,2026-09-13T20:02:26Z,ACTIVE,EDR-Collector,DR,2020-07-11
AST-003657,PORT-CORPORATE-03658,CSE-PORT-07,Ports,SERVER,CORPORATE,LOW,Identity,NETSEC,YES,NETWORK|WEB,2026-09-23T07:45:59Z,ACTIVE,QRadar-Archive,STAGING,2022-12-24
AST-003658,PORT-OT-03659,CSE-PORT-07,Ports,SERVER,OT,HIGH,Terminal Ops,OT-OPS,YES,WEB|EXFILTRATION|PRIVILEGE,2026-07-27T02:06:43Z,ACTIVE,QRadar-Archive,STAGING,2020-02-27
AST-003659,PORT-DC-03660,CSE-PORT-07,Ports,NETWORK_DEVICE,DC,CRITICAL,Access Control,SOC,YES,DATABASE|EXFILTRATION|NETWORK,2026-08-20T03:56:46Z,ACTIVE,Splunk-ES,DR,2020-08-09
AST-003660,PORT-DC-03661,CSE-PORT-07,Ports,APPLICATION,DC,LOW,Cargo,NETSEC,YES,ENDPOINT|DATABASE,2026-08-27T02:06:55Z,ACTIVE,Splunk-ES,PRODUCTION,2024-07-22
AST-003661,PORT-DMZ-03662,CSE-PORT-07,Ports,NETWORK_DEVICE,DMZ,MEDIUM,Access Control,APPSEC,YES,PRIVILEGE|EXFILTRATION,2026-08-31T03:31:07Z,ACTIVE,Sentinel-Bridge,PRODUCTION,2023-08-28
AST-003662,PORT-OT-03663,CSE-PORT-07,Ports,APPLICATION,OT,HIGH,Terminal Ops,OT-OPS,YES,DATABASE|ENDPOINT|WEB,2026-09-25T01:39:42Z,ACTIVE,Sentinel-Bridge,DR,2020-04-09
AST-003663,PORT-DC-03664,CSE-PORT-07,Ports,SERVER,DC,HIGH,Access Control,NETSEC,YES,PRIVILEGE|NETWORK|DATABASE,2026-07-19T20:50:27Z,ACTIVE,QRadar-Archive,DR,2021-11-15
AST-003664,PORT-CORPORATE-03665,CSE-PORT-07,Ports,WORKSTATION,CORPORATE,HIGH,Terminal Ops,APPSEC,YES,OT|ENDPOINT|WEB,2026-07-05T16:18:27Z,ACTIVE,QRadar-Archive,STAGING,2021-03-04
AST-003665,PORT-DC-03666,CSE-PORT-07,Ports,FIREWALL,DC,HIGH,Identity,APPSEC,YES,WEB|EXFILTRATION|PRIVILEGE,2026-08-21T06:05:32Z,ACTIVE,Splunk-ES,DR,2022-04-11
AST-003666,PORT-OT-03667,CSE-PORT-07,Ports,NETWORK_DEVICE,OT,HIGH,Cargo,IT-OPS,YES,ENDPOINT|WEB|PRIVILEGE,2026-08-22T21:47:14Z,ACTIVE,QRadar-Archive,DR,2023-08-11
AST-003667,PORT-CORPORATE-03668,CSE-PORT-07,Ports,WORKSTATION,CORPORATE,CRITICAL,Terminal Ops,IT-OPS,YES,ENDPOINT|EXFILTRATION|DATABASE,2026-08-08T19:14:46Z,ACTIVE,QRadar-Archive,DR,2024-12-12
AST-003668,PORT-CORPORATE-03669,CSE-PORT-07,Ports,SERVER,CORPORATE,MEDIUM,Cargo,NETSEC,YES,NETWORK|PRIVILEGE,2026-09-15T17:06:39Z,ACTIVE,EDR-Collector,STAGING,2025-08-31
AST-003669,PORT-SCADA-03670,CSE-PORT-07,Ports,WORKSTATION,SCADA,LOW,Terminal Ops,OT-OPS,YES,NETWORK|PRIVILEGE,2026-08-01T15:21:37Z,DEGRADED,Splunk-ES,DR,2021-03-24
AST-003670,PORT-DMZ-03671,CSE-PORT-07,Ports,FIREWALL,DMZ,MEDIUM,Access Control,NETSEC,YES,PRIVILEGE|OT,2026-07-01T18:13:13Z,ACTIVE,EDR-Collector,DR,2025-07-29
AST-003671,IT S-CORPORATE-03672,CSE-IT-08,IT Services,FIREWALL,CORPORATE,LOW,Network,IT-OPS,YES,EXFILTRATION|NETWORK,2026-07-03T06:27:24Z,ACTIVE,Splunk-ES,STAGING,2025-02-16
AST-003672,IT S-CORPORATE-03673,CSE-IT-08,IT Services,NETWORK_DEVICE,CORPORATE,HIGH,Network,APPSEC,YES,OT|DATABASE|WEB,2026-07-28T16:45:25Z,ACTIVE,EDR-Collector,DR,2023-08-29
AST-003673,IT S-DC-03674,CSE-IT-08,IT Services,DATABASE,DC,MEDIUM,Hosting,IT-OPS,YES,DATABASE|WEB,2026-08-06T19:09:55Z,ACTIVE,Splunk-ES,STAGING,2022-12-13
AST-003674,IT S-DMZ-03675,CSE-IT-08,IT Services,DATABASE,DMZ,MEDIUM,Hosting,APPSEC,YES,NETWORK|PRIVILEGE,2026-08-11T17:59:51Z,DEGRADED,Sentinel-Bridge,DR,2025-07-08
AST-003675,IT S-DC-03676,CSE-IT-08,IT Services,DATABASE,DC,CRITICAL,Network,IT-OPS,YES,DATABASE|AUTH|WEB,2026-07-12T09:28:32Z,ACTIVE,Splunk-ES,STAGING,2024-06-17
AST-003676,IT S-OT-03677,CSE-IT-08,IT Services,SERVER,OT,HIGH,Identity,NETSEC,YES,WEB|DATABASE|OT,2026-08-15T18:36:03Z,ACTIVE,EDR-Collector,PRODUCTION,2024-09-09
AST-003677,IT S-CORPORATE-03678,CSE-IT-08,IT Services,DATABASE,CORPORATE,MEDIUM,Customer Portal,IT-OPS,YES,DATABASE|EXFILTRATION,2026-08-20T11:36:40Z,DEGRADED,QRadar-Archive,PRODUCTION,2025-04-17
AST-003678,IT S-DMZ-03679,CSE-IT-08,IT Services,WORKSTATION,DMZ,LOW,Network,SOC,YES,ENDPOINT|EXFILTRATION,2026-07-16T00:13:50Z,ACTIVE,QRadar-Archive,DR,2025-08-02
AST-003679,IT S-DC-03680,CSE-IT-08,IT Services,FIREWALL,DC,MEDIUM,Identity,SOC,YES,EXFILTRATION|ENDPOINT,2026-09-24T10:40:47Z,ACTIVE,Sentinel-Bridge,DR,2023-04-12
AST-003680,IT S-CORPORATE-03681,CSE-IT-08,IT Services,APPLICATION,CORPORATE,HIGH,Customer Portal,OT-OPS,YES,OT|EXFILTRATION|ENDPOINT,2026-08-28T23:27:56Z,ACTIVE,Sentinel-Bridge,PRODUCTION,2020-08-30
AST-003681,IT S-DMZ-03682,CSE-IT-08,IT Services,APPLICATION,DMZ,CRITICAL,Network,APPSEC,YES,WEB|DATABASE|ENDPOINT,2026-07-16T15:02:41Z,ACTIVE,Splunk-ES,PRODUCTION,2020-12-11
AST-003682,IT S-OT-03683,CSE-IT-08,IT Services,PLC,OT,MEDIUM,Network,OT-OPS,YES,ENDPOINT|DATABASE,2026-07-07T20:15:03Z,ACTIVE,Sentinel-Bridge,DR,2023-08-07
AST-003683,IT S-CORPORATE-03684,CSE-IT-08,IT Services,FIREWALL,CORPORATE,LOW,Hosting,SOC,YES,PRIVILEGE|OT,2026-07-13T22:32:38Z,ACTIVE,Splunk-ES,STAGING,2023-12-31
AST-003684,IT S-CORPORATE-03685,CSE-IT-08,IT Services,WORKSTATION,CORPORATE,MEDIUM,Customer Portal,OT-OPS,YES,DATABASE|EXFILTRATION,2026-08-23T06:38:44Z,ACTIVE,Sentinel-Bridge,STAGING,2021-10-24
AST-003685,IT S-DMZ-03686,CSE-IT-08,IT Services,SERVER,DMZ,LOW,Network,NETSEC,YES,PRIVILEGE|ENDPOINT,2026-09-11T14:50:11Z,ACTIVE,Sentinel-Bridge,STAGING,2022-05-23
AST-003686,IT S-DMZ-03687,CSE-IT-08,IT Services,NETWORK_DEVICE,DMZ,LOW,Network,SOC,YES,EXFILTRATION|OT,2026-08-19T13:02:16Z,ACTIVE,QRadar-Archive,PRODUCTION,2023-11-04
AST-003687,IT S-DC-03688,CSE-IT-08,IT Services,DATABASE,DC,CRITICAL,Customer Portal,IT-OPS,YES,OT|EXFILTRATION|NETWORK,2026-07-24T08:39:45Z,DEGRADED,Splunk-ES,DR,2021-11-21
AST-003688,IT S-CORPORATE-03689,CSE-IT-08,IT Services,WORKSTATION,CORPORATE,HIGH,Hosting,APPSEC,YES,OT|PRIVILEGE|EXFILTRATION,2026-07-31T04:12:34Z,DEGRADED,Splunk-ES,PRODUCTION,2020-11-02
AST-003689,IT S-CORPORATE-03690,CSE-IT-08,IT Services,NETWORK_DEVICE,CORPORATE,CRITICAL,Identity,NETSEC,YES,DATABASE|NETWORK|WEB,2026-09-03T03:44:37Z,ACTIVE,Splunk-ES,DR,2023-10-11
AST-003690,IT S-OT-03691,CSE-IT-08,IT Services,PLC,OT,MEDIUM,Network,NETSEC,YES,ENDPOINT|WEB,2026-08-30T07:37:02Z,MISSING,Sentinel-Bridge,PRODUCTION,2025-12-18
AST-003691,IT S-DC-03692,CSE-IT-08,IT Services,FIREWALL,DC,HIGH,Network,SOC,YES,OT|AUTH|PRIVILEGE,2026-09-15T06:03:23Z,ACTIVE,QRadar-Archive,DR,2020-07-06
AST-003692,IT S-DMZ-03693,CSE-IT-08,IT Services,WORKSTATION,DMZ,MEDIUM,Identity,SOC,YES,ENDPOINT|PRIVILEGE,2026-07-25T12:19:26Z,ACTIVE,Splunk-ES,DR,2021-05-01
AST-003693,IT S-DC-03694,CSE-IT-08,IT Services,FIREWALL,DC,MEDIUM,Hosting,OT-OPS,YES,AUTH|OT,2026-08-14T10:08:25Z,DEGRADED,EDR-Collector,PRODUCTION,2021-03-13
AST-003694,IT S-SCADA-03695,CSE-IT-08,IT Services,SERVER,SCADA,MEDIUM,Hosting,APPSEC,YES,WEB|EXFILTRATION,2026-07-13T06:24:15Z,ACTIVE,Sentinel-Bridge,STAGING,2021-02-13
AST-003695,IT S-CORPORATE-03696,CSE-IT-08,IT Services,NETWORK_DEVICE,CORPORATE,MEDIUM,Hosting,APPSEC,YES,NETWORK|EXFILTRATION,2026-08-09T08:16:52Z,ACTIVE,QRadar-Archive,DR,2022-02-17
AST-003696,IT S-CORPORATE-03697,CSE-IT-08,IT Services,DATABASE,CORPORATE,CRITICAL,Customer Portal,IT-OPS,YES,DATABASE|NETWORK|AUTH,2026-09-07T09:57:15Z,ACTIVE,Splunk-ES,PRODUCTION,2023-02-17
AST-003697,IT S-CORPORATE-03698,CSE-IT-08,IT Services,APPLICATION,CORPORATE,HIGH,Hosting,IT-OPS,YES,OT|WEB|AUTH,2026-08-25T13:57:16Z,ACTIVE,Splunk-ES,DR,2024-08-07
AST-003698,IT S-DC-03699,CSE-IT-08,IT Services,WORKSTATION,DC,LOW,Identity,APPSEC,YES,AUTH|DATABASE,2026-08-06T01:36:23Z,DEGRADED,QRadar-Archive,STAGING,2020-02-13
AST-003699,IT S-SCADA-03700,CSE-IT-08,IT Services,FIREWALL,SCADA,CRITICAL,Customer Portal,OT-OPS,YES,WEB|NETWORK|AUTH,2026-08-06T09:06:27Z,ACTIVE,Splunk-ES,DR,2022-03-15
AST-003700,IT S-CORPORATE-03701,CSE-IT-08,IT Services,SERVER,CORPORATE,HIGH,Hosting,NETSEC,YES,NETWORK|ENDPOINT|OT,2026-08-18T23:01:11Z,DEGRADED,EDR-Collector,PRODUCTION,2026-01-01
AST-003701,IT S-OT-03702,CSE-IT-08,IT Services,WORKSTATION,OT,HIGH,Identity,NETSEC,YES,EXFILTRATION|AUTH|DATABASE,2026-09-10T23:07:28Z,ACTIVE,Splunk-ES,STAGING,2021-12-20
AST-003702,IT S-CORPORATE-03703,CSE-IT-08,IT Services,SERVER,CORPORATE,HIGH,Hosting,IT-OPS,YES,NETWORK|WEB|PRIVILEGE,2026-08-16T08:17:39Z,ACTIVE,EDR-Collector,DR,2024-05-17
AST-003703,IT S-CORPORATE-03704,CSE-IT-08,IT Services,SERVER,CORPORATE,MEDIUM,Network,IT-OPS,YES,AUTH|OT,2026-07-13T10:19:23Z,ACTIVE,Splunk-ES,PRODUCTION,2024-10-19
AST-003704,IT S-OT-03705,CSE-IT-08,IT Services,PLC,OT,MEDIUM,Customer Portal,APPSEC,YES,DATABASE|WEB,2026-07-30T10:47:19Z,ACTIVE,EDR-Collector,DR,2023-05-13
AST-003705,IT S-DMZ-03706,CSE-IT-08,IT Services,WORKSTATION,DMZ,CRITICAL,Hosting,NETSEC,YES,NETWORK|ENDPOINT|DATABASE,2026-09-12T15:08:04Z,ACTIVE,Sentinel-Bridge,PRODUCTION,2021-06-08
AST-003706,IT S-OT-03707,CSE-IT-08,IT Services,PLC,OT,LOW,Customer Portal,NETSEC,YES,WEB|EXFILTRATION,2026-07-05T06:30:10Z,ACTIVE,EDR-Collector,STAGING,2022-01-28
AST-003707,IT S-DC-03708,CSE-IT-08,IT Services,APPLICATION,DC,CRITICAL,Network,OT-OPS,YES,OT|PRIVILEGE|EXFILTRATION,2026-07-30T12:52:23Z,ACTIVE,QRadar-Archive,STAGING,2019-12-16
AST-003708,IT S-SCADA-03709,CSE-IT-08,IT Services,DATABASE,SCADA,HIGH,Identity,SOC,YES,ENDPOINT|PRIVILEGE|WEB,2026-08-15T07:17:52Z,ACTIVE,Sentinel-Bridge,STAGING,2026-01-29
AST-003709,IT S-OT-03710,CSE-IT-08,IT Services,WORKSTATION,OT,CRITICAL,Customer Portal,OT-OPS,YES,PRIVILEGE|DATABASE|NETWORK,2026-09-15T07:22:56Z,ACTIVE,EDR-Collector,STAGING,2024-08-06
AST-003710,IT S-SCADA-03711,CSE-IT-08,IT Services,FIREWALL,SCADA,MEDIUM,Customer Portal,APPSEC,YES,ENDPOINT|EXFILTRATION,2026-08-22T09:01:52Z,ACTIVE,QRadar-Archive,PRODUCTION,2025-11-19
AST-003711,IT S-DC-03712,CSE-IT-08,IT Services,NETWORK_DEVICE,DC,LOW,Network,NETSEC,YES,NETWORK|DATABASE,2026-09-09T02:47:33Z,ACTIVE,EDR-Collector,STAGING,2023-02-27
AST-003712,IT S-CORPORATE-03713,CSE-IT-08,IT Services,FIREWALL,CORPORATE,HIGH,Hosting,NETSEC,YES,AUTH|PRIVILEGE|WEB,2026-07-02T03:12:24Z,ACTIVE,QRadar-Archive,DR,2020-02-19
AST-003713,IT S-CORPORATE-03714,CSE-IT-08,IT Services,WORKSTATION,CORPORATE,HIGH,Identity,IT-OPS,YES,AUTH|NETWORK|ENDPOINT,2026-08-13T01:38:27Z,DEGRADED,QRadar-Archive,STAGING,2023-12-21
AST-003714,IT S-CORPORATE-03715,CSE-IT-08,IT Services,SERVER,CORPORATE,MEDIUM,Customer Portal,NETSEC,YES,AUTH|DATABASE,2026-07-07T08:34:24Z,MISSING,QRadar-Archive,PRODUCTION,2023-04-19
AST-003715,IT S-CORPORATE-03716,CSE-IT-08,IT Services,SERVER,CORPORATE,HIGH,Hosting,OT-OPS,YES,EXFILTRATION|ENDPOINT|OT,2026-08-01T17:39:01Z,ACTIVE,Sentinel-Bridge,DR,2022-05-28
AST-003716,IT S-DC-03717,CSE-IT-08,IT Services,FIREWALL,DC,CRITICAL,Network,APPSEC,YES,NETWORK|EXFILTRATION|PRIVILEGE,2026-07-11T07:13:02Z,ACTIVE,Sentinel-Bridge,DR,2025-11-05
AST-003717,IT S-CORPORATE-03718,CSE-IT-08,IT Services,APPLICATION,CORPORATE,MEDIUM,Network,APPSEC,YES,AUTH|NETWORK,2026-09-08T08:24:58Z,ACTIVE,QRadar-Archive,DR,2024-05-07
AST-003718,IT S-DC-03719,CSE-IT-08,IT Services,APPLICATION,DC,HIGH,Hosting,APPSEC,YES,OT|EXFILTRATION|NETWORK,2026-09-22T18:23:48Z,DEGRADED,EDR-Collector,DR,2025-02-19
AST-003719,IT S-OT-03720,CSE-IT-08,IT Services,HMI,OT,LOW,Hosting,OT-OPS,YES,DATABASE|NETWORK,2026-09-09T16:26:28Z,DEGRADED,Splunk-ES,PRODUCTION,2025-08-26
AST-003720,IT S-DC-03721,CSE-IT-08,IT Services,NETWORK_DEVICE,DC,HIGH,Hosting,NETSEC,YES,EXFILTRATION|OT|ENDPOINT,2026-08-01T04:35:02Z,ACTIVE,Splunk-ES,STAGING,2020-11-12
AST-003721,IT S-OT-03722,CSE-IT-08,IT Services,PLC,OT,HIGH,Network,IT-OPS,YES,OT|ENDPOINT|PRIVILEGE,2026-07-05T23:27:02Z,ACTIVE,Sentinel-Bridge,STAGING,2022-03-09
AST-003722,IT S-DC-03723,CSE-IT-08,IT Services,FIREWALL,DC,LOW,Identity,NETSEC,YES,DATABASE|EXFILTRATION,2026-09-08T21:03:54Z,ACTIVE,Splunk-ES,STAGING,2023-11-07
AST-003723,IT S-CORPORATE-03724,CSE-IT-08,IT Services,APPLICATION,CORPORATE,HIGH,Hosting,IT-OPS,YES,AUTH|WEB|DATABASE,2026-07-19T21:24:27Z,ACTIVE,Splunk-ES,STAGING,2025-03-24
AST-003724,IT S-CORPORATE-03725,CSE-IT-08,IT Services,WORKSTATION,CORPORATE,MEDIUM,Hosting,OT-OPS,YES,DATABASE|OT,2026-09-05T00:31:10Z,ACTIVE,Splunk-ES,PRODUCTION,2025-10-16
AST-003725,IT S-DC-03726,CSE-IT-08,IT Services,NETWORK_DEVICE,DC,HIGH,Customer Portal,SOC,YES,PRIVILEGE|AUTH|ENDPOINT,2026-08-03T00:32:11Z,ACTIVE,Splunk-ES,PRODUCTION,2020-05-13
AST-003726,IT S-DC-03727,CSE-IT-08,IT Services,APPLICATION,DC,LOW,Customer Portal,IT-OPS,YES,WEB|NETWORK,2026-07-24T20:53:05Z,ACTIVE,Splunk-ES,DR,2024-08-12
AST-003727,IT S-CORPORATE-03728,CSE-IT-08,IT Services,FIREWALL,CORPORATE,MEDIUM,Network,APPSEC,YES,PRIVILEGE|AUTH,2026-07-20T05:56:53Z,MISSING,Splunk-ES,DR,2025-12-10
AST-003728,IT S-CORPORATE-03729,CSE-IT-08,IT Services,DATABASE,CORPORATE,LOW,Network,OT-OPS,YES,PRIVILEGE|DATABASE,2026-08-25T17:05:56Z,ACTIVE,QRadar-Archive,STAGING,2024-12-05
AST-003729,IT S-OT-03730,CSE-IT-08,IT Services,WORKSTATION,OT,LOW,Customer Portal,OT-OPS,YES,EXFILTRATION|DATABASE,2026-07-29T08:02:54Z,ACTIVE,Sentinel-Bridge,DR,2023-09-08
AST-003730,IT S-OT-03731,CSE-IT-08,IT Services,HMI,OT,HIGH,Customer Portal,IT-OPS,YES,NETWORK|AUTH|WEB,2026-07-13T12:17:01Z,ACTIVE,EDR-Collector,PRODUCTION,2022-09-08
AST-003731,IT S-SCADA-03732,CSE-IT-08,IT Services,WORKSTATION,SCADA,MEDIUM,Customer Portal,NETSEC,YES,OT|PRIVILEGE,2026-08-15T10:56:40Z,ACTIVE,QRadar-Archive,STAGING,2025-03-15
AST-003732,IT S-OT-03733,CSE-IT-08,IT Services,HMI,OT,LOW,Network,IT-OPS,YES,AUTH|DATABASE,2026-08-23T16:37:20Z,ACTIVE,Sentinel-Bridge,STAGING,2025-04-09
AST-003733,IT S-CORPORATE-03734,CSE-IT-08,IT Services,DATABASE,CORPORATE,MEDIUM,Network,NETSEC,YES,OT|EXFILTRATION,2026-09-15T21:13:06Z,ACTIVE,EDR-Collector,DR,2023-12-02
AST-003734,IT S-DMZ-03735,CSE-IT-08,IT Services,SERVER,DMZ,MEDIUM,Network,APPSEC,YES,DATABASE|OT,2026-08-18T00:30:14Z,ACTIVE,QRadar-Archive,DR,2024-04-14
AST-003735,IT S-DMZ-03736,CSE-IT-08,IT Services,SERVER,DMZ,MEDIUM,Network,SOC,YES,ENDPOINT|AUTH,2026-07-14T14:41:04Z,ACTIVE,EDR-Collector,DR,2024-12-22
AST-003736,IT S-CORPORATE-03737,CSE-IT-08,IT Services,SERVER,CORPORATE,HIGH,Hosting,APPSEC,YES,ENDPOINT|AUTH|DATABASE,2026-09-15T17:17:45Z,ACTIVE,QRadar-Archive,STAGING,2020-12-07
AST-003737,IT S-OT-03738,CSE-IT-08,IT Services,DATABASE,OT,LOW,Customer Portal,NETSEC,YES,OT|AUTH,2026-07-17T19:07:29Z,ACTIVE,QRadar-Archive,DR,2024-05-28
AST-003738,IT S-CORPORATE-03739,CSE-IT-08,IT Services,SERVER,CORPORATE,MEDIUM,Customer Portal,NETSEC,YES,DATABASE|ENDPOINT,2026-07-17T10:25:11Z,ACTIVE,Splunk-ES,DR,2021-06-06
AST-003739,IT S-DMZ-03740,CSE-IT-08,IT Services,SERVER,DMZ,HIGH,Network,IT-OPS,YES,NETWORK|OT|DATABASE,2026-07-09T22:53:24Z,ACTIVE,Sentinel-Bridge,STAGING,2024-07-11
AST-003740,IT S-OT-03741,CSE-IT-08,IT Services,DATABASE,OT,LOW,Customer Portal,NETSEC,YES,AUTH|ENDPOINT,2026-07-23T04:02:01Z,ACTIVE,Sentinel-Bridge,PRODUCTION,2020-01-07
AST-003741,IT S-OT-03742,CSE-IT-08,IT Services,SERVER,OT,HIGH,Network,SOC,YES,OT|WEB|PRIVILEGE,2026-08-01T15:08:53Z,ACTIVE,EDR-Collector,STAGING,2024-03-27
AST-003742,IT S-CORPORATE-03743,CSE-IT-08,IT Services,WORKSTATION,CORPORATE,HIGH,Customer Portal,NETSEC,YES,NETWORK|ENDPOINT|EXFILTRATION,2026-09-13T00:25:26Z,ACTIVE,Splunk-ES,DR,2021-07-02
AST-003743,IT S-OT-03744,CSE-IT-08,IT Services,WORKSTATION,OT,MEDIUM,Network,NETSEC,YES,PRIVILEGE|DATABASE,2026-08-20T14:03:09Z,ACTIVE,Splunk-ES,DR,2020-01-10
AST-003744,IT S-OT-03745,CSE-IT-08,IT Services,APPLICATION,OT,HIGH,Hosting,NETSEC,YES,WEB|PRIVILEGE|DATABASE,2026-09-13T19:03:31Z,ACTIVE,Splunk-ES,STAGING,2025-03-03
AST-003745,IT S-CORPORATE-03746,CSE-IT-08,IT Services,SERVER,CORPORATE,MEDIUM,Network,IT-OPS,YES,PRIVILEGE|WEB,2026-08-16T08:50:20Z,ACTIVE,Sentinel-Bridge,STAGING,2023-02-20
AST-003746,IT S-DMZ-03747,CSE-IT-08,IT Services,SERVER,DMZ,MEDIUM,Hosting,APPSEC,YES,AUTH|ENDPOINT,2026-08-10T17:51:28Z,ACTIVE,EDR-Collector,DR,2024-12-14
AST-003747,IT S-OT-03748,CSE-IT-08,IT Services,HMI,OT,LOW,Hosting,NETSEC,YES,DATABASE|PRIVILEGE,2026-07-02T11:38:59Z,ACTIVE,Sentinel-Bridge,STAGING,2023-11-05
AST-003748,IT S-CORPORATE-03749,CSE-IT-08,IT Services,DATABASE,CORPORATE,HIGH,Hosting,IT-OPS,YES,DATABASE|EXFILTRATION|PRIVILEGE,2026-07-13T14:47:40Z,ACTIVE,Sentinel-Bridge,DR,2025-01-05
AST-003749,IT S-CORPORATE-03750,CSE-IT-08,IT Services,FIREWALL,CORPORATE,HIGH,Customer Portal,SOC,YES,ENDPOINT|DATABASE|OT,2026-09-29T13:53:57Z,ACTIVE,Sentinel-Bridge,DR,2021-05-20
AST-003750,IT S-CORPORATE-03751,CSE-IT-08,IT Services,DATABASE,CORPORATE,HIGH,Customer Portal,IT-OPS,YES,PRIVILEGE|EXFILTRATION|WEB,2026-08-20T20:20:41Z,ACTIVE,QRadar-Archive,PRODUCTION,2021-08-17
AST-003751,IT S-DC-03752,CSE-IT-08,IT Services,FIREWALL,DC,MEDIUM,Network,APPSEC,YES,DATABASE|WEB,2026-09-07T04:57:57Z,ACTIVE,EDR-Collector,STAGING,2023-10-25
AST-003752,IT S-OT-03753,CSE-IT-08,IT Services,WORKSTATION,OT,HIGH,Identity,NETSEC,YES,AUTH|EXFILTRATION|NETWORK,2026-09-12T01:41:27Z,ACTIVE,EDR-Collector,PRODUCTION,2020-02-19
AST-003753,IT S-DC-03754,CSE-IT-08,IT Services,WORKSTATION,DC,MEDIUM,Hosting,APPSEC,YES,NETWORK|PRIVILEGE,2026-07-13T11:54:39Z,ACTIVE,Splunk-ES,DR,2022-05-28
AST-003754,IT S-CORPORATE-03755,CSE-IT-08,IT Services,FIREWALL,CORPORATE,HIGH,Network,IT-OPS,YES,EXFILTRATION|ENDPOINT|DATABASE,2026-09-27T07:56:51Z,ACTIVE,Splunk-ES,DR,2023-05-24
AST-003755,IT S-CORPORATE-03756,CSE-IT-08,IT Services,SERVER,CORPORATE,HIGH,Customer Portal,NETSEC,YES,DATABASE|AUTH|WEB,2026-08-03T18:14:35Z,ACTIVE,QRadar-Archive,PRODUCTION,2020-06-06
AST-003756,IT S-DC-03757,CSE-IT-08,IT Services,SERVER,DC,MEDIUM,Identity,NETSEC,YES,NETWORK|WEB,2026-09-14T23:31:30Z,ACTIVE,Sentinel-Bridge,DR,2024-06-03
AST-003757,IT S-DMZ-03758,CSE-IT-08,IT Services,WORKSTATION,DMZ,HIGH,Network,NETSEC,YES,EXFILTRATION|PRIVILEGE|NETWORK,2026-07-16T23:32:51Z,ACTIVE,Splunk-ES,PRODUCTION,2020-10-13
AST-003758,IT S-CORPORATE-03759,CSE-IT-08,IT Services,FIREWALL,CORPORATE,LOW,Customer Portal,OT-OPS,YES,EXFILTRATION|NETWORK,2026-07-27T09:10:41Z,ACTIVE,Splunk-ES,STAGING,2024-03-15
AST-003759,IT S-DMZ-03760,CSE-IT-08,IT Services,WORKSTATION,DMZ,CRITICAL,Network,IT-OPS,YES,NETWORK|ENDPOINT|WEB,2026-08-14T02:21:26Z,ACTIVE,Splunk-ES,DR,2025-07-16
AST-003760,IT S-DC-03761,CSE-IT-08,IT Services,SERVER,DC,HIGH,Identity,NETSEC,YES,DATABASE|AUTH|ENDPOINT,2026-09-19T04:36:56Z,ACTIVE,Sentinel-Bridge,STAGING,2026-02-05
AST-003761,IT S-OT-03762,CSE-IT-08,IT Services,APPLICATION,OT,LOW,Network,APPSEC,YES,NETWORK|PRIVILEGE,2026-08-26T08:56:07Z,ACTIVE,EDR-Collector,DR,2025-06-02
AST-003762,IT S-DMZ-03763,CSE-IT-08,IT Services,APPLICATION,DMZ,MEDIUM,Identity,APPSEC,YES,DATABASE|AUTH,2026-07-13T09:33:47Z,ACTIVE,EDR-Collector,STAGING,2021-07-28
AST-003763,IT S-CORPORATE-03764,CSE-IT-08,IT Services,SERVER,CORPORATE,CRITICAL,Hosting,IT-OPS,YES,NETWORK|DATABASE|EXFILTRATION,2026-09-11T23:59:59Z,ACTIVE,Splunk-ES,STAGING,2021-03-22
AST-003764,IT S-CORPORATE-03765,CSE-IT-08,IT Services,SERVER,CORPORATE,LOW,Identity,SOC,YES,EXFILTRATION|ENDPOINT,2026-09-27T22:07:34Z,ACTIVE,Sentinel-Bridge,PRODUCTION,2021-11-26
AST-003765,IT S-CORPORATE-03766,CSE-IT-08,IT Services,FIREWALL,CORPORATE,LOW,Hosting,APPSEC,YES,PRIVILEGE|OT,2026-09-20T14:19:08Z,ACTIVE,Splunk-ES,DR,2024-11-16
AST-003766,IT S-DC-03767,CSE-IT-08,IT Services,WORKSTATION,DC,MEDIUM,Hosting,IT-OPS,YES,ENDPOINT|EXFILTRATION,2026-07-07T20:01:15Z,ACTIVE,QRadar-Archive,DR,2024-02-01
AST-003767,IT S-CORPORATE-03768,CSE-IT-08,IT Services,SERVER,CORPORATE,CRITICAL,Network,APPSEC,YES,ENDPOINT|AUTH|DATABASE,2026-09-14T02:43:06Z,ACTIVE,EDR-Collector,PRODUCTION,2022-08-07
AST-003768,IT S-DC-03769,CSE-IT-08,IT Services,WORKSTATION,DC,CRITICAL,Network,SOC,YES,AUTH|OT|WEB,2026-09-06T07:10:26Z,ACTIVE,Splunk-ES,DR,2020-12-03
AST-003769,IT S-DMZ-03770,CSE-IT-08,IT Services,FIREWALL,DMZ,HIGH,Customer Portal,NETSEC,YES,ENDPOINT|NETWORK|WEB,2026-08-01T08:04:55Z,ACTIVE,Splunk-ES,STAGING,2024-09-08
AST-003770,IT S-CORPORATE-03771,CSE-IT-08,IT Services,WORKSTATION,CORPORATE,HIGH,Network,APPSEC,YES,DATABASE|ENDPOINT|PRIVILEGE,2026-09-25T18:33:40Z,ACTIVE,QRadar-Archive,STAGING,2025-10-10
AST-003771,IT S-CORPORATE-03772,CSE-IT-08,IT Services,SERVER,CORPORATE,MEDIUM,Network,APPSEC,YES,AUTH|DATABASE,2026-09-06T18:40:01Z,ACTIVE,QRadar-Archive,STAGING,2024-04-18
AST-003772,IT S-DMZ-03773,CSE-IT-08,IT Services,WORKSTATION,DMZ,HIGH,Identity,APPSEC,YES,EXFILTRATION|ENDPOINT|AUTH,2026-08-28T15:08:18Z,MISSING,Sentinel-Bridge,DR,2024-10-29
AST-003773,IT S-DC-03774,CSE-IT-08,IT Services,WORKSTATION,DC,LOW,Hosting,APPSEC,YES,ENDPOINT|PRIVILEGE,2026-07-31T00:35:36Z,DEGRADED,QRadar-Archive,DR,2024-09-12
AST-003774,IT S-CORPORATE-03775,CSE-IT-08,IT Services,DATABASE,CORPORATE,CRITICAL,Network,SOC,YES,AUTH|WEB|NETWORK,2026-08-15T04:29:29Z,ACTIVE,Sentinel-Bridge,PRODUCTION,2023-10-02
AST-003775,IT S-CORPORATE-03776,CSE-IT-08,IT Services,WORKSTATION,CORPORATE,LOW,Identity,NETSEC,YES,AUTH|DATABASE,2026-08-07T00:25:52Z,ACTIVE,Sentinel-Bridge,DR,2020-06-16
AST-003776,IT S-CORPORATE-03777,CSE-IT-08,IT Services,SERVER,CORPORATE,HIGH,Customer Portal,OT-OPS,YES,DATABASE|AUTH|PRIVILEGE,2026-09-18T15:54:21Z,ACTIVE,Sentinel-Bridge,DR,2025-07-22
AST-003777,IT S-CORPORATE-03778,CSE-IT-08,IT Services,NETWORK_DEVICE,CORPORATE,MEDIUM,Customer Portal,APPSEC,YES,ENDPOINT|WEB,2026-09-30T05:46:53Z,ACTIVE,Splunk-ES,STAGING,2022-08-18
AST-003778,IT S-CORPORATE-03779,CSE-IT-08,IT Services,SERVER,CORPORATE,CRITICAL,Customer Portal,APPSEC,YES,PRIVILEGE|NETWORK|WEB,2026-09-08T23:59:59Z,ACTIVE,EDR-Collector,STAGING,2025-02-15
AST-003779,IT S-OT-03780,CSE-IT-08,IT Services,APPLICATION,OT,HIGH,Hosting,IT-OPS,YES,WEB|ENDPOINT|EXFILTRATION,2026-08-22T04:37:18Z,ACTIVE,Splunk-ES,DR,2025-06-23
AST-003780,IT S-DMZ-03781,CSE-IT-08,IT Services,SERVER,DMZ,LOW,Hosting,OT-OPS,YES,ENDPOINT|AUTH,2026-08-18T05:01:37Z,ACTIVE,Splunk-ES,PRODUCTION,2022-03-08
AST-003781,IT S-CORPORATE-03782,CSE-IT-08,IT Services,WORKSTATION,CORPORATE,HIGH,Network,IT-OPS,YES,OT|PRIVILEGE|EXFILTRATION,2026-07-23T16:21:04Z,ACTIVE,QRadar-Archive,PRODUCTION,2023-05-31
AST-003782,IT S-SCADA-03783,CSE-IT-08,IT Services,WORKSTATION,SCADA,MEDIUM,Identity,NETSEC,YES,DATABASE|NETWORK,2026-07-03T10:00:08Z,ACTIVE,QRadar-Archive,DR,2026-02-08
AST-003783,IT S-OT-03784,CSE-IT-08,IT Services,HMI,OT,LOW,Identity,NETSEC,YES,NETWORK|DATABASE,2026-08-10T07:52:53Z,ACTIVE,EDR-Collector,DR,2024-08-15
AST-003784,IT S-DC-03785,CSE-IT-08,IT Services,DATABASE,DC,MEDIUM,Customer Portal,NETSEC,YES,EXFILTRATION|ENDPOINT,2026-08-10T13:09:46Z,ACTIVE,EDR-Collector,PRODUCTION,2023-01-19
AST-003785,IT S-DC-03786,CSE-IT-08,IT Services,SERVER,DC,HIGH,Identity,NETSEC,YES,NETWORK|WEB|PRIVILEGE,2026-09-24T15:05:48Z,ACTIVE,QRadar-Archive,PRODUCTION,2025-08-18
AST-003786,IT S-OT-03787,CSE-IT-08,IT Services,NETWORK_DEVICE,OT,MEDIUM,Hosting,NETSEC,YES,ENDPOINT|AUTH,2026-09-16T20:07:31Z,DEGRADED,Splunk-ES,STAGING,2021-12-20
AST-003787,IT S-CORPORATE-03788,CSE-IT-08,IT Services,DATABASE,CORPORATE,MEDIUM,Hosting,OT-OPS,YES,DATABASE|WEB,2026-08-14T21:53:05Z,DEGRADED,Sentinel-Bridge,DR,2026-02-04
AST-003788,IT S-SCADA-03789,CSE-IT-08,IT Services,NETWORK_DEVICE,SCADA,CRITICAL,Identity,IT-OPS,YES,AUTH|ENDPOINT|DATABASE,2026-08-07T11:49:45Z,ACTIVE,Splunk-ES,STAGING,2022-09-27
AST-003789,IT S-OT-03790,CSE-IT-08,IT Services,SERVER,OT,LOW,Identity,OT-OPS,YES,PRIVILEGE|AUTH,2026-07-01T13:44:09Z,MISSING,Splunk-ES,PRODUCTION,2021-11-20
AST-003790,IT S-DMZ-03791,CSE-IT-08,IT Services,SERVER,DMZ,HIGH,Customer Portal,APPSEC,YES,DATABASE|OT|ENDPOINT,2026-09-07T08:26:34Z,ACTIVE,Splunk-ES,PRODUCTION,2020-05-01
AST-003791,IT S-CORPORATE-03792,CSE-IT-08,IT Services,SERVER,CORPORATE,HIGH,Network,APPSEC,YES,WEB|PRIVILEGE|ENDPOINT,2026-08-03T12:00:13Z,ACTIVE,Splunk-ES,STAGING,2023-08-07
AST-003792,IT S-CORPORATE-03793,CSE-IT-08,IT Services,WORKSTATION,CORPORATE,MEDIUM,Identity,APPSEC,YES,DATABASE|WEB,2026-09-18T05:13:09Z,ACTIVE,QRadar-Archive,PRODUCTION,2024-01-10
AST-003793,IT S-CORPORATE-03794,CSE-IT-08,IT Services,SERVER,CORPORATE,LOW,Network,IT-OPS,YES,EXFILTRATION|OT,2026-08-01T17:04:57Z,ACTIVE,EDR-Collector,PRODUCTION,2024-05-17
AST-003794,IT S-CORPORATE-03795,CSE-IT-08,IT Services,SERVER,CORPORATE,MEDIUM,Network,SOC,YES,OT|NETWORK,2026-07-23T17:23:23Z,ACTIVE,EDR-Collector,DR,2023-05-22
AST-003795,IT S-DC-03796,CSE-IT-08,IT Services,WORKSTATION,DC,MEDIUM,Customer Portal,APPSEC,YES,PRIVILEGE|ENDPOINT,2026-07-11T20:47:58Z,ACTIVE,QRadar-Archive,DR,2020-10-19
AST-003796,IT S-DC-03797,CSE-IT-08,IT Services,APPLICATION,DC,LOW,Identity,IT-OPS,YES,EXFILTRATION|AUTH,2026-07-12T17:09:07Z,ACTIVE,QRadar-Archive,PRODUCTION,2023-03-14
AST-003797,IT S-OT-03798,CSE-IT-08,IT Services,SERVER,OT,HIGH,Hosting,NETSEC,YES,OT|ENDPOINT|AUTH,2026-07-12T20:10:28Z,ACTIVE,QRadar-Archive,PRODUCTION,2025-04-28
AST-003798,IT S-DC-03799,CSE-IT-08,IT Services,FIREWALL,DC,MEDIUM,Customer Portal,APPSEC,YES,AUTH|PRIVILEGE,2026-08-20T02:41:04Z,MISSING,QRadar-Archive,DR,2024-03-22
AST-003799,IT S-DC-03800,CSE-IT-08,IT Services,FIREWALL,DC,CRITICAL,Identity,IT-OPS,YES,OT|WEB|NETWORK,2026-08-16T13:24:56Z,ACTIVE,Splunk-ES,STAGING,2021-07-02
AST-003800,IT S-OT-03801,CSE-IT-08,IT Services,HMI,OT,CRITICAL,Customer Portal,IT-OPS,YES,PRIVILEGE|DATABASE|NETWORK,2026-07-27T13:15:42Z,ACTIVE,Sentinel-Bridge,DR,2021-01-02
AST-003801,IT S-DMZ-03802,CSE-IT-08,IT Services,DATABASE,DMZ,MEDIUM,Identity,APPSEC,YES,OT|ENDPOINT,2026-07-01T08:05:48Z,ACTIVE,EDR-Collector,PRODUCTION,2025-07-05
AST-003802,IT S-DMZ-03803,CSE-IT-08,IT Services,SERVER,DMZ,MEDIUM,Hosting,APPSEC,YES,DATABASE|PRIVILEGE,2026-07-30T05:45:32Z,DEGRADED,EDR-Collector,STAGING,2021-11-22
AST-003803,IT S-DC-03804,CSE-IT-08,IT Services,APPLICATION,DC,MEDIUM,Network,NETSEC,YES,AUTH|PRIVILEGE,2026-07-02T03:48:40Z,ACTIVE,EDR-Collector,STAGING,2025-02-23
AST-003804,IT S-DMZ-03805,CSE-IT-08,IT Services,APPLICATION,DMZ,MEDIUM,Network,APPSEC,YES,DATABASE|OT,2026-08-02T20:14:08Z,ACTIVE,Sentinel-Bridge,PRODUCTION,2026-02-14
AST-003805,IT S-CORPORATE-03806,CSE-IT-08,IT Services,DATABASE,CORPORATE,CRITICAL,Identity,APPSEC,YES,DATABASE|ENDPOINT|WEB,2026-07-17T10:57:14Z,ACTIVE,QRadar-Archive,STAGING,2022-07-27
AST-003806,IT S-CORPORATE-03807,CSE-IT-08,IT Services,WORKSTATION,CORPORATE,HIGH,Identity,OT-OPS,YES,EXFILTRATION|DATABASE|OT,2026-08-03T23:48:03Z,ACTIVE,EDR-Collector,DR,2021-03-07
AST-003807,IT S-OT-03808,CSE-IT-08,IT Services,WORKSTATION,OT,HIGH,Network,NETSEC,YES,EXFILTRATION|DATABASE|ENDPOINT,2026-09-01T04:51:47Z,DEGRADED,EDR-Collector,STAGING,2025-08-08
AST-003808,IT S-DC-03809,CSE-IT-08,IT Services,DATABASE,DC,CRITICAL,Customer Portal,IT-OPS,YES,OT|DATABASE|NETWORK,2026-09-11T16:06:59Z,ACTIVE,EDR-Collector,PRODUCTION,2021-12-06
AST-003809,IT S-DC-03810,CSE-IT-08,IT Services,APPLICATION,DC,MEDIUM,Hosting,OT-OPS,YES,AUTH|WEB,2026-07-12T21:03:31Z,ACTIVE,QRadar-Archive,STAGING,2020-01-31
AST-003810,IT S-OT-03811,CSE-IT-08,IT Services,SERVER,OT,MEDIUM,Network,NETSEC,YES,WEB|AUTH,2026-07-12T19:55:45Z,ACTIVE,Splunk-ES,DR,2022-08-12
AST-003811,IT S-CORPORATE-03812,CSE-IT-08,IT Services,WORKSTATION,CORPORATE,MEDIUM,Hosting,SOC,YES,OT|DATABASE,2026-09-01T21:00:18Z,ACTIVE,Sentinel-Bridge,DR,2023-10-06
AST-003812,IT S-DC-03813,CSE-IT-08,IT Services,WORKSTATION,DC,HIGH,Identity,NETSEC,YES,AUTH|PRIVILEGE|WEB,2026-07-30T09:23:02Z,ACTIVE,EDR-Collector,PRODUCTION,2021-08-07
AST-003813,IT S-CORPORATE-03814,CSE-IT-08,IT Services,NETWORK_DEVICE,CORPORATE,LOW,Network,SOC,YES,DATABASE|ENDPOINT,2026-09-11T23:00:41Z,MISSING,Splunk-ES,PRODUCTION,2025-07-23
AST-003814,IT S-CORPORATE-03815,CSE-IT-08,IT Services,NETWORK_DEVICE,CORPORATE,LOW,Network,IT-OPS,YES,DATABASE|WEB,2026-07-17T17:00:34Z,ACTIVE,Sentinel-Bridge,DR,2023-12-03
AST-003815,IT S-DMZ-03816,CSE-IT-08,IT Services,WORKSTATION,DMZ,MEDIUM,Network,IT-OPS,YES,NETWORK|PRIVILEGE,2026-08-29T03:55:23Z,ACTIVE,QRadar-Archive,STAGING,2021-03-29
AST-003816,IT S-DC-03817,CSE-IT-08,IT Services,SERVER,DC,MEDIUM,Identity,IT-OPS,YES,DATABASE|PRIVILEGE,2026-08-01T08:27:00Z,MISSING,Splunk-ES,STAGING,2025-01-30
AST-003817,IT S-OT-03818,CSE-IT-08,IT Services,HMI,OT,MEDIUM,Network,NETSEC,YES,PRIVILEGE|EXFILTRATION,2026-07-25T01:47:47Z,ACTIVE,Splunk-ES,STAGING,2021-11-01
AST-003818,IT S-DC-03819,CSE-IT-08,IT Services,APPLICATION,DC,MEDIUM,Hosting,NETSEC,YES,EXFILTRATION|OT,2026-09-25T09:40:59Z,ACTIVE,Splunk-ES,DR,2023-11-06
AST-003819,IT S-DMZ-03820,CSE-IT-08,IT Services,DATABASE,DMZ,HIGH,Identity,IT-OPS,YES,DATABASE|WEB|OT,2026-07-11T00:50:32Z,ACTIVE,EDR-Collector,STAGING,2023-04-17
AST-003820,IT S-CORPORATE-03821,CSE-IT-08,IT Services,WORKSTATION,CORPORATE,MEDIUM,Identity,NETSEC,YES,OT|NETWORK,2026-08-03T09:48:58Z,ACTIVE,Splunk-ES,DR,2026-01-25
AST-003821,IT S-DC-03822,CSE-IT-08,IT Services,WORKSTATION,DC,CRITICAL,Identity,SOC,YES,AUTH|EXFILTRATION|PRIVILEGE,2026-08-16T08:15:58Z,ACTIVE,Sentinel-Bridge,DR,2022-06-28
AST-003822,IT S-OT-03823,CSE-IT-08,IT Services,FIREWALL,OT,LOW,Customer Portal,OT-OPS,YES,PRIVILEGE|WEB,2026-08-22T21:26:03Z,ACTIVE,Sentinel-Bridge,DR,2024-10-25
AST-003823,IT S-CORPORATE-03824,CSE-IT-08,IT Services,NETWORK_DEVICE,CORPORATE,HIGH,Identity,APPSEC,YES,NETWORK|ENDPOINT|WEB,2026-07-08T13:46:28Z,ACTIVE,EDR-Collector,DR,2024-06-12
AST-003824,IT S-DC-03825,CSE-IT-08,IT Services,WORKSTATION,DC,HIGH,Identity,APPSEC,YES,WEB|NETWORK|PRIVILEGE,2026-09-29T18:23:55Z,ACTIVE,Sentinel-Bridge,PRODUCTION,2023-06-19
AST-003825,IT S-DMZ-03826,CSE-IT-08,IT Services,NETWORK_DEVICE,DMZ,LOW,Hosting,SOC,YES,OT|NETWORK,2026-09-08T15:50:18Z,ACTIVE,EDR-Collector,DR,2023-08-15
AST-003826,IT S-CORPORATE-03827,CSE-IT-08,IT Services,WORKSTATION,CORPORATE,HIGH,Hosting,OT-OPS,YES,WEB|OT|AUTH,2026-09-22T21:46:40Z,DEGRADED,Sentinel-Bridge,DR,2024-10-27
AST-003827,IT S-DMZ-03828,CSE-IT-08,IT Services,APPLICATION,DMZ,CRITICAL,Customer Portal,OT-OPS,YES,NETWORK|ENDPOINT|WEB,2026-09-24T22:45:27Z,ACTIVE,Sentinel-Bridge,PRODUCTION,2025-12-31
AST-003828,IT S-DMZ-03829,CSE-IT-08,IT Services,WORKSTATION,DMZ,HIGH,Hosting,SOC,YES,AUTH|OT|PRIVILEGE,2026-08-23T07:18:13Z,MISSING,Splunk-ES,PRODUCTION,2024-06-26
AST-003829,IT S-CORPORATE-03830,CSE-IT-08,IT Services,WORKSTATION,CORPORATE,CRITICAL,Hosting,APPSEC,YES,PRIVILEGE|OT|DATABASE,2026-08-11T05:15:43Z,ACTIVE,QRadar-Archive,DR,2021-10-29
AST-003830,IT S-SCADA-03831,CSE-IT-08,IT Services,APPLICATION,SCADA,MEDIUM,Hosting,APPSEC,YES,AUTH|OT,2026-07-05T20:59:06Z,ACTIVE,QRadar-Archive,PRODUCTION,2025-11-13
AST-003831,IT S-SCADA-03832,CSE-IT-08,IT Services,APPLICATION,SCADA,MEDIUM,Network,APPSEC,YES,EXFILTRATION|WEB,2026-07-21T00:13:34Z,ACTIVE,Sentinel-Bridge,DR,2023-06-15
AST-003832,IT S-DC-03833,CSE-IT-08,IT Services,WORKSTATION,DC,HIGH,Network,IT-OPS,YES,EXFILTRATION|OT|WEB,2026-08-11T06:30:18Z,ACTIVE,QRadar-Archive,STAGING,2025-08-09
AST-003833,IT S-DMZ-03834,CSE-IT-08,IT Services,SERVER,DMZ,HIGH,Customer Portal,SOC,YES,AUTH|DATABASE|ENDPOINT,2026-09-25T09:48:47Z,ACTIVE,Splunk-ES,PRODUCTION,2022-10-01
AST-003834,IT S-DMZ-03835,CSE-IT-08,IT Services,FIREWALL,DMZ,HIGH,Identity,OT-OPS,YES,ENDPOINT|OT|DATABASE,2026-09-10T00:11:49Z,ACTIVE,EDR-Collector,STAGING,2024-11-24
AST-003835,IT S-DC-03836,CSE-IT-08,IT Services,NETWORK_DEVICE,DC,HIGH,Network,SOC,YES,AUTH|WEB|DATABASE,2026-09-15T05:27:24Z,ACTIVE,Sentinel-Bridge,DR,2026-01-25
AST-003836,IT S-DC-03837,CSE-IT-08,IT Services,APPLICATION,DC,HIGH,Network,SOC,YES,WEB|OT|EXFILTRATION,2026-08-14T15:27:16Z,MISSING,EDR-Collector,STAGING,2023-11-10
AST-003837,IT S-CORPORATE-03838,CSE-IT-08,IT Services,WORKSTATION,CORPORATE,MEDIUM,Identity,APPSEC,YES,AUTH|EXFILTRATION,2026-08-14T14:48:25Z,DEGRADED,Splunk-ES,STAGING,2023-08-23
AST-003838,IT S-DMZ-03839,CSE-IT-08,IT Services,APPLICATION,DMZ,LOW,Network,NETSEC,YES,PRIVILEGE|DATABASE,2026-08-17T09:26:54Z,ACTIVE,QRadar-Archive,STAGING,2021-09-04
AST-003839,IT S-CORPORATE-03840,CSE-IT-08,IT Services,SERVER,CORPORATE,HIGH,Network,IT-OPS,YES,EXFILTRATION|NETWORK|OT,2026-07-28T10:11:41Z,ACTIVE,Splunk-ES,DR,2021-11-07
AST-003840,IT S-DC-03841,CSE-IT-08,IT Services,NETWORK_DEVICE,DC,MEDIUM,Hosting,APPSEC,YES,PRIVILEGE|EXFILTRATION,2026-07-29T07:51:22Z,ACTIVE,QRadar-Archive,STAGING,2020-12-31
AST-003841,IT S-DC-03842,CSE-IT-08,IT Services,APPLICATION,DC,MEDIUM,Hosting,SOC,YES,PRIVILEGE|ENDPOINT,2026-09-28T08:28:51Z,ACTIVE,QRadar-Archive,PRODUCTION,2024-04-01
AST-003842,IT S-DMZ-03843,CSE-IT-08,IT Services,APPLICATION,DMZ,MEDIUM,Customer Portal,IT-OPS,YES,EXFILTRATION|OT,2026-08-20T09:52:54Z,ACTIVE,Sentinel-Bridge,STAGING,2025-07-28
AST-003843,IT S-DC-03844,CSE-IT-08,IT Services,APPLICATION,DC,CRITICAL,Network,IT-OPS,YES,OT|EXFILTRATION|AUTH,2026-08-18T13:21:24Z,ACTIVE,Splunk-ES,STAGING,2024-11-04
AST-003844,IT S-CORPORATE-03845,CSE-IT-08,IT Services,APPLICATION,CORPORATE,MEDIUM,Identity,SOC,YES,NETWORK|ENDPOINT,2026-07-15T14:24:21Z,ACTIVE,QRadar-Archive,PRODUCTION,2020-12-10
AST-003845,IT S-CORPORATE-03846,CSE-IT-08,IT Services,WORKSTATION,CORPORATE,MEDIUM,Hosting,NETSEC,YES,EXFILTRATION|DATABASE,2026-08-31T03:31:42Z,ACTIVE,Sentinel-Bridge,PRODUCTION,2021-08-08
AST-003846,IT S-DMZ-03847,CSE-IT-08,IT Services,APPLICATION,DMZ,HIGH,Hosting,APPSEC,YES,WEB|OT|EXFILTRATION,2026-07-13T09:42:02Z,ACTIVE,Sentinel-Bridge,PRODUCTION,2022-01-31
AST-003847,IT S-CORPORATE-03848,CSE-IT-08,IT Services,WORKSTATION,CORPORATE,CRITICAL,Hosting,IT-OPS,YES,NETWORK|AUTH|DATABASE,2026-07-08T14:47:57Z,ACTIVE,Sentinel-Bridge,DR,2022-05-09
AST-003848,IT S-DC-03849,CSE-IT-08,IT Services,SERVER,DC,HIGH,Identity,OT-OPS,YES,ENDPOINT|EXFILTRATION|PRIVILEGE,2026-09-07T21:42:28Z,ACTIVE,Splunk-ES,PRODUCTION,2023-11-23
AST-003849,IT S-CORPORATE-03850,CSE-IT-08,IT Services,WORKSTATION,CORPORATE,HIGH,Network,NETSEC,YES,DATABASE|EXFILTRATION|PRIVILEGE,2026-08-28T20:50:34Z,ACTIVE,QRadar-Archive,DR,2025-07-17
AST-003850,IT S-DMZ-03851,CSE-IT-08,IT Services,FIREWALL,DMZ,MEDIUM,Hosting,IT-OPS,YES,PRIVILEGE|WEB,2026-08-03T04:49:29Z,ACTIVE,EDR-Collector,PRODUCTION,2022-12-23
AST-003851,IT S-SCADA-03852,CSE-IT-08,IT Services,DATABASE,SCADA,LOW,Hosting,OT-OPS,YES,NETWORK|AUTH,2026-08-30T04:48:43Z,ACTIVE,EDR-Collector,STAGING,2024-03-08
AST-003852,IT S-SCADA-03853,CSE-IT-08,IT Services,WORKSTATION,SCADA,MEDIUM,Customer Portal,SOC,YES,ENDPOINT|WEB,2026-07-02T11:16:53Z,ACTIVE,EDR-Collector,PRODUCTION,2024-08-20
AST-003853,IT S-CORPORATE-03854,CSE-IT-08,IT Services,SERVER,CORPORATE,MEDIUM,Customer Portal,IT-OPS,YES,AUTH|DATABASE,2026-09-07T21:40:37Z,ACTIVE,QRadar-Archive,STAGING,2022-08-14
AST-003854,IT S-OT-03855,CSE-IT-08,IT Services,HMI,OT,MEDIUM,Identity,NETSEC,YES,PRIVILEGE|NETWORK,2026-08-02T08:55:03Z,ACTIVE,QRadar-Archive,STAGING,2023-03-30
AST-003855,IT S-DC-03856,CSE-IT-08,IT Services,WORKSTATION,DC,HIGH,Customer Portal,OT-OPS,YES,WEB|ENDPOINT|AUTH,2026-07-07T15:37:04Z,ACTIVE,Splunk-ES,PRODUCTION,2025-02-07
AST-003856,IT S-CORPORATE-03857,CSE-IT-08,IT Services,SERVER,CORPORATE,LOW,Identity,NETSEC,YES,ENDPOINT|WEB,2026-09-13T13:07:51Z,ACTIVE,EDR-Collector,PRODUCTION,2021-03-15
AST-003857,IT S-CORPORATE-03858,CSE-IT-08,IT Services,SERVER,CORPORATE,MEDIUM,Hosting,OT-OPS,YES,NETWORK|PRIVILEGE,2026-08-15T03:06:20Z,MISSING,Sentinel-Bridge,STAGING,2022-03-02
AST-003858,IT S-DMZ-03859,CSE-IT-08,IT Services,APPLICATION,DMZ,CRITICAL,Identity,OT-OPS,YES,NETWORK|ENDPOINT|AUTH,2026-09-07T09:27:29Z,ACTIVE,QRadar-Archive,STAGING,2023-02-09
AST-003859,IT S-DC-03860,CSE-IT-08,IT Services,SERVER,DC,LOW,Customer Portal,SOC,YES,OT|PRIVILEGE,2026-08-30T19:33:35Z,ACTIVE,Splunk-ES,DR,2020-11-11
AST-003860,IT S-DC-03861,CSE-IT-08,IT Services,WORKSTATION,DC,MEDIUM,Hosting,NETSEC,YES,PRIVILEGE|NETWORK,2026-07-16T06:42:43Z,ACTIVE,EDR-Collector,STAGING,2023-02-17
AST-003861,IT S-CORPORATE-03862,CSE-IT-08,IT Services,APPLICATION,CORPORATE,MEDIUM,Identity,IT-OPS,YES,ENDPOINT|OT,2026-07-08T01:47:31Z,ACTIVE,QRadar-Archive,STAGING,2021-12-21
AST-003862,IT S-SCADA-03863,CSE-IT-08,IT Services,WORKSTATION,SCADA,CRITICAL,Hosting,SOC,YES,PRIVILEGE|NETWORK|EXFILTRATION,2026-07-24T03:14:33Z,ACTIVE,EDR-Collector,STAGING,2022-12-06
AST-003863,IT S-DC-03864,CSE-IT-08,IT Services,DATABASE,DC,HIGH,Customer Portal,SOC,YES,AUTH|PRIVILEGE|WEB,2026-07-14T01:09:06Z,MISSING,Sentinel-Bridge,DR,2025-06-09
AST-003864,IT S-CORPORATE-03865,CSE-IT-08,IT Services,WORKSTATION,CORPORATE,MEDIUM,Customer Portal,OT-OPS,YES,PRIVILEGE|ENDPOINT,2026-09-11T11:25:33Z,DEGRADED,QRadar-Archive,PRODUCTION,2024-09-03
AST-003865,IT S-DC-03866,CSE-IT-08,IT Services,DATABASE,DC,LOW,Customer Portal,IT-OPS,YES,DATABASE|NETWORK,2026-07-22T17:21:08Z,ACTIVE,QRadar-Archive,DR,2025-01-29
AST-003866,IT S-OT-03867,CSE-IT-08,IT Services,PLC,OT,HIGH,Hosting,APPSEC,YES,PRIVILEGE|WEB|ENDPOINT,2026-09-19T02:28:41Z,ACTIVE,QRadar-Archive,PRODUCTION,2022-03-22
AST-003867,IT S-CORPORATE-03868,CSE-IT-08,IT Services,SERVER,CORPORATE,HIGH,Hosting,OT-OPS,YES,AUTH|PRIVILEGE|NETWORK,2026-09-02T16:34:57Z,ACTIVE,EDR-Collector,PRODUCTION,2025-06-07
AST-003868,IT S-DMZ-03869,CSE-IT-08,IT Services,WORKSTATION,DMZ,MEDIUM,Identity,IT-OPS,YES,NETWORK|PRIVILEGE,2026-08-22T15:31:51Z,MISSING,EDR-Collector,PRODUCTION,2023-07-21
AST-003869,IT S-DC-03870,CSE-IT-08,IT Services,SERVER,DC,MEDIUM,Customer Portal,SOC,YES,PRIVILEGE|EXFILTRATION,2026-09-21T11:10:40Z,ACTIVE,Splunk-ES,PRODUCTION,2024-11-03
AST-003870,IT S-DMZ-03871,CSE-IT-08,IT Services,WORKSTATION,DMZ,MEDIUM,Hosting,APPSEC,YES,DATABASE|PRIVILEGE,2026-08-28T15:41:13Z,ACTIVE,EDR-Collector,DR,2020-02-22
AST-003871,IT S-OT-03872,CSE-IT-08,IT Services,SERVER,OT,MEDIUM,Network,SOC,YES,EXFILTRATION|OT,2026-08-30T14:30:51Z,ACTIVE,QRadar-Archive,STAGING,2024-10-18
AST-003872,IT S-DC-03873,CSE-IT-08,IT Services,APPLICATION,DC,CRITICAL,Customer Portal,SOC,YES,DATABASE|WEB|ENDPOINT,2026-07-29T22:11:21Z,ACTIVE,QRadar-Archive,DR,2020-07-17
AST-003873,IT S-OT-03874,CSE-IT-08,IT Services,PLC,OT,HIGH,Identity,SOC,YES,ENDPOINT|NETWORK|WEB,2026-08-30T17:09:14Z,ACTIVE,EDR-Collector,STAGING,2024-10-03
AST-003874,IT S-SCADA-03875,CSE-IT-08,IT Services,APPLICATION,SCADA,CRITICAL,Identity,OT-OPS,YES,ENDPOINT|NETWORK|PRIVILEGE,2026-09-02T13:55:42Z,ACTIVE,QRadar-Archive,PRODUCTION,2025-01-11
AST-003875,IT S-SCADA-03876,CSE-IT-08,IT Services,DATABASE,SCADA,MEDIUM,Customer Portal,SOC,YES,EXFILTRATION|NETWORK,2026-09-26T04:51:42Z,ACTIVE,Splunk-ES,PRODUCTION,2024-10-17
AST-003876,IT S-OT-03877,CSE-IT-08,IT Services,DATABASE,OT,CRITICAL,Customer Portal,IT-OPS,YES,EXFILTRATION|ENDPOINT|AUTH,2026-07-04T03:58:46Z,ACTIVE,EDR-Collector,DR,2021-04-30
AST-003877,IT S-CORPORATE-03878,CSE-IT-08,IT Services,WORKSTATION,CORPORATE,MEDIUM,Customer Portal,IT-OPS,YES,EXFILTRATION|AUTH,2026-08-09T22:58:26Z,ACTIVE,Sentinel-Bridge,DR,2020-06-28
AST-003878,IT S-CORPORATE-03879,CSE-IT-08,IT Services,WORKSTATION,CORPORATE,MEDIUM,Identity,APPSEC,YES,DATABASE|WEB,2026-07-27T00:45:26Z,ACTIVE,Splunk-ES,DR,2023-04-30
AST-003879,IT S-DC-03880,CSE-IT-08,IT Services,SERVER,DC,MEDIUM,Network,OT-OPS,YES,DATABASE|OT,2026-09-07T01:52:51Z,ACTIVE,Splunk-ES,STAGING,2020-01-23
AST-003880,IT S-CORPORATE-03881,CSE-IT-08,IT Services,APPLICATION,CORPORATE,CRITICAL,Identity,OT-OPS,YES,NETWORK|ENDPOINT|AUTH,2026-07-18T19:40:09Z,ACTIVE,QRadar-Archive,DR,2025-04-08
AST-003881,IT S-SCADA-03882,CSE-IT-08,IT Services,FIREWALL,SCADA,MEDIUM,Hosting,NETSEC,YES,EXFILTRATION|WEB,2026-07-31T18:36:56Z,ACTIVE,EDR-Collector,DR,2024-06-09
AST-003882,IT S-CORPORATE-03883,CSE-IT-08,IT Services,DATABASE,CORPORATE,HIGH,Hosting,IT-OPS,YES,DATABASE|NETWORK|EXFILTRATION,2026-07-05T06:46:23Z,ACTIVE,EDR-Collector,PRODUCTION,2023-01-10
AST-003883,IT S-CORPORATE-03884,CSE-IT-08,IT Services,DATABASE,CORPORATE,MEDIUM,Hosting,OT-OPS,YES,EXFILTRATION|AUTH,2026-09-27T21:28:53Z,ACTIVE,Splunk-ES,DR,2019-12-17
AST-003884,IT S-DMZ-03885,CSE-IT-08,IT Services,DATABASE,DMZ,CRITICAL,Customer Portal,SOC,YES,OT|NETWORK|AUTH,2026-07-30T04:14:27Z,ACTIVE,QRadar-Archive,PRODUCTION,2023-11-24
AST-003885,IT S-CORPORATE-03886,CSE-IT-08,IT Services,SERVER,CORPORATE,HIGH,Network,APPSEC,YES,NETWORK|DATABASE|OT,2026-09-29T05:32:40Z,ACTIVE,EDR-Collector,DR,2024-04-10
AST-003886,IT S-SCADA-03887,CSE-IT-08,IT Services,APPLICATION,SCADA,CRITICAL,Hosting,APPSEC,YES,EXFILTRATION|PRIVILEGE|AUTH,2026-08-22T09:35:07Z,ACTIVE,Splunk-ES,PRODUCTION,2025-10-19
AST-003887,IT S-CORPORATE-03888,CSE-IT-08,IT Services,FIREWALL,CORPORATE,MEDIUM,Hosting,OT-OPS,YES,DATABASE|NETWORK,2026-07-02T17:58:17Z,ACTIVE,EDR-Collector,STAGING,2022-04-18
AST-003888,IT S-OT-03889,CSE-IT-08,IT Services,APPLICATION,OT,HIGH,Network,IT-OPS,YES,ENDPOINT|OT|DATABASE,2026-09-20T18:35:29Z,ACTIVE,Sentinel-Bridge,PRODUCTION,2024-10-16
AST-003889,IT S-CORPORATE-03890,CSE-IT-08,IT Services,SERVER,CORPORATE,MEDIUM,Hosting,SOC,YES,NETWORK|DATABASE,2026-07-26T11:38:52Z,ACTIVE,Sentinel-Bridge,DR,2022-07-14
AST-003890,IT S-DC-03891,CSE-IT-08,IT Services,APPLICATION,DC,CRITICAL,Network,SOC,YES,WEB|PRIVILEGE|EXFILTRATION,2026-08-23T15:52:37Z,ACTIVE,Sentinel-Bridge,STAGING,2023-01-20
AST-003891,IT S-OT-03892,CSE-IT-08,IT Services,NETWORK_DEVICE,OT,MEDIUM,Hosting,IT-OPS,YES,WEB|EXFILTRATION,2026-09-29T01:34:19Z,ACTIVE,Splunk-ES,PRODUCTION,2021-04-08
AST-003892,IT S-DC-03893,CSE-IT-08,IT Services,SERVER,DC,HIGH,Hosting,OT-OPS,YES,WEB|OT|PRIVILEGE,2026-09-19T22:34:47Z,DEGRADED,Sentinel-Bridge,STAGING,2024-11-21
AST-003893,IT S-OT-03894,CSE-IT-08,IT Services,HMI,OT,MEDIUM,Hosting,NETSEC,YES,NETWORK|PRIVILEGE,2026-09-22T07:49:37Z,DEGRADED,QRadar-Archive,PRODUCTION,2023-05-19
AST-003894,IT S-CORPORATE-03895,CSE-IT-08,IT Services,NETWORK_DEVICE,CORPORATE,MEDIUM,Hosting,OT-OPS,YES,EXFILTRATION|WEB,2026-07-02T08:40:31Z,DEGRADED,QRadar-Archive,STAGING,2022-06-03
AST-003895,IT S-DMZ-03896,CSE-IT-08,IT Services,SERVER,DMZ,CRITICAL,Identity,IT-OPS,YES,WEB|EXFILTRATION|DATABASE,2026-08-05T05:06:44Z,DEGRADED,EDR-Collector,DR,2023-03-22
AST-003896,IT S-DMZ-03897,CSE-IT-08,IT Services,SERVER,DMZ,LOW,Hosting,OT-OPS,YES,EXFILTRATION|AUTH,2026-07-25T06:02:42Z,ACTIVE,Sentinel-Bridge,STAGING,2023-02-21
AST-003897,IT S-CORPORATE-03898,CSE-IT-08,IT Services,FIREWALL,CORPORATE,HIGH,Hosting,NETSEC,YES,WEB|DATABASE|AUTH,2026-07-16T23:32:54Z,ACTIVE,Sentinel-Bridge,PRODUCTION,2023-06-28
AST-003898,IT S-DC-03899,CSE-IT-08,IT Services,WORKSTATION,DC,LOW,Network,NETSEC,YES,EXFILTRATION|NETWORK,2026-07-03T07:33:10Z,ACTIVE,EDR-Collector,DR,2020-05-20
AST-003899,IT S-CORPORATE-03900,CSE-IT-08,IT Services,FIREWALL,CORPORATE,MEDIUM,Customer Portal,IT-OPS,YES,DATABASE|OT,2026-08-10T14:03:06Z,ACTIVE,Splunk-ES,STAGING,2025-03-12
AST-003900,IT S-SCADA-03901,CSE-IT-08,IT Services,APPLICATION,SCADA,HIGH,Identity,OT-OPS,YES,DATABASE|OT|NETWORK,2026-08-07T14:07:37Z,ACTIVE,EDR-Collector,PRODUCTION,2021-04-14
AST-003901,IT S-DMZ-03902,CSE-IT-08,IT Services,SERVER,DMZ,LOW,Network,APPSEC,YES,DATABASE|WEB,2026-09-15T10:37:52Z,ACTIVE,Splunk-ES,PRODUCTION,2023-09-08
AST-003902,IT S-DMZ-03903,CSE-IT-08,IT Services,NETWORK_DEVICE,DMZ,CRITICAL,Hosting,SOC,YES,PRIVILEGE|EXFILTRATION|NETWORK,2026-09-28T13:44:54Z,ACTIVE,QRadar-Archive,STAGING,2024-07-11
AST-003903,IT S-CORPORATE-03904,CSE-IT-08,IT Services,FIREWALL,CORPORATE,MEDIUM,Network,OT-OPS,YES,OT|ENDPOINT,2026-07-20T08:10:41Z,ACTIVE,Sentinel-Bridge,PRODUCTION,2025-10-27
AST-003904,IT S-CORPORATE-03905,CSE-IT-08,IT Services,WORKSTATION,CORPORATE,LOW,Identity,SOC,YES,ENDPOINT|EXFILTRATION,2026-07-21T19:00:32Z,ACTIVE,QRadar-Archive,DR,2025-02-07
AST-003905,IT S-DC-03906,CSE-IT-08,IT Services,DATABASE,DC,HIGH,Identity,SOC,YES,ENDPOINT|PRIVILEGE|DATABASE,2026-08-19T15:31:22Z,ACTIVE,EDR-Collector,PRODUCTION,2025-09-06
AST-003906,IT S-SCADA-03907,CSE-IT-08,IT Services,WORKSTATION,SCADA,HIGH,Network,NETSEC,YES,PRIVILEGE|NETWORK|OT,2026-09-24T07:43:46Z,ACTIVE,QRadar-Archive,DR,2020-04-17
AST-003907,IT S-OT-03908,CSE-IT-08,IT Services,WORKSTATION,OT,HIGH,Network,IT-OPS,YES,OT|ENDPOINT|PRIVILEGE,2026-08-26T01:03:09Z,ACTIVE,EDR-Collector,DR,2024-12-11
AST-003908,IT S-DC-03909,CSE-IT-08,IT Services,WORKSTATION,DC,CRITICAL,Customer Portal,OT-OPS,YES,WEB|ENDPOINT|OT,2026-09-21T06:16:53Z,ACTIVE,Sentinel-Bridge,DR,2022-02-01
AST-003909,IT S-DMZ-03910,CSE-IT-08,IT Services,NETWORK_DEVICE,DMZ,MEDIUM,Customer Portal,APPSEC,YES,PRIVILEGE|EXFILTRATION,2026-07-30T20:56:26Z,DEGRADED,Sentinel-Bridge,DR,2022-03-31
AST-003910,IT S-CORPORATE-03911,CSE-IT-08,IT Services,APPLICATION,CORPORATE,MEDIUM,Customer Portal,APPSEC,YES,EXFILTRATION|OT,2026-09-02T01:03:53Z,ACTIVE,EDR-Collector,DR,2020-07-05
AST-003911,IT S-OT-03912,CSE-IT-08,IT Services,HMI,OT,LOW,Customer Portal,SOC,YES,DATABASE|EXFILTRATION,2026-07-04T10:42:52Z,ACTIVE,QRadar-Archive,PRODUCTION,2022-10-07
AST-003912,IT S-CORPORATE-03913,CSE-IT-08,IT Services,NETWORK_DEVICE,CORPORATE,HIGH,Customer Portal,OT-OPS,YES,EXFILTRATION|DATABASE|PRIVILEGE,2026-07-07T10:07:44Z,ACTIVE,Sentinel-Bridge,PRODUCTION,2023-04-13
AST-003913,IT S-CORPORATE-03914,CSE-IT-08,IT Services,DATABASE,CORPORATE,HIGH,Customer Portal,IT-OPS,YES,NETWORK|AUTH|EXFILTRATION,2026-08-26T20:09:13Z,ACTIVE,Splunk-ES,STAGING,2022-09-16
AST-003914,IT S-SCADA-03915,CSE-IT-08,IT Services,WORKSTATION,SCADA,MEDIUM,Hosting,OT-OPS,YES,EXFILTRATION|OT,2026-08-03T19:00:11Z,ACTIVE,QRadar-Archive,STAGING,2025-12-22
AST-003915,IT S-DMZ-03916,CSE-IT-08,IT Services,DATABASE,DMZ,LOW,Identity,SOC,YES,ENDPOINT|OT,2026-07-20T04:26:03Z,ACTIVE,Splunk-ES,STAGING,2020-02-26
AST-003916,IT S-CORPORATE-03917,CSE-IT-08,IT Services,SERVER,CORPORATE,HIGH,Identity,IT-OPS,YES,AUTH|DATABASE|WEB,2026-08-30T10:47:57Z,ACTIVE,EDR-Collector,STAGING,2021-07-12
AST-003917,IT S-OT-03918,CSE-IT-08,IT Services,WORKSTATION,OT,MEDIUM,Hosting,NETSEC,YES,PRIVILEGE|DATABASE,2026-07-25T19:27:52Z,ACTIVE,QRadar-Archive,PRODUCTION,2022-01-18
AST-003918,IT S-CORPORATE-03919,CSE-IT-08,IT Services,WORKSTATION,CORPORATE,HIGH,Identity,IT-OPS,YES,WEB|NETWORK|OT,2026-09-07T04:06:55Z,ACTIVE,Sentinel-Bridge,PRODUCTION,2020-03-28
AST-003919,IT S-CORPORATE-03920,CSE-IT-08,IT Services,DATABASE,CORPORATE,HIGH,Customer Portal,OT-OPS,YES,ENDPOINT|OT|DATABASE,2026-08-30T03:01:40Z,ACTIVE,EDR-Collector,DR,2020-12-13
AST-003920,IT S-CORPORATE-03921,CSE-IT-08,IT Services,APPLICATION,CORPORATE,CRITICAL,Customer Portal,NETSEC,YES,OT|WEB|NETWORK,2026-07-24T17:04:15Z,ACTIVE,Splunk-ES,STAGING,2025-11-05
AST-003921,IT S-OT-03922,CSE-IT-08,IT Services,PLC,OT,LOW,Customer Portal,NETSEC,YES,PRIVILEGE|WEB,2026-09-07T02:29:56Z,ACTIVE,Sentinel-Bridge,DR,2023-09-13
AST-003922,IT S-SCADA-03923,CSE-IT-08,IT Services,APPLICATION,SCADA,HIGH,Hosting,SOC,YES,ENDPOINT|OT|DATABASE,2026-09-15T16:17:30Z,ACTIVE,Sentinel-Bridge,PRODUCTION,2020-08-15
AST-003923,IT S-CORPORATE-03924,CSE-IT-08,IT Services,APPLICATION,CORPORATE,LOW,Hosting,NETSEC,YES,ENDPOINT|WEB,2026-07-20T18:47:14Z,ACTIVE,Sentinel-Bridge,PRODUCTION,2023-10-26
AST-003924,IT S-CORPORATE-03925,CSE-IT-08,IT Services,WORKSTATION,CORPORATE,LOW,Identity,NETSEC,YES,ENDPOINT|DATABASE,2026-08-04T13:21:03Z,DEGRADED,Splunk-ES,DR,2020-11-06
AST-003925,IT S-CORPORATE-03926,CSE-IT-08,IT Services,WORKSTATION,CORPORATE,MEDIUM,Network,OT-OPS,YES,PRIVILEGE|EXFILTRATION,2026-08-28T02:05:31Z,ACTIVE,Splunk-ES,PRODUCTION,2020-03-01
AST-003926,IT S-DC-03927,CSE-IT-08,IT Services,WORKSTATION,DC,MEDIUM,Customer Portal,SOC,YES,AUTH|WEB,2026-07-21T23:49:11Z,ACTIVE,EDR-Collector,PRODUCTION,2022-12-12
AST-003927,IT S-DMZ-03928,CSE-IT-08,IT Services,NETWORK_DEVICE,DMZ,HIGH,Network,APPSEC,YES,ENDPOINT|AUTH|PRIVILEGE,2026-08-04T00:36:37Z,ACTIVE,QRadar-Archive,DR,2020-04-16
AST-003928,IT S-CORPORATE-03929,CSE-IT-08,IT Services,NETWORK_DEVICE,CORPORATE,LOW,Identity,SOC,YES,WEB|PRIVILEGE,2026-07-14T20:13:21Z,ACTIVE,QRadar-Archive,DR,2023-02-08
AST-003929,IT S-CORPORATE-03930,CSE-IT-08,IT Services,WORKSTATION,CORPORATE,CRITICAL,Customer Portal,SOC,YES,AUTH|ENDPOINT|EXFILTRATION,2026-09-18T23:59:59Z,ACTIVE,Sentinel-Bridge,STAGING,2019-12-17
AST-003930,IT S-DC-03931,CSE-IT-08,IT Services,SERVER,DC,CRITICAL,Hosting,IT-OPS,YES,NETWORK|ENDPOINT|AUTH,2026-09-07T20:32:36Z,DEGRADED,EDR-Collector,DR,2024-09-22
AST-003931,IT S-CORPORATE-03932,CSE-IT-08,IT Services,APPLICATION,CORPORATE,CRITICAL,Customer Portal,SOC,YES,NETWORK|WEB|DATABASE,2026-09-08T00:37:25Z,ACTIVE,QRadar-Archive,STAGING,2021-03-03
AST-003932,IT S-CORPORATE-03933,CSE-IT-08,IT Services,WORKSTATION,CORPORATE,LOW,Identity,IT-OPS,YES,ENDPOINT|DATABASE,2026-09-11T13:55:49Z,ACTIVE,Splunk-ES,STAGING,2024-06-15
AST-003933,IT S-DC-03934,CSE-IT-08,IT Services,WORKSTATION,DC,LOW,Hosting,IT-OPS,YES,NETWORK|OT,2026-09-10T11:37:03Z,ACTIVE,EDR-Collector,PRODUCTION,2020-09-26
AST-003934,IT S-OT-03935,CSE-IT-08,IT Services,HMI,OT,MEDIUM,Hosting,SOC,YES,EXFILTRATION|PRIVILEGE,2026-07-31T05:36:12Z,ACTIVE,Splunk-ES,PRODUCTION,2023-01-05
AST-003935,IT S-DC-03936,CSE-IT-08,IT Services,WORKSTATION,DC,MEDIUM,Identity,SOC,YES,EXFILTRATION|OT,2026-07-04T15:03:20Z,MISSING,EDR-Collector,PRODUCTION,2022-01-30
AST-003936,IT S-DMZ-03937,CSE-IT-08,IT Services,DATABASE,DMZ,HIGH,Network,SOC,YES,DATABASE|ENDPOINT|OT,2026-09-06T03:37:01Z,ACTIVE,EDR-Collector,STAGING,2025-11-25
AST-003937,IT S-DC-03938,CSE-IT-08,IT Services,WORKSTATION,DC,HIGH,Customer Portal,APPSEC,YES,WEB|NETWORK|DATABASE,2026-09-17T01:43:38Z,ACTIVE,Sentinel-Bridge,STAGING,2022-03-23
AST-003938,IT S-CORPORATE-03939,CSE-IT-08,IT Services,DATABASE,CORPORATE,HIGH,Hosting,SOC,YES,OT|EXFILTRATION|NETWORK,2026-08-22T00:50:04Z,DEGRADED,EDR-Collector,PRODUCTION,2022-08-12
AST-003939,IT S-CORPORATE-03940,CSE-IT-08,IT Services,WORKSTATION,CORPORATE,HIGH,Network,APPSEC,YES,AUTH|WEB|NETWORK,2026-07-18T12:46:54Z,ACTIVE,Splunk-ES,DR,2021-07-04
AST-003940,IT S-OT-03941,CSE-IT-08,IT Services,SERVER,OT,HIGH,Hosting,IT-OPS,YES,EXFILTRATION|NETWORK|PRIVILEGE,2026-08-22T19:12:25Z,ACTIVE,EDR-Collector,STAGING,2020-07-18
AST-003941,IT S-CORPORATE-03942,CSE-IT-08,IT Services,SERVER,CORPORATE,LOW,Customer Portal,NETSEC,YES,WEB|NETWORK,2026-08-13T23:27:31Z,ACTIVE,QRadar-Archive,DR,2024-09-28
AST-003942,IT S-OT-03943,CSE-IT-08,IT Services,APPLICATION,OT,MEDIUM,Network,IT-OPS,YES,WEB|AUTH,2026-08-05T13:20:01Z,ACTIVE,QRadar-Archive,STAGING,2024-02-29
AST-003943,IT S-CORPORATE-03944,CSE-IT-08,IT Services,SERVER,CORPORATE,MEDIUM,Customer Portal,OT-OPS,YES,AUTH|WEB,2026-09-17T02:05:53Z,ACTIVE,QRadar-Archive,STAGING,2022-07-22
AST-003944,IT S-OT-03945,CSE-IT-08,IT Services,DATABASE,OT,LOW,Network,OT-OPS,YES,PRIVILEGE|WEB,2026-09-05T18:24:46Z,ACTIVE,EDR-Collector,PRODUCTION,2025-09-21
AST-003945,IT S-CORPORATE-03946,CSE-IT-08,IT Services,APPLICATION,CORPORATE,LOW,Hosting,IT-OPS,YES,NETWORK|DATABASE,2026-09-26T00:57:14Z,ACTIVE,QRadar-Archive,STAGING,2022-12-20
AST-003946,IT S-OT-03947,CSE-IT-08,IT Services,NETWORK_DEVICE,OT,HIGH,Customer Portal,NETSEC,YES,PRIVILEGE|AUTH|OT,2026-08-29T05:43:44Z,ACTIVE,QRadar-Archive,PRODUCTION,2022-01-17
AST-003947,IT S-DMZ-03948,CSE-IT-08,IT Services,SERVER,DMZ,HIGH,Customer Portal,APPSEC,YES,NETWORK|PRIVILEGE|DATABASE,2026-07-20T17:00:53Z,ACTIVE,QRadar-Archive,STAGING,2020-04-10
AST-003948,IT S-OT-03949,CSE-IT-08,IT Services,HMI,OT,LOW,Hosting,OT-OPS,YES,WEB|OT,2026-07-12T18:40:17Z,DEGRADED,Splunk-ES,PRODUCTION,2021-04-06
AST-003949,IT S-CORPORATE-03950,CSE-IT-08,IT Services,SERVER,CORPORATE,MEDIUM,Hosting,OT-OPS,YES,PRIVILEGE|AUTH,2026-09-28T08:39:54Z,ACTIVE,Splunk-ES,PRODUCTION,2024-03-07
AST-003950,IT S-CORPORATE-03951,CSE-IT-08,IT Services,NETWORK_DEVICE,CORPORATE,HIGH,Customer Portal,OT-OPS,YES,DATABASE|OT|WEB,2026-07-01T23:39:31Z,ACTIVE,Splunk-ES,DR,2025-09-16
AST-003951,IT S-SCADA-03952,CSE-IT-08,IT Services,WORKSTATION,SCADA,HIGH,Network,OT-OPS,YES,AUTH|PRIVILEGE|EXFILTRATION,2026-08-01T06:55:10Z,ACTIVE,Splunk-ES,DR,2024-10-18
AST-003952,IT S-OT-03953,CSE-IT-08,IT Services,HMI,OT,HIGH,Identity,SOC,YES,OT|PRIVILEGE|AUTH,2026-07-31T23:50:22Z,ACTIVE,EDR-Collector,STAGING,2021-06-07
AST-003953,IT S-CORPORATE-03954,CSE-IT-08,IT Services,SERVER,CORPORATE,CRITICAL,Hosting,APPSEC,YES,ENDPOINT|NETWORK|AUTH,2026-08-12T07:09:34Z,ACTIVE,Sentinel-Bridge,PRODUCTION,2024-06-18
AST-003954,IT S-DC-03955,CSE-IT-08,IT Services,APPLICATION,DC,MEDIUM,Hosting,SOC,YES,ENDPOINT|PRIVILEGE,2026-07-19T14:13:43Z,ACTIVE,EDR-Collector,PRODUCTION,2020-10-02
AST-003955,IT S-CORPORATE-03956,CSE-IT-08,IT Services,APPLICATION,CORPORATE,HIGH,Network,OT-OPS,YES,WEB|PRIVILEGE|NETWORK,2026-07-17T12:57:39Z,ACTIVE,EDR-Collector,PRODUCTION,2023-01-18
AST-003956,IT S-OT-03957,CSE-IT-08,IT Services,NETWORK_DEVICE,OT,MEDIUM,Customer Portal,APPSEC,YES,NETWORK|PRIVILEGE,2026-07-31T10:50:01Z,ACTIVE,Sentinel-Bridge,DR,2022-01-22
AST-003957,IT S-CORPORATE-03958,CSE-IT-08,IT Services,SERVER,CORPORATE,CRITICAL,Hosting,SOC,YES,PRIVILEGE|OT|ENDPOINT,2026-08-11T09:30:42Z,ACTIVE,Splunk-ES,STAGING,2020-08-11
AST-003958,IT S-DC-03959,CSE-IT-08,IT Services,DATABASE,DC,HIGH,Network,OT-OPS,YES,OT|PRIVILEGE|EXFILTRATION,2026-08-03T00:36:22Z,ACTIVE,QRadar-Archive,STAGING,2023-10-13
AST-003959,IT S-DMZ-03960,CSE-IT-08,IT Services,DATABASE,DMZ,MEDIUM,Hosting,NETSEC,YES,AUTH|EXFILTRATION,2026-07-18T21:53:13Z,ACTIVE,QRadar-Archive,STAGING,2022-02-08
AST-003960,IT S-OT-03961,CSE-IT-08,IT Services,WORKSTATION,OT,HIGH,Hosting,NETSEC,YES,OT|ENDPOINT|NETWORK,2026-07-25T10:04:46Z,DEGRADED,Sentinel-Bridge,PRODUCTION,2025-10-13
AST-003961,IT S-DMZ-03962,CSE-IT-08,IT Services,NETWORK_DEVICE,DMZ,CRITICAL,Network,NETSEC,YES,WEB|ENDPOINT|EXFILTRATION,2026-07-24T19:54:33Z,ACTIVE,Splunk-ES,PRODUCTION,2022-06-24
AST-003962,IT S-DC-03963,CSE-IT-08,IT Services,WORKSTATION,DC,LOW,Hosting,IT-OPS,YES,WEB|EXFILTRATION,2026-07-12T08:53:17Z,ACTIVE,QRadar-Archive,DR,2021-08-13
AST-003963,IT S-DC-03964,CSE-IT-08,IT Services,SERVER,DC,HIGH,Identity,NETSEC,YES,PRIVILEGE|EXFILTRATION|NETWORK,2026-09-26T20:48:49Z,DEGRADED,QRadar-Archive,DR,2023-01-21
AST-003964,IT S-CORPORATE-03965,CSE-IT-08,IT Services,DATABASE,CORPORATE,MEDIUM,Identity,NETSEC,YES,PRIVILEGE|DATABASE,2026-09-19T22:28:02Z,MISSING,QRadar-Archive,PRODUCTION,2020-10-04
AST-003965,IT S-SCADA-03966,CSE-IT-08,IT Services,FIREWALL,SCADA,HIGH,Identity,OT-OPS,YES,ENDPOINT|DATABASE|EXFILTRATION,2026-07-24T01:16:05Z,DEGRADED,Splunk-ES,STAGING,2026-03-13
AST-003966,IT S-CORPORATE-03967,CSE-IT-08,IT Services,WORKSTATION,CORPORATE,LOW,Customer Portal,SOC,YES,ENDPOINT|AUTH,2026-09-14T03:45:57Z,ACTIVE,QRadar-Archive,DR,2022-05-30
AST-003967,IT S-DC-03968,CSE-IT-08,IT Services,SERVER,DC,HIGH,Identity,IT-OPS,YES,OT|DATABASE|AUTH,2026-08-07T07:06:18Z,ACTIVE,Sentinel-Bridge,DR,2022-01-23
AST-003968,IT S-CORPORATE-03969,CSE-IT-08,IT Services,SERVER,CORPORATE,CRITICAL,Network,APPSEC,YES,OT|WEB|PRIVILEGE,2026-09-06T23:59:59Z,ACTIVE,Splunk-ES,DR,2020-08-13
AST-003969,IT S-DMZ-03970,CSE-IT-08,IT Services,APPLICATION,DMZ,LOW,Customer Portal,NETSEC,YES,PRIVILEGE|EXFILTRATION,2026-07-09T11:22:21Z,ACTIVE,Splunk-ES,PRODUCTION,2024-02-02
AST-003970,IT S-DC-03971,CSE-IT-08,IT Services,WORKSTATION,DC,MEDIUM,Customer Portal,APPSEC,YES,WEB|DATABASE,2026-07-28T23:49:39Z,ACTIVE,EDR-Collector,DR,2024-06-01
