cse,period,alert_id,priority,host,asset_criticality,escalation_status,investigation_notes
REF-001,PER-001,REF-001-PER-001-0001,MEDIUM,ref-asset-006,LOW,NOT_ESCALATED,
REF-001,PER-001,REF-001-PER-001-0002,CRITICAL,ref-asset-006,CRITICAL,NOT_ESCALATED,latency boundary observations appendix observed during compared of packets closure correlation authentication recommendation retrospective
REF-001,PER-001,REF-001-PER-001-0003,LOW,ref-asset-006,MEDIUM,NOT_ESCALATED,topology ledger guidance indicator closure sequence calibration scrutinising traced header stakeholders inventory privilege contents
REF-001,PER-001,REF-001-PER-001-0004,CRITICAL,ref-asset-009,CRITICAL,NOT_ESCALATED,validated packet capture and closed after verification step
REF-001,PER-001,REF-001-PER-001-0005,HIGH,ref-asset-005,MEDIUM,NOT_ESCALATED,matched known indicator and escalated to on call for guidance
REF-001,PER-001,REF-001-PER-001-0006,HIGH,ref-asset-007,LOW,NOT_ESCALATED,
REF-001,PER-001,REF-001-PER-001-0007,MEDIUM,ref-asset-006,LOW,NOT_ESCALATED,
REF-001,PER-001,REF-001-PER-001-0008,LOW,ref-asset-008,LOW,NOT_ESCALATED,compared against baseline and observed no deviation from normal
REF-001,PER-001,REF-001-PER-001-0009,HIGH,ref-asset-007,LOW,NOT_ESCALATED,inspected process list and found no further suspicious activity
REF-001,PER-001,REF-001-PER-001-0010,LOW,ref-asset-005,MEDIUM,NOT_ESCALATED,for destination observed telemetry indicator components payload closure pattern consolidated submitted deviation observations tuning
REF-001,PER-001,REF-001-PER-001-0011,LOW,ref-asset-009,LOW,NOT_ESCALATED,scrutinising entries interval summary analysed recurring contents unapproved header payload batch affected verification indicator
REF-001,PER-001,REF-001-PER-001-0012,MEDIUM,ref-asset-002,HIGH,NOT_ESCALATED,traced documented before and segment recurring submitted endpoints telemetry indicator summary guidance capturing destination
REF-001,PER-001,REF-001-PER-001-0013,LOW,ref-asset-003,MEDIUM,,inventory payload behaviour padding endpoints of sampling ledger telemetry interval across earlier documented tuning
REF-001,PER-001,REF-001-PER-001-0014,HIGH,ref-asset-009,CRITICAL,,stakeholders chain affected memory contents window consolidated sensitivity window ancestry submitted rotation recommendation closure
REF-001,PER-001,REF-001-PER-001-0015,LOW,ref-asset-009,LOW,ESCALATED,threshold authentication and endpoints summary with verification appendix offset annotated latency handshake worksheet correlation
REF-001,PER-001,REF-001-PER-001-0016,HIGH,ref-asset-003,LOW,,
REF-001,PER-001,REF-001-PER-001-0017,MEDIUM,ref-asset-002,CRITICAL,NOT_ESCALATED,queue latency threshold exceeded during the reporting window memory region contents sampled during the incident window privilege boundary inspected and no escalation of rights seen ref 65996
REF-001,PER-001,REF-001-PER-001-0018,MEDIUM,ref-asset-008,CRITICAL,NOT_ESCALATED,
REF-001,PER-001,REF-001-PER-001-0019,MEDIUM,ref-asset-005,HIGH,ESCALATED,outbound connection attempted to an unapproved destination file integrity baseline compared and no change detected memory region contents sampled during the incident window ref 32380
REF-001,PER-001,REF-001-PER-001-0020,MEDIUM,ref-asset-009,MEDIUM,NOT_ESCALATED,
REF-002,PER-001,REF-002-PER-001-0001,CRITICAL,ref-asset-015,LOW,NOT_ESCALATED,
REF-002,PER-001,REF-002-PER-001-0002,CRITICAL,ref-asset-015,LOW,NOT_ESCALATED,window with correlation earlier of capturing handshake behaviour unapproved traced ownership packets interval destination
REF-002,PER-001,REF-002-PER-001-0003,LOW,ref-asset-012,MEDIUM,NOT_ESCALATED,reviewed queued alert and confirmed recurring pattern on endpoint
REF-002,PER-001,REF-002-PER-001-0004,HIGH,ref-asset-008,CRITICAL,NOT_ESCALATED,for submitted interval ancestry affected components sensitivity during summary and before correlation integrity checksum
REF-002,PER-001,REF-002-PER-001-0005,CRITICAL,ref-asset-014,LOW,NOT_ESCALATED,
REF-002,PER-001,REF-002-PER-001-0006,MEDIUM,ref-asset-008,CRITICAL,NOT_ESCALATED,
REF-002,PER-001,REF-002-PER-001-0007,LOW,ref-asset-006,HIGH,NOT_ESCALATED,recurring compared observations during annotated consolidated sensitivity with contents inspected privilege queue affected pattern
REF-002,PER-001,REF-002-PER-001-0008,LOW,ref-asset-012,HIGH,,matched known indicator and escalated to on call for guidance
REF-002,PER-001,REF-002-PER-001-0009,HIGH,ref-asset-001,LOW,NOT_ESCALATED,
REF-002,PER-001,REF-002-PER-001-0010,LOW,ref-asset-011,CRITICAL,NOT_ESCALATED,affected latency of validated for analysed integrity narrative tuning batch segment topology and packets
REF-002,PER-001,REF-002-PER-001-0011,CRITICAL,ref-asset-012,LOW,NOT_ESCALATED,validated packet capture and closed after verification step
REF-002,PER-001,REF-002-PER-001-0012,MEDIUM,ref-asset-005,CRITICAL,ESCALATED,correlation sampling region indicator packets unapproved traced before and sensitivity of certificate across latency
REF-002,PER-001,REF-002-PER-001-0013,HIGH,ref-asset-006,LOW,NOT_ESCALATED,compared against baseline and observed no deviation from normal
REF-002,PER-001,REF-002-PER-001-0014,CRITICAL,ref-asset-005,LOW,NOT_ESCALATED,correlated with change window and marked as expected behaviour
REF-002,PER-001,REF-002-PER-001-0015,HIGH,ref-asset-014,CRITICAL,NOT_ESCALATED,across documented narrative review closure region segment privilege boundary consolidated handshake stakeholders pattern guidance
REF-002,PER-001,REF-002-PER-001-0016,MEDIUM,ref-asset-002,LOW,NOT_ESCALATED,
REF-002,PER-001,REF-002-PER-001-0017,CRITICAL,ref-asset-020,MEDIUM,NOT_ESCALATED,review sampling summary across annotated payload verification memory observations header batch closure segment padding
REF-002,PER-001,REF-002-PER-001-0018,MEDIUM,ref-asset-017,MEDIUM,,summary for capturing privilege telemetry ledger correlation provisional baseline sequence compared unapproved segment recurring
REF-002,PER-001,REF-002-PER-001-0019,LOW,ref-asset-005,HIGH,,inspected process list and found no further suspicious activity
REF-002,PER-001,REF-002-PER-001-0020,MEDIUM,ref-asset-008,LOW,,
REF-002,PER-001,REF-002-PER-001-0021,CRITICAL,ref-asset-016,MEDIUM,NOT_ESCALATED,memory window telemetry chain and narrative unapproved deviation baseline appendix authentication with header integrity
REF-002,PER-001,REF-002-PER-001-0022,CRITICAL,ref-asset-011,MEDIUM,NOT_ESCALATED,
REF-002,PER-001,REF-002-PER-001-0023,HIGH,ref-asset-011,LOW,NOT_ESCALATED,earlier payload during latency compared observed padding narrative pattern inspected interval chain behaviour appendix
REF-002,PER-001,REF-002-PER-001-0024,LOW,ref-asset-014,HIGH,NOT_ESCALATED,telemetry capturing behaviour window offset segment ownership recurring header payload endpoints traced submitted review
REF-002,PER-001,REF-002-PER-001-0025,CRITICAL,ref-asset-017,MEDIUM,ESCALATED,
REF-002,PER-001,REF-002-PER-001-0026,LOW,ref-asset-008,LOW,,indicator offset checksum baseline payload consolidated stakeholders topology authentication with documented submitted matched chain
REF-002,PER-001,REF-002-PER-001-0027,LOW,ref-asset-017,MEDIUM,ESCALATED,
REF-002,PER-001,REF-002-PER-001-0028,CRITICAL,ref-asset-009,MEDIUM,NOT_ESCALATED,packets confirmation narrative for during segment rotation consolidated closure calibration verification window ancestry ledger
REF-002,PER-001,REF-002-PER-001-0029,HIGH,ref-asset-008,LOW,NOT_ESCALATED,
REF-002,PER-001,REF-002-PER-001-0030,LOW,ref-asset-001,CRITICAL,NOT_ESCALATED,destination ownership earlier observations deviation checksum ledger payload calibration offset chain traced authentication before
REF-002,PER-001,REF-002-PER-001-0031,LOW,ref-asset-015,CRITICAL,NOT_ESCALATED,recurring sequence scrutinising authentication behaviour handshake inspected retrospective review entries interval region observed indicator
REF-002,PER-001,REF-002-PER-001-0032,MEDIUM,ref-asset-016,LOW,NOT_ESCALATED,
REF-002,PER-001,REF-002-PER-001-0033,HIGH,ref-asset-009,LOW,NOT_ESCALATED,confirmation segment certificate topology destination privilege worksheet during scrutinising correlation sequence contents packets threshold
REF-002,PER-001,REF-002-PER-001-0034,CRITICAL,ref-asset-010,MEDIUM,NOT_ESCALATED,padding matched observations during across entries confirmation handshake scrutinising sampling topology retrospective observed verification
REF-002,PER-001,REF-002-PER-001-0035,LOW,ref-asset-018,LOW,NOT_ESCALATED,certificate behaviour traced appendix annotated deviation segment header chain ancestry scrutinising review tuning and
REF-002,PER-001,REF-002-PER-001-0036,CRITICAL,ref-asset-003,HIGH,NOT_ESCALATED,
REF-002,PER-001,REF-002-PER-001-0037,MEDIUM,ref-asset-006,LOW,NOT_ESCALATED,certificate chain validated against the trusted store file integrity baseline compared and no change detected privilege boundary inspected and no escalation of rights seen ref 78919
REF-002,PER-001,REF-002-PER-001-0038,MEDIUM,ref-asset-018,LOW,NOT_ESCALATED,
REF-002,PER-001,REF-002-PER-001-0039,MEDIUM,ref-asset-014,MEDIUM,NOT_ESCALATED,submitted guidance confirmation integrity baseline destination consolidated appendix observations endpoints memory indicator rotation with
REF-002,PER-001,REF-002-PER-001-0040,CRITICAL,ref-asset-011,MEDIUM,,worksheet memory submitted header threshold provisional topology payload offset with ledger deviation calibration unapproved
REF-002,PER-001,REF-002-PER-001-0041,CRITICAL,ref-asset-019,MEDIUM,NOT_ESCALATED,submitted behaviour worksheet segment region earlier header affected packets tuning narrative endpoints baseline rotation
REF-002,PER-001,REF-002-PER-001-0042,MEDIUM,ref-asset-010,LOW,NOT_ESCALATED,
REF-002,PER-001,REF-002-PER-001-0043,MEDIUM,ref-asset-017,HIGH,,before entries authentication window scrutinising pattern region closure tuning sensitivity interval analysed payload guidance
REF-002,PER-001,REF-002-PER-001-0044,CRITICAL,ref-asset-001,MEDIUM,NOT_ESCALATED,provisional guidance window earlier threshold closure sampling documented payload checksum annotated expected matched contents
REF-002,PER-001,REF-002-PER-001-0045,LOW,ref-asset-008,LOW,NOT_ESCALATED,
REF-002,PER-001,REF-002-PER-001-0046,HIGH,ref-asset-018,LOW,NOT_ESCALATED,sequence consolidated packets before ancestry window for destination inspected endpoints boundary payload review header
REF-002,PER-001,REF-002-PER-001-0047,MEDIUM,ref-asset-018,MEDIUM,,checksum window baseline offset traced privilege guidance capturing sensitivity narrative analysed verification rotation inspected
REF-003,PER-001,REF-003-PER-001-0001,HIGH,ref-asset-012,LOW,NOT_ESCALATED,for review unapproved traced observed certificate contents during across latency matched padding region deviation
REF-003,PER-001,REF-003-PER-001-0002,MEDIUM,ref-asset-012,MEDIUM,NOT_ESCALATED,closure privilege deviation padding correlation window stakeholders consolidated traced handshake summary chain tuning sensitivity
REF-003,PER-001,REF-003-PER-001-0003,HIGH,ref-asset-013,LOW,NOT_ESCALATED,scrutinising across tuning queue chain behaviour traced pattern affected calibration with deviation threshold indicator
REF-003,PER-001,REF-003-PER-001-0004,HIGH,ref-asset-015,HIGH,NOT_ESCALATED,ancestry retrospective indicator and rotation across authentication sensitivity sequence contents header appendix of earlier
REF-003,PER-001,REF-003-PER-001-0005,MEDIUM,ref-asset-013,HIGH,,threshold and components sampling earlier boundary header during confirmation ancestry expected worksheet endpoints review
REF-003,PER-001,REF-003-PER-001-0006,LOW,ref-asset-016,CRITICAL,NOT_ESCALATED,
REF-003,PER-001,REF-003-PER-001-0007,MEDIUM,ref-asset-015,MEDIUM,,confirmation integrity window endpoints traced worksheet inspected analysed deviation provisional segment for stakeholders entries
REF-003,PER-001,REF-003-PER-001-0008,LOW,ref-asset-012,LOW,,
REF-003,PER-001,REF-003-PER-001-0009,MEDIUM,ref-asset-004,MEDIUM,,correlated with change window and marked as expected behaviour
REF-003,PER-001,REF-003-PER-001-0010,HIGH,ref-asset-016,MEDIUM,,matched known indicator and escalated to on call for guidance
REF-003,PER-001,REF-003-PER-001-0011,HIGH,ref-asset-013,MEDIUM,ESCALATED,validated header stakeholders analysed unapproved components retrospective certificate observed scrutinising calibration and summary narrative
REF-003,PER-001,REF-003-PER-001-0012,CRITICAL,ref-asset-016,LOW,NOT_ESCALATED,compared against baseline and observed no deviation from normal
REF-003,PER-001,REF-003-PER-001-0013,MEDIUM,ref-asset-012,CRITICAL,,
REF-003,PER-001,REF-003-PER-001-0014,LOW,ref-asset-014,CRITICAL,ESCALATED,queue latency threshold exceeded during the reporting window payload header checksum mismatch observed in transit log source rotated and earlier entries unavailable for review ref 74522
REF-003,PER-001,REF-003-PER-001-0015,HIGH,ref-asset-003,LOW,ESCALATED,endpoints review deviation components chain earlier boundary expected scrutinising recurring annotated before validated entries
REF-003,PER-001,REF-003-PER-001-0016,HIGH,ref-asset-005,MEDIUM,NOT_ESCALATED,padding documented queue threshold region observed interval rotation guidance behaviour entries correlation appendix handshake
REF-003,PER-001,REF-003-PER-001-0017,LOW,ref-asset-016,LOW,,reviewed queued alert and confirmed recurring pattern on endpoint
REF-003,PER-001,REF-003-PER-001-0018,MEDIUM,ref-asset-011,HIGH,NOT_ESCALATED,for submitted boundary observations closure inventory inspected calibration retrospective matched queue interval traced packets
REF-003,PER-001,REF-003-PER-001-0019,MEDIUM,ref-asset-009,MEDIUM,NOT_ESCALATED,consolidated narrative telemetry verification annotated chain pattern topology observations compared confirmation segment scrutinising checksum
REF-003,PER-001,REF-003-PER-001-0020,HIGH,ref-asset-009,LOW,,during contents interval observations endpoints chain checksum pattern earlier traced behaviour padding summary appendix
REF-003,PER-001,REF-003-PER-001-0021,CRITICAL,ref-asset-004,LOW,NOT_ESCALATED,recommendation earlier closure endpoints offset observed for payload latency appendix confirmation correlation traced sequence
REF-003,PER-001,REF-003-PER-001-0022,HIGH,ref-asset-003,HIGH,NOT_ESCALATED,tuning validated documented checksum expected queue inspected analysed consolidated rotation summary correlation submitted indicator
REF-003,PER-001,REF-003-PER-001-0023,HIGH,ref-asset-010,MEDIUM,NOT_ESCALATED,with matched pattern guidance payload stakeholders ancestry summary integrity certificate padding review inspected verification
REF-003,PER-001,REF-003-PER-001-0024,CRITICAL,ref-asset-013,HIGH,NOT_ESCALATED,documented queue endpoints scrutinising during validated review retrospective calibration contents matched recommendation sampling of
REF-003,PER-001,REF-003-PER-001-0025,MEDIUM,ref-asset-015,LOW,ESCALATED,queue narrative pattern traced entries ancestry sensitivity before privilege behaviour handshake expected confirmation certificate
REF-003,PER-001,REF-003-PER-001-0026,CRITICAL,ref-asset-014,MEDIUM,,
REF-003,PER-001,REF-003-PER-001-0027,MEDIUM,ref-asset-010,CRITICAL,ESCALATED,
REF-003,PER-001,REF-003-PER-001-0028,LOW,ref-asset-014,HIGH,NOT_ESCALATED,outbound connection attempted to an unapproved destination memory region contents sampled during the incident window payload header checksum mismatch observed in transit ref 99191
REF-004,PER-001,REF-004-PER-001-0001,HIGH,ref-asset-006,CRITICAL,NOT_ESCALATED,behaviour queue stakeholders handshake inventory annotated closure memory endpoints pattern header correlation capturing segment
REF-004,PER-001,REF-004-PER-001-0002,CRITICAL,ref-asset-021,HIGH,NOT_ESCALATED,payload affected expected documented summary correlation across certificate worksheet correlation rotation integrity inventory observed
REF-004,PER-001,REF-004-PER-001-0003,CRITICAL,ref-asset-016,CRITICAL,ESCALATED,recommendation capturing threshold header correlation inspected packets destination before segment correlation expected telemetry recurring
REF-004,PER-001,REF-004-PER-001-0004,LOW,ref-asset-015,LOW,ESCALATED,and closure consolidated provisional observations submitted rotation integrity observed capturing guidance checksum verification window
REF-004,PER-001,REF-004-PER-001-0005,HIGH,ref-asset-015,CRITICAL,NOT_ESCALATED,validated packet capture and closed after verification step
REF-004,PER-001,REF-004-PER-001-0006,MEDIUM,ref-asset-001,LOW,NOT_ESCALATED,topology calibration validated capturing certificate offset batch sensitivity across consolidated annotated window header closure
REF-004,PER-001,REF-004-PER-001-0007,CRITICAL,ref-asset-020,MEDIUM,NOT_ESCALATED,validated ancestry sequence recommendation matched sampling region observations guidance authentication header batch payload annotated
REF-004,PER-001,REF-004-PER-001-0008,MEDIUM,ref-asset-016,MEDIUM,ESCALATED,compared against baseline and observed no deviation from normal
REF-004,PER-001,REF-004-PER-001-0009,CRITICAL,ref-asset-003,CRITICAL,NOT_ESCALATED,reviewed queued alert and confirmed recurring pattern on endpoint
REF-004,PER-001,REF-004-PER-001-0010,CRITICAL,ref-asset-002,CRITICAL,NOT_ESCALATED,network segment isolated pending further correlation certificate chain validated against the trusted store session token replay detected on the affected endpoint ref 26037
REF-004,PER-001,REF-004-PER-001-0011,CRITICAL,ref-asset-007,LOW,NOT_ESCALATED,matched known indicator and escalated to on call for guidance
REF-004,PER-001,REF-004-PER-001-0012,LOW,ref-asset-021,CRITICAL,ESCALATED,ancestry closure unapproved expected memory stakeholders sampling compared window annotated window recommendation handshake before
REF-004,PER-001,REF-004-PER-001-0013,HIGH,ref-asset-020,HIGH,NOT_ESCALATED,appendix payload compared entries tuning queue destination retrospective inspected ownership matched authentication observations correlation
REF-004,PER-001,REF-004-PER-001-0014,CRITICAL,ref-asset-005,HIGH,NOT_ESCALATED,threshold guidance header and for correlation confirmation consolidated endpoints latency ledger entries stakeholders recurring
REF-004,PER-001,REF-004-PER-001-0015,HIGH,ref-asset-009,MEDIUM,,topology inspected offset expected inventory recurring provisional ownership ledger header worksheet destination observed sensitivity
REF-004,PER-001,REF-004-PER-001-0016,CRITICAL,ref-asset-001,CRITICAL,NOT_ESCALATED,sensitivity endpoints before provisional review latency calibration across baseline components handshake consolidated expected window
REF-004,PER-001,REF-004-PER-001-0017,LOW,ref-asset-018,MEDIUM,NOT_ESCALATED,session token replay detected on the affected endpoint memory region contents sampled during the incident window payload header checksum mismatch observed in transit ref 40247
REF-004,PER-001,REF-004-PER-001-0018,CRITICAL,ref-asset-001,MEDIUM,NOT_ESCALATED,inspected process list and found no further suspicious activity
REF-004,PER-001,REF-004-PER-001-0019,HIGH,ref-asset-005,LOW,,
REF-004,PER-001,REF-004-PER-001-0020,LOW,ref-asset-007,MEDIUM,,and chain summary certificate worksheet validated inspected pattern correlation padding sequence closure matched retrospective
REF-004,PER-001,REF-004-PER-001-0021,CRITICAL,ref-asset-003,CRITICAL,,narrative worksheet across submitted expected window interval unapproved during sensitivity review capturing validated recommendation
REF-004,PER-001,REF-004-PER-001-0022,CRITICAL,ref-asset-001,MEDIUM,NOT_ESCALATED,
REF-004,PER-001,REF-004-PER-001-0023,HIGH,ref-asset-002,CRITICAL,,traced queue memory entries matched during chain provisional boundary validated correlation certificate ownership unapproved
REF-004,PER-001,REF-004-PER-001-0024,HIGH,ref-asset-023,HIGH,NOT_ESCALATED,certificate chain validated against the trusted store session token replay detected on the affected endpoint payload header checksum mismatch observed in transit ref 30843
REF-004,PER-001,REF-004-PER-001-0025,MEDIUM,ref-asset-007,LOW,NOT_ESCALATED,correlated with change window and marked as expected behaviour
REF-004,PER-001,REF-004-PER-001-0026,HIGH,ref-asset-017,LOW,NOT_ESCALATED,
REF-004,PER-001,REF-004-PER-001-0027,HIGH,ref-asset-022,CRITICAL,,payload affected provisional narrative consolidated recurring privilege endpoints chain scrutinising with appendix inventory recommendation
REF-004,PER-001,REF-004-PER-001-0028,LOW,ref-asset-003,CRITICAL,,memory payload integrity review window during correlation with privilege ancestry batch window before sensitivity
REF-004,PER-001,REF-004-PER-001-0029,CRITICAL,ref-asset-018,MEDIUM,NOT_ESCALATED,earlier contents consolidated traced during correlation across with ownership review expected annotated rotation queue
REF-004,PER-001,REF-004-PER-001-0030,MEDIUM,ref-asset-002,CRITICAL,,threshold expected authentication worksheet padding guidance integrity header capturing consolidated retrospective sequence latency window
REF-004,PER-001,REF-004-PER-001-0031,CRITICAL,ref-asset-009,MEDIUM,NOT_ESCALATED,offset threshold with pattern during of tuning stakeholders recurring analysed packets inspected unapproved interval
REF-004,PER-001,REF-004-PER-001-0032,MEDIUM,ref-asset-002,MEDIUM,NOT_ESCALATED,topology contents traced of checksum integrity documented handshake sequence endpoints earlier recurring telemetry before
REF-004,PER-001,REF-004-PER-001-0033,HIGH,ref-asset-002,CRITICAL,,behaviour threshold certificate boundary offset observed padding with for of checksum telemetry privilege scrutinising
REF-004,PER-001,REF-004-PER-001-0034,MEDIUM,ref-asset-013,LOW,NOT_ESCALATED,closure validated handshake during baseline review annotated indicator appendix inventory entries observed correlation header
REF-004,PER-001,REF-004-PER-001-0035,HIGH,ref-asset-024,MEDIUM,NOT_ESCALATED,payload during deviation tuning ownership worksheet calibration confirmation for closure matched batch correlation stakeholders
REF-004,PER-001,REF-004-PER-001-0036,LOW,ref-asset-001,LOW,NOT_ESCALATED,unapproved scrutinising ownership traced stakeholders review correlation interval documented review sensitivity memory provisional matched
REF-004,PER-001,REF-004-PER-001-0037,HIGH,ref-asset-016,MEDIUM,NOT_ESCALATED,across offset traced capturing header before deviation earlier affected padding segment correlation provisional for
REF-004,PER-001,REF-004-PER-001-0038,MEDIUM,ref-asset-020,CRITICAL,NOT_ESCALATED,log source rotated and earlier entries unavailable for review memory region contents sampled during the incident window outbound connection attempted to an unapproved destination ref 71008
REF-004,PER-001,REF-004-PER-001-0039,HIGH,ref-asset-023,LOW,NOT_ESCALATED,boundary summary destination confirmation closure window interval components review recurring topology header endpoints padding
REF-004,PER-001,REF-004-PER-001-0040,MEDIUM,ref-asset-005,CRITICAL,,batch rotation ownership certificate contents offset interval endpoints confirmation segment submitted behaviour ledger entries
REF-004,PER-001,REF-004-PER-001-0041,MEDIUM,ref-asset-021,MEDIUM,NOT_ESCALATED,process ancestry traced back to the initiating service privilege boundary inspected and no escalation of rights seen file integrity baseline compared and no change detected ref 66343
REF-004,PER-001,REF-004-PER-001-0042,HIGH,ref-asset-003,MEDIUM,,review interval batch with packets affected correlation rotation chain recommendation validated components offset checksum
REF-004,PER-001,REF-004-PER-001-0043,MEDIUM,ref-asset-019,HIGH,NOT_ESCALATED,components calibration certificate privilege packets closure submitted inspected earlier chain narrative tuning handshake telemetry
REF-004,PER-001,REF-004-PER-001-0044,CRITICAL,ref-asset-023,CRITICAL,NOT_ESCALATED,outbound connection attempted to an unapproved destination queue latency threshold exceeded during the reporting window log source rotated and earlier entries unavailable for review ref 1150
REF-004,PER-001,REF-004-PER-001-0045,LOW,ref-asset-015,MEDIUM,,submitted batch packets across window segment scrutinising analysed review integrity sensitivity review closure before
REF-004,PER-001,REF-004-PER-001-0046,CRITICAL,ref-asset-019,CRITICAL,NOT_ESCALATED,consolidated compared and window narrative sequence deviation before ledger indicator correlation during contents confirmation
REF-004,PER-001,REF-004-PER-001-0047,HIGH,ref-asset-007,HIGH,NOT_ESCALATED,baseline batch guidance latency sequence closure ancestry across confirmation endpoints segment provisional affected matched
REF-004,PER-001,REF-004-PER-001-0048,CRITICAL,ref-asset-019,MEDIUM,,verification appendix affected payload documented indicator review correlation observed entries calibration queue during inventory
REF-004,PER-001,REF-004-PER-001-0049,HIGH,ref-asset-021,HIGH,NOT_ESCALATED,network segment isolated pending further correlation queue latency threshold exceeded during the reporting window authentication handshake retried several times before success ref 98159
REF-004,PER-001,REF-004-PER-001-0050,LOW,ref-asset-019,HIGH,NOT_ESCALATED,topology appendix correlation chain across sampling and guidance recurring closure tuning integrity observed header
REF-004,PER-001,REF-004-PER-001-0051,LOW,ref-asset-001,LOW,NOT_ESCALATED,of observations integrity before region verification inventory window entries ancestry authentication handshake retrospective batch
REF-004,PER-001,REF-004-PER-001-0052,LOW,ref-asset-009,HIGH,,inspected closure capturing segment correlation review behaviour checksum sampling provisional baseline contents review chain
REF-004,PER-001,REF-004-PER-001-0053,HIGH,ref-asset-023,HIGH,,
REF-004,PER-001,REF-004-PER-001-0054,CRITICAL,ref-asset-024,CRITICAL,NOT_ESCALATED,
REF-005,PER-001,REF-005-PER-001-0001,HIGH,ref-asset-001,HIGH,NOT_ESCALATED,
REF-005,PER-001,REF-005-PER-001-0002,HIGH,ref-asset-003,LOW,,provisional across boundary recurring payload traced during behaviour sampling authentication window stakeholders handshake memory
REF-005,PER-001,REF-005-PER-001-0003,MEDIUM,ref-asset-019,HIGH,,review scrutinising closure compared confirmation chain affected contents narrative with components interval review packets
REF-005,PER-001,REF-005-PER-001-0004,CRITICAL,ref-asset-003,LOW,NOT_ESCALATED,reviewed queued alert and confirmed recurring pattern on endpoint
REF-005,PER-001,REF-005-PER-001-0005,LOW,ref-asset-021,MEDIUM,NOT_ESCALATED,privilege payload confirmation traced deviation recurring tuning validated scrutinising latency header rotation matched of
REF-005,PER-001,REF-005-PER-001-0006,CRITICAL,ref-asset-002,HIGH,NOT_ESCALATED,
REF-005,PER-001,REF-005-PER-001-0007,MEDIUM,ref-asset-023,CRITICAL,,
REF-005,PER-001,REF-005-PER-001-0008,MEDIUM,ref-asset-001,LOW,NOT_ESCALATED,correlated with change window and marked as expected behaviour
REF-005,PER-001,REF-005-PER-001-0009,LOW,ref-asset-023,CRITICAL,,
REF-005,PER-001,REF-005-PER-001-0010,CRITICAL,ref-asset-003,CRITICAL,,
REF-005,PER-001,REF-005-PER-001-0011,MEDIUM,ref-asset-002,MEDIUM,NOT_ESCALATED,validated rotation batch annotated confirmation pattern correlation observations integrity guidance earlier privilege sampling calibration
REF-005,PER-001,REF-005-PER-001-0012,MEDIUM,ref-asset-001,MEDIUM,NOT_ESCALATED,
REF-005,PER-001,REF-005-PER-001-0013,HIGH,ref-asset-024,MEDIUM,NOT_ESCALATED,
REF-005,PER-001,REF-005-PER-001-0014,CRITICAL,ref-asset-017,MEDIUM,NOT_ESCALATED,compared against baseline and observed no deviation from normal
REF-005,PER-001,REF-005-PER-001-0015,MEDIUM,ref-asset-017,CRITICAL,,inspected process list and found no further suspicious activity
REF-005,PER-001,REF-005-PER-001-0016,MEDIUM,ref-asset-010,HIGH,,before components documented for retrospective certificate appendix capturing annotated window memory pattern ownership rotation
REF-005,PER-001,REF-005-PER-001-0017,LOW,ref-asset-015,CRITICAL,NOT_ESCALATED,worksheet indicator ledger ancestry integrity scrutinising guidance memory entries review summary components window affected
REF-005,PER-001,REF-005-PER-001-0018,HIGH,ref-asset-001,LOW,,
REF-005,PER-001,REF-005-PER-001-0019,CRITICAL,ref-asset-009,MEDIUM,NOT_ESCALATED,of window sampling guidance appendix queue indicator analysed retrospective affected ownership deviation submitted header
REF-005,PER-001,REF-005-PER-001-0020,HIGH,ref-asset-002,HIGH,NOT_ESCALATED,
REF-005,PER-001,REF-005-PER-001-0021,LOW,ref-asset-014,CRITICAL,,
REF-005,PER-001,REF-005-PER-001-0022,CRITICAL,ref-asset-021,MEDIUM,,interval earlier certificate queue components calibration window traced narrative checksum header scrutinising for payload
REF-005,PER-001,REF-005-PER-001-0023,HIGH,ref-asset-019,CRITICAL,NOT_ESCALATED,matched known indicator and escalated to on call for guidance
REF-005,PER-001,REF-005-PER-001-0024,CRITICAL,ref-asset-001,HIGH,,
REF-005,PER-001,REF-005-PER-001-0025,CRITICAL,ref-asset-013,CRITICAL,ESCALATED,
REF-005,PER-001,REF-005-PER-001-0026,CRITICAL,ref-asset-001,LOW,NOT_ESCALATED,
REF-005,PER-001,REF-005-PER-001-0027,CRITICAL,ref-asset-005,MEDIUM,,observed threshold privilege of ancestry components deviation certificate unapproved analysed verification destination before closure
REF-005,PER-001,REF-005-PER-001-0028,HIGH,ref-asset-001,CRITICAL,NOT_ESCALATED,validated packet capture and closed after verification step
REF-005,PER-001,REF-005-PER-001-0029,MEDIUM,ref-asset-016,HIGH,,
REF-005,PER-001,REF-005-PER-001-0030,HIGH,ref-asset-013,CRITICAL,,earlier offset sensitivity calibration and appendix observations ownership pattern narrative compared payload worksheet privilege
REF-005,PER-001,REF-005-PER-001-0031,HIGH,ref-asset-001,MEDIUM,ESCALATED,
REF-005,PER-001,REF-005-PER-001-0032,MEDIUM,ref-asset-003,CRITICAL,,observations sampling handshake padding during privilege deviation annotated summary destination closure entries baseline window
REF-005,PER-001,REF-005-PER-001-0033,MEDIUM,ref-asset-024,LOW,NOT_ESCALATED,
REF-005,PER-001,REF-005-PER-001-0034,CRITICAL,ref-asset-016,HIGH,NOT_ESCALATED,correlation rotation review behaviour expected destination queue matched sensitivity header during topology analysed verification
REF-005,PER-001,REF-005-PER-001-0035,HIGH,ref-asset-002,LOW,NOT_ESCALATED,
REF-005,PER-001,REF-005-PER-001-0036,MEDIUM,ref-asset-021,MEDIUM,NOT_ESCALATED,
REF-005,PER-001,REF-005-PER-001-0037,HIGH,ref-asset-016,MEDIUM,NOT_ESCALATED,
REF-005,PER-001,REF-005-PER-001-0038,LOW,ref-asset-001,CRITICAL,NOT_ESCALATED,
REF-005,PER-001,REF-005-PER-001-0039,CRITICAL,ref-asset-024,LOW,ESCALATED,tuning earlier threshold ledger latency certificate payload destination pattern during calibration sampling interval closure
REF-005,PER-001,REF-005-PER-001-0040,LOW,ref-asset-012,LOW,,observations retrospective components batch with destination sensitivity latency during compared chain segment queue padding
REF-005,PER-001,REF-005-PER-001-0041,LOW,ref-asset-018,HIGH,,calibration topology queue batch annotated certificate inspected observed authentication validated affected earlier interval tuning
REF-005,PER-001,REF-005-PER-001-0042,MEDIUM,ref-asset-023,CRITICAL,ESCALATED,
REF-005,PER-001,REF-005-PER-001-0043,HIGH,ref-asset-001,HIGH,,compared summary memory expected inventory closure appendix behaviour tuning indicator scrutinising batch integrity annotated
REF-005,PER-001,REF-005-PER-001-0044,CRITICAL,ref-asset-015,MEDIUM,ESCALATED,before queue stakeholders matched expected summary earlier threshold inspected consolidated appendix endpoints recommendation boundary
REF-005,PER-001,REF-005-PER-001-0045,MEDIUM,ref-asset-017,LOW,ESCALATED,
REF-005,PER-001,REF-005-PER-001-0046,HIGH,ref-asset-002,HIGH,NOT_ESCALATED,
REF-005,PER-001,REF-005-PER-001-0047,HIGH,ref-asset-020,LOW,,session token replay detected on the affected endpoint log source rotated and earlier entries unavailable for review certificate chain validated against the trusted store ref 36034
REF-005,PER-001,REF-005-PER-001-0048,HIGH,ref-asset-017,CRITICAL,NOT_ESCALATED,payload padding recurring analysed tuning sensitivity compared closure stakeholders boundary segment observations checksum appendix
REF-005,PER-001,REF-005-PER-001-0049,HIGH,ref-asset-008,CRITICAL,NOT_ESCALATED,
REF-005,PER-001,REF-005-PER-001-0050,CRITICAL,ref-asset-023,HIGH,NOT_ESCALATED,stakeholders handshake retrospective narrative region ancestry sensitivity consolidated closure behaviour submitted integrity destination tuning
REF-005,PER-001,REF-005-PER-001-0051,LOW,ref-asset-001,MEDIUM,NOT_ESCALATED,
REF-005,PER-001,REF-005-PER-001-0052,MEDIUM,ref-asset-017,MEDIUM,,privilege boundary inspected and no escalation of rights seen memory region contents sampled during the incident window certificate chain validated against the trusted store ref 88267
REF-006,PER-001,REF-006-PER-001-0001,LOW,ref-asset-017,MEDIUM,NOT_ESCALATED,baseline ownership segment consolidated confirmation traced destination memory behaviour appendix validated ancestry closure rotation
REF-006,PER-001,REF-006-PER-001-0002,CRITICAL,ref-asset-015,CRITICAL,NOT_ESCALATED,chain inspected summary boundary offset confirmation packets indicator entries latency across worksheet validated components
REF-006,PER-001,REF-006-PER-001-0003,CRITICAL,ref-asset-015,LOW,,payload threshold appendix with window documented correlation rotation sensitivity recommendation sampling destination telemetry window
REF-006,PER-001,REF-006-PER-001-0004,CRITICAL,ref-asset-016,CRITICAL,NOT_ESCALATED,
REF-006,PER-001,REF-006-PER-001-0005,MEDIUM,ref-asset-016,LOW,NOT_ESCALATED,matched known indicator and escalated to on call for guidance
REF-006,PER-001,REF-006-PER-001-0006,MEDIUM,ref-asset-013,MEDIUM,NOT_ESCALATED,
REF-006,PER-001,REF-006-PER-001-0007,MEDIUM,ref-asset-010,CRITICAL,NOT_ESCALATED,
REF-006,PER-001,REF-006-PER-001-0008,MEDIUM,ref-asset-009,HIGH,NOT_ESCALATED,before tuning closure scrutinising compared memory recommendation summary interval rotation observations annotated and analysed
REF-006,PER-001,REF-006-PER-001-0009,HIGH,ref-asset-001,HIGH,,
REF-006,PER-001,REF-006-PER-001-0010,LOW,ref-asset-015,HIGH,NOT_ESCALATED,calibration review certificate packets correlation consolidated appendix of expected across tuning authentication for chain
REF-006,PER-001,REF-006-PER-001-0011,CRITICAL,ref-asset-011,CRITICAL,NOT_ESCALATED,memory region contents sampled during the incident window process ancestry traced back to the initiating service file integrity baseline compared and no change detected ref 56066
REF-006,PER-001,REF-006-PER-001-0012,CRITICAL,ref-asset-004,MEDIUM,NOT_ESCALATED,submitted packets memory provisional checksum closure observations narrative handshake padding closure queue integrity verification
REF-006,PER-001,REF-006-PER-001-0013,CRITICAL,ref-asset-017,CRITICAL,,reviewed queued alert and confirmed recurring pattern on endpoint
REF-006,PER-001,REF-006-PER-001-0014,CRITICAL,ref-asset-014,LOW,,capturing compared ownership during memory packets rotation threshold handshake review telemetry inventory header window
REF-006,PER-001,REF-006-PER-001-0015,HIGH,ref-asset-016,MEDIUM,NOT_ESCALATED,process ancestry traced back to the initiating service queue latency threshold exceeded during the reporting window log source rotated and earlier entries unavailable for review ref 40619
REF-006,PER-001,REF-006-PER-001-0016,CRITICAL,ref-asset-010,MEDIUM,,for appendix ancestry handshake before indicator header inspected consolidated calibration interval offset components and
REF-006,PER-001,REF-006-PER-001-0017,CRITICAL,ref-asset-006,MEDIUM,NOT_ESCALATED,
REF-006,PER-001,REF-006-PER-001-0018,CRITICAL,ref-asset-017,MEDIUM,NOT_ESCALATED,integrity batch and sampling worksheet observed recommendation compared capturing behaviour boundary review matched sequence
REF-006,PER-001,REF-006-PER-001-0019,CRITICAL,ref-asset-009,CRITICAL,,
REF-006,PER-001,REF-006-PER-001-0020,CRITICAL,ref-asset-012,LOW,,
REF-006,PER-001,REF-006-PER-001-0021,CRITICAL,ref-asset-013,CRITICAL,ESCALATED,
REF-006,PER-001,REF-006-PER-001-0022,CRITICAL,ref-asset-017,LOW,NOT_ESCALATED,components correlation window and ownership packets retrospective sampling for topology header provisional endpoints inventory
REF-006,PER-001,REF-006-PER-001-0023,LOW,ref-asset-016,LOW,NOT_ESCALATED,
REF-006,PER-001,REF-006-PER-001-0024,CRITICAL,ref-asset-005,LOW,NOT_ESCALATED,affected chain padding summary indicator guidance telemetry sensitivity across payload entries inspected analysed closure
REF-006,PER-001,REF-006-PER-001-0025,CRITICAL,ref-asset-017,HIGH,,
REF-006,PER-001,REF-006-PER-001-0026,LOW,ref-asset-008,MEDIUM,NOT_ESCALATED,correlated with change window and marked as expected behaviour
REF-006,PER-001,REF-006-PER-001-0027,HIGH,ref-asset-012,CRITICAL,,
REF-006,PER-001,REF-006-PER-001-0028,CRITICAL,ref-asset-017,MEDIUM,,correlation review payload worksheet packets during authentication tuning memory recurring unapproved batch recommendation integrity
REF-006,PER-001,REF-006-PER-001-0029,CRITICAL,ref-asset-015,LOW,NOT_ESCALATED,inspected process list and found no further suspicious activity
REF-006,PER-001,REF-006-PER-001-0030,CRITICAL,ref-asset-016,HIGH,,provisional chain traced observed inspected review ownership stakeholders header certificate documented consolidated affected confirmation
REF-006,PER-001,REF-006-PER-001-0031,CRITICAL,ref-asset-017,CRITICAL,NOT_ESCALATED,verification matched submitted destination confirmation expected payload deviation inventory handshake sequence during scrutinising padding
REF-006,PER-001,REF-006-PER-001-0032,HIGH,ref-asset-017,LOW,,
REF-006,PER-001,REF-006-PER-001-0033,MEDIUM,ref-asset-017,LOW,,
REF-006,PER-001,REF-006-PER-001-0034,CRITICAL,ref-asset-011,CRITICAL,,validated packet capture and closed after verification step
REF-006,PER-001,REF-006-PER-001-0035,MEDIUM,ref-asset-012,LOW,,compared against baseline and observed no deviation from normal
REF-006,PER-001,REF-006-PER-001-0036,LOW,ref-asset-017,LOW,,rotation integrity with pattern validated threshold expected consolidated ledger inspected documented memory stakeholders queue
REF-006,PER-001,REF-006-PER-001-0037,CRITICAL,ref-asset-010,MEDIUM,NOT_ESCALATED,
REF-006,PER-001,REF-006-PER-001-0038,CRITICAL,ref-asset-017,HIGH,NOT_ESCALATED,
REF-006,PER-001,REF-006-PER-001-0039,CRITICAL,ref-asset-011,HIGH,NOT_ESCALATED,contents review latency topology recommendation batch for header components ancestry stakeholders window matched sampling
REF-006,PER-001,REF-006-PER-001-0040,CRITICAL,ref-asset-013,CRITICAL,NOT_ESCALATED,
REF-006,PER-001,REF-006-PER-001-0041,MEDIUM,ref-asset-017,CRITICAL,NOT_ESCALATED,
REF-006,PER-001,REF-006-PER-001-0042,MEDIUM,ref-asset-017,CRITICAL,,
REF-006,PER-001,REF-006-PER-001-0043,CRITICAL,ref-asset-015,LOW,NOT_ESCALATED,consolidated of handshake summary endpoints appendix and narrative during annotated affected indicator privilege capturing
REF-007,PER-001,REF-007-PER-001-0001,MEDIUM,ref-asset-012,HIGH,,endpoints for correlation traced privilege integrity contents with recurring review certificate submitted window region
REF-007,PER-001,REF-007-PER-001-0002,LOW,ref-asset-015,MEDIUM,NOT_ESCALATED,
REF-007,PER-001,REF-007-PER-001-0003,CRITICAL,ref-asset-015,MEDIUM,NOT_ESCALATED,rotation traced compared sensitivity segment threshold chain closure observations recommendation worksheet annotated closure narrative
REF-007,PER-001,REF-007-PER-001-0004,HIGH,ref-asset-008,LOW,NOT_ESCALATED,capturing packets of window contents inspected earlier annotated deviation topology entries with for recurring
REF-007,PER-001,REF-007-PER-001-0005,LOW,ref-asset-015,LOW,NOT_ESCALATED,
REF-007,PER-001,REF-007-PER-001-0006,HIGH,ref-asset-016,LOW,,certificate memory ancestry calibration and submitted analysed validated integrity padding review privilege entries annotated
REF-007,PER-001,REF-007-PER-001-0007,MEDIUM,ref-asset-019,HIGH,NOT_ESCALATED,
REF-007,PER-001,REF-007-PER-001-0008,MEDIUM,ref-asset-019,LOW,NOT_ESCALATED,
REF-007,PER-001,REF-007-PER-001-0009,HIGH,ref-asset-017,MEDIUM,,compared against baseline and observed no deviation from normal
REF-007,PER-001,REF-007-PER-001-0010,MEDIUM,ref-asset-018,HIGH,NOT_ESCALATED,inspected process list and found no further suspicious activity
REF-007,PER-001,REF-007-PER-001-0011,HIGH,ref-asset-016,HIGH,NOT_ESCALATED,reviewed queued alert and confirmed recurring pattern on endpoint
REF-007,PER-001,REF-007-PER-001-0012,LOW,ref-asset-014,LOW,NOT_ESCALATED,
REF-007,PER-001,REF-007-PER-001-0013,MEDIUM,ref-asset-013,MEDIUM,NOT_ESCALATED,
REF-007,PER-001,REF-007-PER-001-0014,CRITICAL,ref-asset-018,LOW,NOT_ESCALATED,
REF-007,PER-001,REF-007-PER-001-0015,CRITICAL,ref-asset-015,LOW,NOT_ESCALATED,
REF-007,PER-001,REF-007-PER-001-0016,MEDIUM,ref-asset-014,LOW,,matched indicator certificate tuning documented entries worksheet rotation across window handshake latency compared packets
REF-007,PER-001,REF-007-PER-001-0017,HIGH,ref-asset-002,LOW,NOT_ESCALATED,behaviour recurring baseline offset guidance pattern verification review inventory review memory payload earlier worksheet
REF-007,PER-001,REF-007-PER-001-0018,MEDIUM,ref-asset-008,MEDIUM,NOT_ESCALATED,matched known indicator and escalated to on call for guidance
REF-007,PER-001,REF-007-PER-001-0019,HIGH,ref-asset-015,LOW,NOT_ESCALATED,worksheet and appendix region before entries across closure retrospective confirmation expected handshake privilege correlation
REF-007,PER-001,REF-007-PER-001-0020,CRITICAL,ref-asset-017,HIGH,NOT_ESCALATED,
REF-007,PER-001,REF-007-PER-001-0021,HIGH,ref-asset-006,MEDIUM,ESCALATED,behaviour inspected with integrity certificate ownership earlier entries review across capturing recommendation sensitivity for
REF-007,PER-001,REF-007-PER-001-0022,HIGH,ref-asset-019,MEDIUM,NOT_ESCALATED,
REF-007,PER-001,REF-007-PER-001-0023,CRITICAL,ref-asset-017,MEDIUM,NOT_ESCALATED,stakeholders validated latency offset consolidated padding documented threshold baseline calibration behaviour sequence recurring guidance
REF-007,PER-001,REF-007-PER-001-0024,LOW,ref-asset-016,CRITICAL,NOT_ESCALATED,provisional traced documented capturing sequence inspected correlation inventory privilege behaviour before region appendix destination
REF-007,PER-001,REF-007-PER-001-0025,CRITICAL,ref-asset-005,CRITICAL,NOT_ESCALATED,contents header latency integrity across analysed traced correlation appendix authentication closure topology scrutinising worksheet
REF-007,PER-001,REF-007-PER-001-0026,CRITICAL,ref-asset-016,HIGH,NOT_ESCALATED,for certificate endpoints window chain unapproved memory indicator validated inventory entries compared boundary confirmation
REF-007,PER-001,REF-007-PER-001-0027,HIGH,ref-asset-015,LOW,NOT_ESCALATED,correlated with change window and marked as expected behaviour
REF-007,PER-001,REF-007-PER-001-0028,LOW,ref-asset-008,CRITICAL,NOT_ESCALATED,
REF-007,PER-001,REF-007-PER-001-0029,HIGH,ref-asset-007,MEDIUM,NOT_ESCALATED,
REF-007,PER-001,REF-007-PER-001-0030,CRITICAL,ref-asset-019,MEDIUM,NOT_ESCALATED,
REF-007,PER-001,REF-007-PER-001-0031,LOW,ref-asset-018,LOW,NOT_ESCALATED,handshake stakeholders correlation window before telemetry rotation correlation scrutinising header segment recommendation worksheet inspected
REF-007,PER-001,REF-007-PER-001-0032,CRITICAL,ref-asset-010,CRITICAL,NOT_ESCALATED,validated packet capture and closed after verification step
REF-007,PER-001,REF-007-PER-001-0033,MEDIUM,ref-asset-016,CRITICAL,NOT_ESCALATED,privilege boundary inspected and no escalation of rights seen network segment isolated pending further correlation payload header checksum mismatch observed in transit ref 92681
REF-007,PER-001,REF-007-PER-001-0034,MEDIUM,ref-asset-016,MEDIUM,NOT_ESCALATED,
REF-007,PER-001,REF-007-PER-001-0035,HIGH,ref-asset-018,LOW,NOT_ESCALATED,
REF-007,PER-001,REF-007-PER-001-0036,LOW,ref-asset-017,MEDIUM,NOT_ESCALATED,calibration destination analysed sampling checksum baseline recommendation closure memory submitted authentication queue traced summary
REF-007,PER-001,REF-007-PER-001-0037,HIGH,ref-asset-019,MEDIUM,NOT_ESCALATED,unapproved with summary provisional and tuning interval endpoints compared privilege region window payload recurring
REF-007,PER-001,REF-007-PER-001-0038,HIGH,ref-asset-016,LOW,NOT_ESCALATED,checksum analysed integrity indicator interval region summary and sampling ownership header rotation observations confirmation
REF-007,PER-001,REF-007-PER-001-0039,LOW,ref-asset-019,LOW,NOT_ESCALATED,payload header checksum mismatch observed in transit file integrity baseline compared and no change detected authentication handshake retried several times before success ref 30359
REF-007,PER-001,REF-007-PER-001-0040,CRITICAL,ref-asset-015,HIGH,NOT_ESCALATED,payload header checksum mismatch observed in transit memory region contents sampled during the incident window network segment isolated pending further correlation ref 69042
REF-007,PER-001,REF-007-PER-001-0041,HIGH,ref-asset-018,LOW,NOT_ESCALATED,calibration queue closure region verification with boundary expected window stakeholders analysed components closure ancestry
REF-007,PER-001,REF-007-PER-001-0042,MEDIUM,ref-asset-015,MEDIUM,NOT_ESCALATED,integrity window interval window summary closure packets scrutinising inspected recommendation pattern guidance handshake chain
REF-007,PER-001,REF-007-PER-001-0043,CRITICAL,ref-asset-019,MEDIUM,NOT_ESCALATED,sequence queue across components correlation consolidated analysed confirmation payload of offset summary endpoints topology
REF-007,PER-001,REF-007-PER-001-0044,LOW,ref-asset-011,HIGH,NOT_ESCALATED,scrutinising boundary endpoints across baseline capturing interval traced threshold worksheet indicator memory during appendix
REF-007,PER-001,REF-007-PER-001-0045,HIGH,ref-asset-011,LOW,NOT_ESCALATED,
REF-007,PER-001,REF-007-PER-001-0046,HIGH,ref-asset-018,MEDIUM,,entries traced authentication compared submitted sequence summary review and inspected indicator correlation across documented
REF-007,PER-001,REF-007-PER-001-0047,CRITICAL,ref-asset-019,CRITICAL,NOT_ESCALATED,checksum confirmation calibration ancestry recurring correlation batch correlation entries offset tuning worksheet unapproved latency
REF-007,PER-001,REF-007-PER-001-0048,CRITICAL,ref-asset-009,CRITICAL,NOT_ESCALATED,analysed capturing observed batch threshold certificate behaviour confirmation annotated indicator stakeholders handshake closure submitted
REF-007,PER-001,REF-007-PER-001-0049,MEDIUM,ref-asset-018,MEDIUM,NOT_ESCALATED,integrity queue privilege checksum appendix validated interval correlation scrutinising inventory destination entries observed indicator
REF-007,PER-001,REF-007-PER-001-0050,CRITICAL,ref-asset-011,LOW,NOT_ESCALATED,segment retrospective inventory earlier header documented batch guidance and threshold deviation annotated offset provisional
REF-008,PER-001,REF-008-PER-001-0001,HIGH,ref-asset-011,LOW,,inspected process list and found no further suspicious activity
REF-008,PER-001,REF-008-PER-001-0002,HIGH,ref-asset-006,LOW,,
REF-008,PER-001,REF-008-PER-001-0003,MEDIUM,ref-asset-010,LOW,NOT_ESCALATED,endpoints confirmation unapproved worksheet summary queue behaviour matched inventory privilege window latency sampling of
REF-008,PER-001,REF-008-PER-001-0004,CRITICAL,ref-asset-011,LOW,NOT_ESCALATED,compared against baseline and observed no deviation from normal
REF-008,PER-001,REF-008-PER-001-0005,HIGH,ref-asset-008,LOW,NOT_ESCALATED,checksum pattern closure memory authentication closure indicator before and behaviour sampling sequence correlation across
REF-008,PER-001,REF-008-PER-001-0006,LOW,ref-asset-001,LOW,ESCALATED,provisional telemetry authentication observations retrospective certificate earlier across observed deviation during handshake for submitted
REF-008,PER-001,REF-008-PER-001-0007,CRITICAL,ref-asset-008,LOW,NOT_ESCALATED,validated packet capture and closed after verification step
REF-008,PER-001,REF-008-PER-001-0008,LOW,ref-asset-008,CRITICAL,,correlated with change window and marked as expected behaviour
REF-008,PER-001,REF-008-PER-001-0009,HIGH,ref-asset-004,LOW,,
REF-008,PER-001,REF-008-PER-001-0010,CRITICAL,ref-asset-009,LOW,NOT_ESCALATED,
REF-008,PER-001,REF-008-PER-001-0011,HIGH,ref-asset-009,LOW,,process ancestry traced back to the initiating service payload header checksum mismatch observed in transit log source rotated and earlier entries unavailable for review ref 5147
REF-008,PER-001,REF-008-PER-001-0012,CRITICAL,ref-asset-008,LOW,NOT_ESCALATED,reviewed queued alert and confirmed recurring pattern on endpoint
REF-008,PER-001,REF-008-PER-001-0013,CRITICAL,ref-asset-011,HIGH,NOT_ESCALATED,inventory correlation earlier provisional authentication window payload interval scrutinising analysed review before telemetry recurring
REF-008,PER-001,REF-008-PER-001-0014,CRITICAL,ref-asset-006,MEDIUM,NOT_ESCALATED,
REF-008,PER-001,REF-008-PER-001-0015,HIGH,ref-asset-006,CRITICAL,NOT_ESCALATED,stakeholders inspected interval queue narrative memory earlier entries certificate endpoints capturing indicator offset expected
REF-008,PER-001,REF-008-PER-001-0016,HIGH,ref-asset-003,LOW,ESCALATED,matched known indicator and escalated to on call for guidance
REF-008,PER-001,REF-008-PER-001-0017,CRITICAL,ref-asset-001,HIGH,NOT_ESCALATED,guidance traced ownership batch header checksum closure review memory behaviour analysed unapproved privilege recurring
REF-008,PER-001,REF-008-PER-001-0018,CRITICAL,ref-asset-001,LOW,,threshold tuning segment rotation provisional correlation topology unapproved before review ownership region queue compared
REF-008,PER-001,REF-008-PER-001-0019,CRITICAL,ref-asset-004,MEDIUM,NOT_ESCALATED,
REF-008,PER-001,REF-008-PER-001-0020,LOW,ref-asset-011,LOW,ESCALATED,before correlation sensitivity inspected indicator ledger recurring closure threshold payload review ancestry affected retrospective
REF-008,PER-001,REF-008-PER-001-0021,CRITICAL,ref-asset-011,CRITICAL,NOT_ESCALATED,narrative segment guidance correlation packets integrity payload closure affected sequence review chain observations stakeholders
REF-008,PER-001,REF-008-PER-001-0022,LOW,ref-asset-005,CRITICAL,NOT_ESCALATED,affected topology observations offset summary chain unapproved sequence batch calibration certificate retrospective header padding
REF-008,PER-001,REF-008-PER-001-0023,HIGH,ref-asset-006,LOW,,chain review certificate worksheet retrospective authentication submitted with sampling observations rotation confirmation latency components
REF-008,PER-001,REF-008-PER-001-0024,LOW,ref-asset-010,LOW,NOT_ESCALATED,and chain padding memory recommendation summary sensitivity inspected region authentication recurring for correlation matched
REF-008,PER-001,REF-008-PER-001-0025,CRITICAL,ref-asset-001,MEDIUM,NOT_ESCALATED,
REF-008,PER-001,REF-008-PER-001-0026,HIGH,ref-asset-001,MEDIUM,NOT_ESCALATED,sequence review provisional scrutinising packets window pattern recommendation queue correlation entries handshake for submitted
REF-009,PER-001,REF-009-PER-001-0001,MEDIUM,ref-asset-015,LOW,,for authentication summary calibration deviation window recurring appendix validated unapproved expected submitted window destination
REF-009,PER-001,REF-009-PER-001-0002,CRITICAL,ref-asset-003,HIGH,NOT_ESCALATED,compared against baseline and observed no deviation from normal
REF-009,PER-001,REF-009-PER-001-0003,CRITICAL,ref-asset-013,MEDIUM,NOT_ESCALATED,interval components chain validated narrative inventory handshake review correlation integrity capturing baseline observations recurring
REF-009,PER-001,REF-009-PER-001-0004,MEDIUM,ref-asset-005,HIGH,,
REF-009,PER-001,REF-009-PER-001-0005,HIGH,ref-asset-012,CRITICAL,NOT_ESCALATED,inspected process list and found no further suspicious activity
REF-009,PER-001,REF-009-PER-001-0006,CRITICAL,ref-asset-015,CRITICAL,,checksum batch topology guidance closure provisional traced handshake affected integrity rotation scrutinising documented sequence
REF-009,PER-001,REF-009-PER-001-0007,HIGH,ref-asset-010,MEDIUM,ESCALATED,authentication handshake retried several times before success process ancestry traced back to the initiating service payload header checksum mismatch observed in transit ref 64754
REF-009,PER-001,REF-009-PER-001-0008,MEDIUM,ref-asset-014,MEDIUM,NOT_ESCALATED,
REF-009,PER-001,REF-009-PER-001-0009,MEDIUM,ref-asset-001,HIGH,,log source rotated and earlier entries unavailable for review outbound connection attempted to an unapproved destination file integrity baseline compared and no change detected ref 74799
REF-009,PER-001,REF-009-PER-001-0010,CRITICAL,ref-asset-014,CRITICAL,,payload header checksum mismatch observed in transit memory region contents sampled during the incident window network segment isolated pending further correlation ref 53110
REF-009,PER-001,REF-009-PER-001-0011,CRITICAL,ref-asset-012,HIGH,ESCALATED,
REF-009,PER-001,REF-009-PER-001-0012,CRITICAL,ref-asset-013,HIGH,NOT_ESCALATED,
REF-009,PER-001,REF-009-PER-001-0013,HIGH,ref-asset-015,MEDIUM,,sampling inspected retrospective endpoints payload observed batch queue documented compared earlier ownership validated closure
REF-009,PER-001,REF-009-PER-001-0014,CRITICAL,ref-asset-015,HIGH,,
REF-009,PER-001,REF-009-PER-001-0015,HIGH,ref-asset-012,MEDIUM,NOT_ESCALATED,checksum guidance scrutinising header stakeholders for threshold behaviour analysed documented closure padding endpoints expected
REF-009,PER-001,REF-009-PER-001-0016,HIGH,ref-asset-009,CRITICAL,ESCALATED,privilege boundary inspected and no escalation of rights seen network segment isolated pending further correlation certificate chain validated against the trusted store ref 96761
REF-009,PER-001,REF-009-PER-001-0017,CRITICAL,ref-asset-010,CRITICAL,NOT_ESCALATED,
REF-009,PER-001,REF-009-PER-001-0018,CRITICAL,ref-asset-004,CRITICAL,,
REF-009,PER-001,REF-009-PER-001-0019,HIGH,ref-asset-004,CRITICAL,NOT_ESCALATED,sequence confirmation window offset integrity topology recurring handshake traced ownership closure window packets guidance
REF-009,PER-001,REF-009-PER-001-0020,CRITICAL,ref-asset-007,LOW,,
REF-009,PER-001,REF-009-PER-001-0021,CRITICAL,ref-asset-010,HIGH,NOT_ESCALATED,of narrative checksum sampling and analysed inspected observations annotated privilege batch for segment review
REF-009,PER-001,REF-009-PER-001-0022,MEDIUM,ref-asset-003,HIGH,NOT_ESCALATED,privilege boundary inspected and no escalation of rights seen network segment isolated pending further correlation queue latency threshold exceeded during the reporting window ref 50538
REF-009,PER-001,REF-009-PER-001-0023,LOW,ref-asset-013,MEDIUM,NOT_ESCALATED,
REF-009,PER-001,REF-009-PER-001-0024,MEDIUM,ref-asset-011,MEDIUM,,reviewed queued alert and confirmed recurring pattern on endpoint
REF-009,PER-001,REF-009-PER-001-0025,CRITICAL,ref-asset-011,MEDIUM,NOT_ESCALATED,queue latency threshold exceeded during the reporting window session token replay detected on the affected endpoint outbound connection attempted to an unapproved destination ref 9712
REF-009,PER-001,REF-009-PER-001-0026,CRITICAL,ref-asset-005,CRITICAL,,
REF-010,PER-001,REF-010-PER-001-0001,CRITICAL,ref-asset-009,LOW,NOT_ESCALATED,
REF-010,PER-001,REF-010-PER-001-0002,MEDIUM,ref-asset-003,HIGH,NOT_ESCALATED,reviewed queued alert and confirmed recurring pattern on endpoint
REF-010,PER-001,REF-010-PER-001-0003,LOW,ref-asset-009,HIGH,NOT_ESCALATED,payload header checksum mismatch observed in transit outbound connection attempted to an unapproved destination file integrity baseline compared and no change detected ref 87289
REF-010,PER-001,REF-010-PER-001-0004,CRITICAL,ref-asset-007,MEDIUM,NOT_ESCALATED,
REF-010,PER-001,REF-010-PER-001-0005,LOW,ref-asset-010,HIGH,NOT_ESCALATED,matched known indicator and escalated to on call for guidance
REF-010,PER-001,REF-010-PER-001-0006,MEDIUM,ref-asset-008,MEDIUM,,validated packet capture and closed after verification step
REF-010,PER-001,REF-010-PER-001-0007,CRITICAL,ref-asset-003,HIGH,NOT_ESCALATED,deviation packets analysed stakeholders memory traced observations inventory rotation documented tuning contents inspected handshake
REF-010,PER-001,REF-010-PER-001-0008,HIGH,ref-asset-012,CRITICAL,NOT_ESCALATED,
REF-010,PER-001,REF-010-PER-001-0009,CRITICAL,ref-asset-005,CRITICAL,,compared against baseline and observed no deviation from normal
REF-010,PER-001,REF-010-PER-001-0010,CRITICAL,ref-asset-010,CRITICAL,ESCALATED,
REF-010,PER-001,REF-010-PER-001-0011,CRITICAL,ref-asset-012,LOW,NOT_ESCALATED,consolidated ancestry header sequence correlation topology endpoints inventory indicator with chain submitted observed earlier
REF-010,PER-001,REF-010-PER-001-0012,CRITICAL,ref-asset-007,MEDIUM,NOT_ESCALATED,
REF-010,PER-001,REF-010-PER-001-0013,CRITICAL,ref-asset-001,LOW,NOT_ESCALATED,network segment isolated pending further correlation privilege boundary inspected and no escalation of rights seen queue latency threshold exceeded during the reporting window ref 54693
REF-010,PER-001,REF-010-PER-001-0014,CRITICAL,ref-asset-003,LOW,NOT_ESCALATED,topology latency of integrity closure queue narrative interval worksheet annotated memory observed capturing guidance
REF-010,PER-001,REF-010-PER-001-0015,LOW,ref-asset-006,HIGH,NOT_ESCALATED,
REF-010,PER-001,REF-010-PER-001-0016,CRITICAL,ref-asset-010,LOW,NOT_ESCALATED,capturing review boundary indicator expected consolidated recurring header affected ownership contents correlation unapproved verification
REF-010,PER-001,REF-010-PER-001-0017,MEDIUM,ref-asset-013,HIGH,NOT_ESCALATED,correlated with change window and marked as expected behaviour
REF-010,PER-001,REF-010-PER-001-0018,MEDIUM,ref-asset-013,CRITICAL,NOT_ESCALATED,
REF-010,PER-001,REF-010-PER-001-0019,MEDIUM,ref-asset-004,MEDIUM,NOT_ESCALATED,
REF-010,PER-001,REF-010-PER-001-0020,LOW,ref-asset-011,CRITICAL,NOT_ESCALATED,
REF-010,PER-001,REF-010-PER-001-0021,MEDIUM,ref-asset-007,MEDIUM,NOT_ESCALATED,inspected process list and found no further suspicious activity
REF-010,PER-001,REF-010-PER-001-0022,CRITICAL,ref-asset-011,LOW,NOT_ESCALATED,documented observations inspected sequence of confirmation summary stakeholders indicator integrity analysed ownership packets memory
REF-010,PER-001,REF-010-PER-001-0023,CRITICAL,ref-asset-012,CRITICAL,,correlation worksheet stakeholders confirmation compared interval review boundary provisional calibration inspected memory closure earlier
REF-010,PER-001,REF-010-PER-001-0024,HIGH,ref-asset-002,LOW,ESCALATED,correlation summary queue components provisional latency ownership handshake recurring tuning calibration baseline retrospective deviation
REF-010,PER-001,REF-010-PER-001-0025,CRITICAL,ref-asset-012,CRITICAL,,sampling traced recurring tuning compared during review pattern sensitivity checksum annotated components matched stakeholders
REF-010,PER-001,REF-010-PER-001-0026,CRITICAL,ref-asset-013,LOW,NOT_ESCALATED,
REF-010,PER-001,REF-010-PER-001-0027,CRITICAL,ref-asset-009,CRITICAL,,sensitivity verification earlier checksum correlation confirmation appendix rotation retrospective ownership analysed consolidated destination expected
REF-010,PER-001,REF-010-PER-001-0028,CRITICAL,ref-asset-001,MEDIUM,NOT_ESCALATED,earlier verification interval submitted retrospective region rotation inspected during packets calibration batch baseline sequence
REF-010,PER-001,REF-010-PER-001-0029,LOW,ref-asset-006,MEDIUM,NOT_ESCALATED,observations stakeholders during boundary review expected inspected guidance destination batch privilege rotation integrity worksheet
REF-010,PER-001,REF-010-PER-001-0030,HIGH,ref-asset-010,LOW,NOT_ESCALATED,calibration capturing retrospective with endpoints indicator region deviation observed analysed submitted guidance destination recommendation
REF-010,PER-001,REF-010-PER-001-0031,MEDIUM,ref-asset-004,MEDIUM,ESCALATED,sequence confirmation rotation inventory ledger stakeholders retrospective offset chain baseline expected observations topology handshake
REF-010,PER-001,REF-010-PER-001-0032,CRITICAL,ref-asset-002,HIGH,NOT_ESCALATED,
REF-010,PER-001,REF-010-PER-001-0033,CRITICAL,ref-asset-005,CRITICAL,NOT_ESCALATED,tuning baseline observed across batch deviation validated calibration review authentication recommendation window handshake verification
REF-011,PER-001,REF-011-PER-001-0001,CRITICAL,ref-asset-004,MEDIUM,NOT_ESCALATED,stakeholders window telemetry packets pattern correlation provisional recurring threshold verification annotated offset window sequence
REF-011,PER-001,REF-011-PER-001-0002,HIGH,ref-asset-006,LOW,NOT_ESCALATED,traced rotation of destination ledger telemetry inspected before compared provisional sensitivity review window earlier
REF-011,PER-001,REF-011-PER-001-0003,HIGH,ref-asset-005,HIGH,NOT_ESCALATED,
REF-011,PER-001,REF-011-PER-001-0004,HIGH,ref-asset-020,HIGH,,certificate annotated baseline provisional capturing inspected packets confirmation worksheet scrutinising recommendation segment components window
REF-011,PER-001,REF-011-PER-001-0005,CRITICAL,ref-asset-009,LOW,NOT_ESCALATED,earlier correlation traced topology inventory review recurring confirmation provisional sequence checksum boundary components payload
REF-011,PER-001,REF-011-PER-001-0006,LOW,ref-asset-004,CRITICAL,NOT_ESCALATED,matched known indicator and escalated to on call for guidance
REF-011,PER-001,REF-011-PER-001-0007,CRITICAL,ref-asset-001,CRITICAL,NOT_ESCALATED,
REF-011,PER-001,REF-011-PER-001-0008,CRITICAL,ref-asset-012,HIGH,NOT_ESCALATED,submitted unapproved verification with contents behaviour payload indicator earlier and destination telemetry traced window
REF-011,PER-001,REF-011-PER-001-0009,HIGH,ref-asset-003,CRITICAL,,
REF-011,PER-001,REF-011-PER-001-0010,MEDIUM,ref-asset-004,HIGH,NOT_ESCALATED,retrospective documented guidance scrutinising observed padding rotation provisional correlation handshake submitted telemetry latency before
REF-011,PER-001,REF-011-PER-001-0011,LOW,ref-asset-022,CRITICAL,NOT_ESCALATED,
REF-011,PER-001,REF-011-PER-001-0012,LOW,ref-asset-019,HIGH,ESCALATED,correlated with change window and marked as expected behaviour
REF-011,PER-001,REF-011-PER-001-0013,CRITICAL,ref-asset-005,MEDIUM,NOT_ESCALATED,telemetry packets expected inspected provisional deviation before closure ancestry earlier batch queue recommendation rotation
REF-011,PER-001,REF-011-PER-001-0014,MEDIUM,ref-asset-004,LOW,NOT_ESCALATED,confirmation ownership closure of review privilege payload analysed narrative compared latency for deviation verification
REF-011,PER-001,REF-011-PER-001-0015,MEDIUM,ref-asset-011,CRITICAL,NOT_ESCALATED,validated packet capture and closed after verification step
REF-011,PER-001,REF-011-PER-001-0016,HIGH,ref-asset-013,MEDIUM,NOT_ESCALATED,
REF-011,PER-001,REF-011-PER-001-0017,LOW,ref-asset-017,MEDIUM,NOT_ESCALATED,inspected process list and found no further suspicious activity
REF-011,PER-001,REF-011-PER-001-0018,HIGH,ref-asset-009,CRITICAL,ESCALATED,
REF-011,PER-001,REF-011-PER-001-0019,MEDIUM,ref-asset-015,MEDIUM,NOT_ESCALATED,reviewed queued alert and confirmed recurring pattern on endpoint
REF-011,PER-001,REF-011-PER-001-0020,CRITICAL,ref-asset-018,CRITICAL,NOT_ESCALATED,
REF-011,PER-001,REF-011-PER-001-0021,MEDIUM,ref-asset-008,LOW,NOT_ESCALATED,destination closure appendix retrospective baseline expected handshake sampling endpoints scrutinising components authentication ledger ownership
REF-011,PER-001,REF-011-PER-001-0022,MEDIUM,ref-asset-005,LOW,NOT_ESCALATED,padding sensitivity observed compared contents chain provisional scrutinising verification annotated components behaviour narrative latency
REF-011,PER-001,REF-011-PER-001-0023,HIGH,ref-asset-021,MEDIUM,NOT_ESCALATED,
REF-011,PER-001,REF-011-PER-001-0024,MEDIUM,ref-asset-015,MEDIUM,NOT_ESCALATED,sequence entries confirmation behaviour calibration topology chain batch window indicator header components inventory destination
REF-011,PER-001,REF-011-PER-001-0025,LOW,ref-asset-013,CRITICAL,NOT_ESCALATED,
REF-011,PER-001,REF-011-PER-001-0026,HIGH,ref-asset-016,LOW,NOT_ESCALATED,compared against baseline and observed no deviation from normal
REF-011,PER-001,REF-011-PER-001-0027,MEDIUM,ref-asset-012,MEDIUM,NOT_ESCALATED,
REF-011,PER-001,REF-011-PER-001-0028,LOW,ref-asset-021,CRITICAL,NOT_ESCALATED,topology recurring authentication queue observed payload boundary narrative worksheet stakeholders inspected certificate of threshold
REF-011,PER-001,REF-011-PER-001-0029,HIGH,ref-asset-004,HIGH,ESCALATED,correlation recurring summary confirmation retrospective worksheet annotated endpoints during observed capturing memory handshake observations
REF-011,PER-001,REF-011-PER-001-0030,MEDIUM,ref-asset-014,MEDIUM,NOT_ESCALATED,sensitivity correlation expected offset region telemetry observed across verification review tuning analysed certificate unapproved
REF-011,PER-001,REF-011-PER-001-0031,CRITICAL,ref-asset-001,LOW,,indicator of certificate sequence offset analysed boundary batch ownership recurring scrutinising checksum tuning traced
REF-011,PER-001,REF-011-PER-001-0032,CRITICAL,ref-asset-022,CRITICAL,NOT_ESCALATED,unapproved worksheet baseline inspected offset provisional validated topology submitted before indicator memory header entries
REF-011,PER-001,REF-011-PER-001-0033,CRITICAL,ref-asset-020,MEDIUM,NOT_ESCALATED,review entries across tuning inventory summary before annotated of narrative ledger unapproved integrity worksheet
REF-011,PER-001,REF-011-PER-001-0034,LOW,ref-asset-008,CRITICAL,NOT_ESCALATED,
REF-011,PER-001,REF-011-PER-001-0035,LOW,ref-asset-001,LOW,NOT_ESCALATED,
REF-011,PER-001,REF-011-PER-001-0036,HIGH,ref-asset-007,HIGH,NOT_ESCALATED,worksheet ancestry correlation checksum review behaviour pattern window rotation stakeholders scrutinising unapproved privilege analysed
REF-011,PER-001,REF-011-PER-001-0037,LOW,ref-asset-013,HIGH,ESCALATED,correlation destination baseline and pattern ancestry review during ledger retrospective offset certificate appendix payload
REF-011,PER-001,REF-011-PER-001-0038,HIGH,ref-asset-020,CRITICAL,NOT_ESCALATED,file integrity baseline compared and no change detected queue latency threshold exceeded during the reporting window certificate chain validated against the trusted store ref 96876
REF-011,PER-001,REF-011-PER-001-0039,HIGH,ref-asset-011,LOW,NOT_ESCALATED,
REF-011,PER-001,REF-011-PER-001-0040,HIGH,ref-asset-020,HIGH,NOT_ESCALATED,
REF-011,PER-001,REF-011-PER-001-0041,MEDIUM,ref-asset-003,HIGH,NOT_ESCALATED,observations correlation endpoints topology integrity earlier pattern payload destination header retrospective deviation expected sensitivity
REF-011,PER-001,REF-011-PER-001-0042,LOW,ref-asset-014,MEDIUM,NOT_ESCALATED,
REF-011,PER-001,REF-011-PER-001-0043,LOW,ref-asset-019,MEDIUM,ESCALATED,
REF-011,PER-001,REF-011-PER-001-0044,CRITICAL,ref-asset-018,HIGH,NOT_ESCALATED,telemetry destination observations observed inspected during integrity traced payload recurring ownership unapproved analysed inventory
REF-011,PER-001,REF-011-PER-001-0045,HIGH,ref-asset-019,LOW,NOT_ESCALATED,summary annotated pattern of across scrutinising rotation memory packets worksheet observed retrospective indicator queue
REF-011,PER-001,REF-011-PER-001-0046,HIGH,ref-asset-018,LOW,NOT_ESCALATED,pattern observed verification deviation recommendation latency region window destination checksum ancestry for affected annotated
REF-011,PER-001,REF-011-PER-001-0047,HIGH,ref-asset-005,HIGH,NOT_ESCALATED,outbound connection attempted to an unapproved destination file integrity baseline compared and no change detected certificate chain validated against the trusted store ref 56100
REF-012,PER-001,REF-012-PER-001-0001,MEDIUM,ref-asset-007,HIGH,NOT_ESCALATED,padding retrospective analysed chain before behaviour contents review provisional certificate summary appendix during submitted
REF-012,PER-001,REF-012-PER-001-0002,CRITICAL,ref-asset-003,HIGH,NOT_ESCALATED,
REF-012,PER-001,REF-012-PER-001-0003,LOW,ref-asset-003,MEDIUM,,batch validated scrutinising telemetry submitted behaviour sampling window confirmation interval retrospective and inventory observed
REF-012,PER-001,REF-012-PER-001-0004,LOW,ref-asset-007,HIGH,NOT_ESCALATED,latency stakeholders analysed entries deviation expected recommendation review with observations rotation batch for provisional
REF-012,PER-001,REF-012-PER-001-0005,LOW,ref-asset-009,LOW,NOT_ESCALATED,
REF-012,PER-001,REF-012-PER-001-0006,CRITICAL,ref-asset-001,CRITICAL,ESCALATED,traced closure sensitivity with worksheet contents earlier latency window confirmation window annotated recurring ancestry
REF-012,PER-001,REF-012-PER-001-0007,LOW,ref-asset-002,CRITICAL,NOT_ESCALATED,inspected process list and found no further suspicious activity
REF-012,PER-001,REF-012-PER-001-0008,CRITICAL,ref-asset-009,MEDIUM,,validated packet capture and closed after verification step
REF-012,PER-001,REF-012-PER-001-0009,CRITICAL,ref-asset-001,LOW,NOT_ESCALATED,
REF-012,PER-001,REF-012-PER-001-0010,HIGH,ref-asset-004,CRITICAL,NOT_ESCALATED,across components submitted sensitivity sampling correlation queue window segment region with certificate review unapproved
REF-012,PER-001,REF-012-PER-001-0011,MEDIUM,ref-asset-005,LOW,NOT_ESCALATED,reviewed queued alert and confirmed recurring pattern on endpoint
REF-012,PER-001,REF-012-PER-001-0012,MEDIUM,ref-asset-007,LOW,NOT_ESCALATED,process ancestry traced back to the initiating service log source rotated and earlier entries unavailable for review memory region contents sampled during the incident window ref 96853
REF-012,PER-001,REF-012-PER-001-0013,LOW,ref-asset-002,HIGH,NOT_ESCALATED,
REF-012,PER-001,REF-012-PER-001-0014,MEDIUM,ref-asset-010,CRITICAL,NOT_ESCALATED,guidance behaviour for expected correlation payload validated window padding and recommendation tuning traced certificate
REF-012,PER-001,REF-012-PER-001-0015,HIGH,ref-asset-008,MEDIUM,NOT_ESCALATED,compared against baseline and observed no deviation from normal
REF-012,PER-001,REF-012-PER-001-0016,HIGH,ref-asset-004,CRITICAL,NOT_ESCALATED,matched known indicator and escalated to on call for guidance
REF-012,PER-001,REF-012-PER-001-0017,HIGH,ref-asset-010,LOW,NOT_ESCALATED,
REF-012,PER-001,REF-012-PER-001-0018,MEDIUM,ref-asset-004,MEDIUM,,for header components sequence earlier appendix padding packets inventory with traced documented sampling during
REF-012,PER-001,REF-012-PER-001-0019,LOW,ref-asset-002,CRITICAL,NOT_ESCALATED,certificate chain validated against the trusted store payload header checksum mismatch observed in transit memory region contents sampled during the incident window ref 95852
REF-012,PER-001,REF-012-PER-001-0020,LOW,ref-asset-006,CRITICAL,NOT_ESCALATED,rotation recommendation sequence correlation sensitivity inventory worksheet before header region packets matched compared expected
REF-012,PER-001,REF-012-PER-001-0021,LOW,ref-asset-006,HIGH,NOT_ESCALATED,destination sampling observed consolidated memory submitted header ledger closure contents ancestry inspected queue affected
REF-012,PER-001,REF-012-PER-001-0022,MEDIUM,ref-asset-001,MEDIUM,NOT_ESCALATED,observations components expected of confirmation entries queue worksheet sequence tuning appendix window batch rotation
REF-012,PER-001,REF-012-PER-001-0023,HIGH,ref-asset-006,MEDIUM,,correlated with change window and marked as expected behaviour
REF-012,PER-001,REF-012-PER-001-0024,LOW,ref-asset-004,LOW,NOT_ESCALATED,contents of entries segment recommendation consolidated confirmation behaviour worksheet guidance ledger narrative with inventory
REF-012,PER-001,REF-012-PER-001-0025,MEDIUM,ref-asset-004,CRITICAL,NOT_ESCALATED,annotated tuning chain summary payload privilege consolidated window of batch and scrutinising for closure
REF-012,PER-001,REF-012-PER-001-0026,MEDIUM,ref-asset-003,CRITICAL,,sampling queue entries closure integrity inspected worksheet narrative calibration review and capturing traced annotated
REF-012,PER-001,REF-012-PER-001-0027,CRITICAL,ref-asset-003,HIGH,,validated of padding payload baseline latency observations observed appendix deviation ownership recommendation annotated closure
REF-013,PER-001,REF-013-PER-001-0001,LOW,ref-asset-006,HIGH,NOT_ESCALATED,
REF-013,PER-001,REF-013-PER-001-0002,MEDIUM,ref-asset-012,CRITICAL,ESCALATED,
REF-013,PER-001,REF-013-PER-001-0003,MEDIUM,ref-asset-011,HIGH,NOT_ESCALATED,window payload of region header traced tuning review annotated components unapproved handshake pattern endpoints
REF-013,PER-001,REF-013-PER-001-0004,HIGH,ref-asset-010,HIGH,NOT_ESCALATED,behaviour compared recommendation review integrity for segment ledger summary padding with tuning observations payload
REF-013,PER-001,REF-013-PER-001-0005,CRITICAL,ref-asset-008,CRITICAL,,chain batch sequence expected documented threshold segment topology boundary authentication ancestry inventory handshake recommendation
REF-013,PER-001,REF-013-PER-001-0006,CRITICAL,ref-asset-003,CRITICAL,NOT_ESCALATED,matched known indicator and escalated to on call for guidance
REF-013,PER-001,REF-013-PER-001-0007,HIGH,ref-asset-011,CRITICAL,,latency privilege region window correlation narrative worksheet queue summary stakeholders handshake before header telemetry
REF-013,PER-001,REF-013-PER-001-0008,LOW,ref-asset-002,LOW,,reviewed queued alert and confirmed recurring pattern on endpoint
REF-013,PER-001,REF-013-PER-001-0009,HIGH,ref-asset-008,MEDIUM,NOT_ESCALATED,
REF-013,PER-001,REF-013-PER-001-0010,HIGH,ref-asset-007,LOW,NOT_ESCALATED,during payload sensitivity offset window of observations correlation correlation padding inventory destination affected rotation
REF-013,PER-001,REF-013-PER-001-0011,CRITICAL,ref-asset-011,HIGH,NOT_ESCALATED,
REF-013,PER-001,REF-013-PER-001-0012,CRITICAL,ref-asset-008,CRITICAL,ESCALATED,review chain observed and deviation consolidated traced integrity handshake summary with capturing telemetry narrative
REF-013,PER-001,REF-013-PER-001-0013,CRITICAL,ref-asset-001,HIGH,NOT_ESCALATED,analysed scrutinising closure memory matched during narrative indicator closure correlation compared confirmation inventory boundary
REF-013,PER-001,REF-013-PER-001-0014,CRITICAL,ref-asset-010,MEDIUM,NOT_ESCALATED,compared against baseline and observed no deviation from normal
REF-013,PER-001,REF-013-PER-001-0015,MEDIUM,ref-asset-012,HIGH,NOT_ESCALATED,worksheet consolidated analysed during destination offset payload before rotation review queue inspected inventory correlation
REF-013,PER-001,REF-013-PER-001-0016,HIGH,ref-asset-003,MEDIUM,,
REF-013,PER-001,REF-013-PER-001-0017,HIGH,ref-asset-008,LOW,,
REF-013,PER-001,REF-013-PER-001-0018,CRITICAL,ref-asset-007,HIGH,,calibration behaviour validated stakeholders worksheet ledger certificate closure recurring ownership review ancestry handshake inspected
REF-013,PER-001,REF-013-PER-001-0019,CRITICAL,ref-asset-007,MEDIUM,ESCALATED,outbound connection attempted to an unapproved destination network segment isolated pending further correlation file integrity baseline compared and no change detected ref 57584
REF-013,PER-001,REF-013-PER-001-0020,HIGH,ref-asset-004,CRITICAL,NOT_ESCALATED,log source rotated and earlier entries unavailable for review outbound connection attempted to an unapproved destination payload header checksum mismatch observed in transit ref 85835
REF-013,PER-001,REF-013-PER-001-0021,LOW,ref-asset-004,LOW,NOT_ESCALATED,validated packet capture and closed after verification step
REF-013,PER-001,REF-013-PER-001-0022,LOW,ref-asset-007,CRITICAL,NOT_ESCALATED,
REF-013,PER-001,REF-013-PER-001-0023,CRITICAL,ref-asset-010,LOW,NOT_ESCALATED,correlated with change window and marked as expected behaviour
REF-013,PER-001,REF-013-PER-001-0024,CRITICAL,ref-asset-004,MEDIUM,,
REF-013,PER-001,REF-013-PER-001-0025,HIGH,ref-asset-007,HIGH,ESCALATED,padding payload recurring scrutinising sampling calibration compared behaviour telemetry worksheet topology verification observations destination
REF-013,PER-001,REF-013-PER-001-0026,HIGH,ref-asset-009,CRITICAL,NOT_ESCALATED,interval of correlation recurring recommendation verification contents components memory inspected submitted earlier payload with
REF-013,PER-001,REF-013-PER-001-0027,LOW,ref-asset-012,HIGH,NOT_ESCALATED,inspected process list and found no further suspicious activity
REF-013,PER-001,REF-013-PER-001-0028,LOW,ref-asset-012,MEDIUM,NOT_ESCALATED,
REF-013,PER-001,REF-013-PER-001-0029,CRITICAL,ref-asset-009,CRITICAL,NOT_ESCALATED,matched inspected segment recurring of behaviour topology boundary region offset threshold deviation correlation across
REF-013,PER-001,REF-013-PER-001-0030,MEDIUM,ref-asset-012,CRITICAL,NOT_ESCALATED,compared endpoints during appendix with narrative ledger across capturing of calibration contents closure authentication
REF-013,PER-001,REF-013-PER-001-0031,LOW,ref-asset-012,CRITICAL,ESCALATED,privilege window baseline calibration tuning sampling of during deviation inspected endpoints padding across indicator
REF-013,PER-001,REF-013-PER-001-0032,MEDIUM,ref-asset-001,MEDIUM,,checksum offset observations validated endpoints segment closure queue for pattern narrative expected stakeholders retrospective
REF-014,PER-001,REF-014-PER-001-0001,LOW,ref-asset-006,HIGH,NOT_ESCALATED,checksum recommendation validated stakeholders narrative expected and integrity of sensitivity authentication certificate contents correlation
REF-014,PER-001,REF-014-PER-001-0002,HIGH,ref-asset-017,LOW,,privilege boundary inspected and no escalation of rights seen log source rotated and earlier entries unavailable for review authentication handshake retried several times before success ref 27186
REF-014,PER-001,REF-014-PER-001-0003,CRITICAL,ref-asset-024,MEDIUM,NOT_ESCALATED,authentication handshake retried several times before success outbound connection attempted to an unapproved destination file integrity baseline compared and no change detected ref 54835
REF-014,PER-001,REF-014-PER-001-0004,HIGH,ref-asset-010,CRITICAL,NOT_ESCALATED,recurring annotated appendix for memory with packets consolidated review indicator summary integrity correlation ancestry
REF-014,PER-001,REF-014-PER-001-0005,HIGH,ref-asset-009,HIGH,ESCALATED,reviewed queued alert and confirmed recurring pattern on endpoint
REF-014,PER-001,REF-014-PER-001-0006,HIGH,ref-asset-006,HIGH,ESCALATED,
REF-014,PER-001,REF-014-PER-001-0007,CRITICAL,ref-asset-021,MEDIUM,NOT_ESCALATED,
REF-014,PER-001,REF-014-PER-001-0008,MEDIUM,ref-asset-020,CRITICAL,NOT_ESCALATED,
REF-014,PER-001,REF-014-PER-001-0009,HIGH,ref-asset-005,LOW,,
REF-014,PER-001,REF-014-PER-001-0010,CRITICAL,ref-asset-020,LOW,NOT_ESCALATED,
REF-014,PER-001,REF-014-PER-001-0011,MEDIUM,ref-asset-024,LOW,NOT_ESCALATED,interval segment pattern calibration correlation validated checksum affected of contents inventory boundary verification indicator
REF-014,PER-001,REF-014-PER-001-0012,CRITICAL,ref-asset-005,MEDIUM,,header inventory and telemetry correlation review with segment during affected observed narrative payload batch
REF-014,PER-001,REF-014-PER-001-0013,CRITICAL,ref-asset-003,LOW,NOT_ESCALATED,pattern ancestry submitted checksum certificate batch affected rotation expected matched worksheet header review correlation
REF-014,PER-001,REF-014-PER-001-0014,CRITICAL,ref-asset-021,HIGH,ESCALATED,memory and baseline padding inspected narrative sensitivity observations pattern earlier affected privilege authentication components
REF-014,PER-001,REF-014-PER-001-0015,HIGH,ref-asset-003,HIGH,NOT_ESCALATED,inspected unapproved packets correlation entries telemetry interval capturing analysed expected closure tuning provisional consolidated
REF-014,PER-001,REF-014-PER-001-0016,HIGH,ref-asset-006,MEDIUM,NOT_ESCALATED,matched known indicator and escalated to on call for guidance
REF-014,PER-001,REF-014-PER-001-0017,HIGH,ref-asset-005,LOW,,
REF-014,PER-001,REF-014-PER-001-0018,LOW,ref-asset-016,MEDIUM,NOT_ESCALATED,sensitivity region rotation segment baseline capturing telemetry pattern for review earlier interval summary observations
REF-014,PER-001,REF-014-PER-001-0019,CRITICAL,ref-asset-001,HIGH,ESCALATED,expected confirmation payload during for entries validated inventory documented sampling rotation indicator queue stakeholders
REF-014,PER-001,REF-014-PER-001-0020,LOW,ref-asset-005,CRITICAL,NOT_ESCALATED,
REF-014,PER-001,REF-014-PER-001-0021,CRITICAL,ref-asset-003,CRITICAL,NOT_ESCALATED,boundary inventory across worksheet annotated recommendation sampling latency baseline scrutinising provisional documented submitted affected
REF-014,PER-001,REF-014-PER-001-0022,CRITICAL,ref-asset-020,MEDIUM,NOT_ESCALATED,network segment isolated pending further correlation file integrity baseline compared and no change detected log source rotated and earlier entries unavailable for review ref 1908
REF-014,PER-001,REF-014-PER-001-0023,CRITICAL,ref-asset-001,CRITICAL,NOT_ESCALATED,
REF-014,PER-001,REF-014-PER-001-0024,CRITICAL,ref-asset-013,HIGH,ESCALATED,
REF-014,PER-001,REF-014-PER-001-0025,MEDIUM,ref-asset-001,MEDIUM,NOT_ESCALATED,
REF-014,PER-001,REF-014-PER-001-0026,LOW,ref-asset-010,LOW,NOT_ESCALATED,
REF-014,PER-001,REF-014-PER-001-0027,CRITICAL,ref-asset-002,LOW,NOT_ESCALATED,
REF-014,PER-001,REF-014-PER-001-0028,CRITICAL,ref-asset-006,HIGH,NOT_ESCALATED,validated packet capture and closed after verification step
REF-014,PER-001,REF-014-PER-001-0029,CRITICAL,ref-asset-024,MEDIUM,ESCALATED,worksheet analysed sampling handshake calibration during interval appendix indicator destination chain stakeholders before authentication
REF-014,PER-001,REF-014-PER-001-0030,LOW,ref-asset-015,LOW,NOT_ESCALATED,
REF-014,PER-001,REF-014-PER-001-0031,LOW,ref-asset-006,MEDIUM,NOT_ESCALATED,and of telemetry before integrity baseline chain indicator memory boundary correlation tuning offset sensitivity
REF-014,PER-001,REF-014-PER-001-0032,CRITICAL,ref-asset-002,HIGH,,inspected process list and found no further suspicious activity
REF-014,PER-001,REF-014-PER-001-0033,CRITICAL,ref-asset-016,CRITICAL,ESCALATED,integrity traced batch ledger matched deviation queue analysed entries expected scrutinising submitted threshold documented
REF-014,PER-001,REF-014-PER-001-0034,LOW,ref-asset-003,LOW,NOT_ESCALATED,
REF-014,PER-001,REF-014-PER-001-0035,HIGH,ref-asset-024,HIGH,NOT_ESCALATED,
REF-014,PER-001,REF-014-PER-001-0036,LOW,ref-asset-016,LOW,,across checksum authentication components before closure and earlier certificate ownership recurring recommendation unapproved indicator
REF-014,PER-001,REF-014-PER-001-0037,CRITICAL,ref-asset-004,HIGH,NOT_ESCALATED,traced observed pattern expected tuning earlier window region latency integrity affected header endpoints queue
REF-014,PER-001,REF-014-PER-001-0038,CRITICAL,ref-asset-004,HIGH,ESCALATED,correlated with change window and marked as expected behaviour
REF-014,PER-001,REF-014-PER-001-0039,MEDIUM,ref-asset-005,MEDIUM,ESCALATED,compared against baseline and observed no deviation from normal
REF-014,PER-001,REF-014-PER-001-0040,CRITICAL,ref-asset-020,LOW,NOT_ESCALATED,
REF-014,PER-001,REF-014-PER-001-0041,HIGH,ref-asset-020,CRITICAL,ESCALATED,file integrity baseline compared and no change detected log source rotated and earlier entries unavailable for review session token replay detected on the affected endpoint ref 23727
REF-014,PER-001,REF-014-PER-001-0042,CRITICAL,ref-asset-022,HIGH,NOT_ESCALATED,review during summary closure appendix sequence for endpoints expected integrity indicator recurring affected recommendation
REF-014,PER-001,REF-014-PER-001-0043,LOW,ref-asset-018,HIGH,,latency closure stakeholders padding window scrutinising review recurring correlation rotation submitted destination documented guidance
REF-014,PER-001,REF-014-PER-001-0044,MEDIUM,ref-asset-002,LOW,NOT_ESCALATED,
REF-014,PER-001,REF-014-PER-001-0045,CRITICAL,ref-asset-002,LOW,NOT_ESCALATED,certificate chain validated against the trusted store privilege boundary inspected and no escalation of rights seen network segment isolated pending further correlation ref 78720
REF-014,PER-001,REF-014-PER-001-0046,MEDIUM,ref-asset-023,MEDIUM,NOT_ESCALATED,recommendation ledger handshake window earlier review privilege retrospective affected segment provisional analysed header sampling
REF-014,PER-001,REF-014-PER-001-0047,HIGH,ref-asset-019,LOW,ESCALATED,handshake matched sequence certificate documented stakeholders indicator correlation threshold inspected consolidated interval submitted for
REF-014,PER-001,REF-014-PER-001-0048,CRITICAL,ref-asset-016,LOW,ESCALATED,
REF-014,PER-001,REF-014-PER-001-0049,CRITICAL,ref-asset-002,MEDIUM,NOT_ESCALATED,closure capturing observed recurring earlier observations expected during sequence endpoints correlation destination traced topology
REF-014,PER-001,REF-014-PER-001-0050,HIGH,ref-asset-016,LOW,ESCALATED,destination header summary worksheet deviation padding stakeholders guidance analysed appendix sampling authentication recommendation handshake
REF-015,PER-001,REF-015-PER-001-0001,CRITICAL,ref-asset-008,CRITICAL,,file integrity baseline compared and no change detected process ancestry traced back to the initiating service memory region contents sampled during the incident window ref 71492
REF-015,PER-001,REF-015-PER-001-0002,LOW,ref-asset-008,MEDIUM,,payload header checksum mismatch observed in transit privilege boundary inspected and no escalation of rights seen memory region contents sampled during the incident window ref 90391
REF-015,PER-001,REF-015-PER-001-0003,HIGH,ref-asset-009,CRITICAL,,
REF-015,PER-001,REF-015-PER-001-0004,MEDIUM,ref-asset-006,MEDIUM,,with observed window inventory observations annotated analysed matched header documented pattern during retrospective destination
REF-015,PER-001,REF-015-PER-001-0005,HIGH,ref-asset-004,LOW,NOT_ESCALATED,
REF-015,PER-001,REF-015-PER-001-0006,HIGH,ref-asset-006,LOW,NOT_ESCALATED,correlated with change window and marked as expected behaviour
REF-015,PER-001,REF-015-PER-001-0007,MEDIUM,ref-asset-008,CRITICAL,NOT_ESCALATED,and review submitted retrospective interval header matched contents observations with checksum summary rotation padding
REF-015,PER-001,REF-015-PER-001-0008,CRITICAL,ref-asset-007,LOW,NOT_ESCALATED,compared annotated review interval window packets appendix offset documented handshake calibration during consolidated summary
REF-015,PER-001,REF-015-PER-001-0009,HIGH,ref-asset-007,HIGH,NOT_ESCALATED,verification confirmation appendix chain region retrospective compared of analysed endpoints annotated summary earlier review
REF-015,PER-001,REF-015-PER-001-0010,CRITICAL,ref-asset-009,LOW,NOT_ESCALATED,closure endpoints expected header of with ancestry review authentication calibration telemetry validated retrospective correlation
REF-015,PER-001,REF-015-PER-001-0011,HIGH,ref-asset-003,HIGH,,matched known indicator and escalated to on call for guidance
REF-015,PER-001,REF-015-PER-001-0012,CRITICAL,ref-asset-002,LOW,NOT_ESCALATED,validated packet capture and closed after verification step
REF-015,PER-001,REF-015-PER-001-0013,HIGH,ref-asset-005,CRITICAL,NOT_ESCALATED,reviewed queued alert and confirmed recurring pattern on endpoint
REF-015,PER-001,REF-015-PER-001-0014,HIGH,ref-asset-008,LOW,NOT_ESCALATED,review and traced rotation observations segment during components chain guidance earlier narrative observed boundary
REF-015,PER-001,REF-015-PER-001-0015,LOW,ref-asset-006,CRITICAL,NOT_ESCALATED,
REF-015,PER-001,REF-015-PER-001-0016,HIGH,ref-asset-002,HIGH,NOT_ESCALATED,
REF-015,PER-001,REF-015-PER-001-0017,LOW,ref-asset-009,MEDIUM,NOT_ESCALATED,compared against baseline and observed no deviation from normal
REF-015,PER-001,REF-015-PER-001-0018,CRITICAL,ref-asset-002,LOW,,inspected process list and found no further suspicious activity
REF-015,PER-001,REF-015-PER-001-0019,CRITICAL,ref-asset-009,HIGH,NOT_ESCALATED,confirmation certificate retrospective interval recommendation annotated ownership window checksum chain inspected indicator earlier contents
REF-015,PER-001,REF-015-PER-001-0020,LOW,ref-asset-009,LOW,,privilege recommendation documented interval pattern inspected guidance unapproved analysed segment sensitivity submitted worksheet inventory
REF-015,PER-001,REF-015-PER-001-0021,HIGH,ref-asset-004,LOW,ESCALATED,correlation guidance observations appendix topology queue packets sensitivity for of indicator capturing retrospective certificate
REF-015,PER-001,REF-015-PER-001-0022,MEDIUM,ref-asset-002,HIGH,NOT_ESCALATED,consolidated and certificate for offset privilege recommendation pattern inventory threshold topology region confirmation ledger
REF-015,PER-001,REF-015-PER-001-0023,HIGH,ref-asset-005,LOW,NOT_ESCALATED,
REF-015,PER-001,REF-015-PER-001-0024,CRITICAL,ref-asset-009,MEDIUM,NOT_ESCALATED,worksheet batch privilege window retrospective provisional offset traced rotation ownership correlation for stakeholders segment
REF-016,PER-001,REF-016-PER-001-0001,CRITICAL,ref-asset-002,HIGH,NOT_ESCALATED,window annotated segment pattern payload validated header compared capturing across baseline for before entries
REF-016,PER-001,REF-016-PER-001-0002,CRITICAL,ref-asset-005,MEDIUM,,validated packet capture and closed after verification step
REF-016,PER-001,REF-016-PER-001-0003,HIGH,ref-asset-012,LOW,NOT_ESCALATED,baseline calibration integrity indicator summary confirmation verification review consolidated padding documented deviation window threshold
REF-016,PER-001,REF-016-PER-001-0004,CRITICAL,ref-asset-009,LOW,,
REF-016,PER-001,REF-016-PER-001-0005,CRITICAL,ref-asset-012,MEDIUM,,for earlier correlation with threshold unapproved destination during padding review endpoints indicator documented analysed
REF-016,PER-001,REF-016-PER-001-0006,LOW,ref-asset-014,MEDIUM,ESCALATED,inspected process list and found no further suspicious activity
REF-016,PER-001,REF-016-PER-001-0007,HIGH,ref-asset-010,HIGH,NOT_ESCALATED,rotation observations analysed closure inspected offset certificate expected memory interval integrity padding submitted deviation
REF-016,PER-001,REF-016-PER-001-0008,MEDIUM,ref-asset-011,MEDIUM,,compared capturing entries expected packets batch window scrutinising chain appendix analysed validated provisional of
REF-016,PER-001,REF-016-PER-001-0009,CRITICAL,ref-asset-010,HIGH,,payload header checksum mismatch observed in transit outbound connection attempted to an unapproved destination log source rotated and earlier entries unavailable for review ref 14543
REF-016,PER-001,REF-016-PER-001-0010,LOW,ref-asset-003,HIGH,NOT_ESCALATED,submitted and observations worksheet offset retrospective provisional appendix latency observed stakeholders window header documented
REF-016,PER-001,REF-016-PER-001-0011,CRITICAL,ref-asset-002,HIGH,NOT_ESCALATED,correlated with change window and marked as expected behaviour
REF-016,PER-001,REF-016-PER-001-0012,CRITICAL,ref-asset-014,LOW,NOT_ESCALATED,topology ancestry traced documented tuning region offset for sampling handshake destination during and review
REF-016,PER-001,REF-016-PER-001-0013,LOW,ref-asset-015,CRITICAL,NOT_ESCALATED,annotated correlation consolidated review endpoints affected guidance sampling components ancestry unapproved verification across stakeholders
REF-016,PER-001,REF-016-PER-001-0014,MEDIUM,ref-asset-010,LOW,NOT_ESCALATED,
REF-016,PER-001,REF-016-PER-001-0015,LOW,ref-asset-013,LOW,NOT_ESCALATED,matched known indicator and escalated to on call for guidance
REF-016,PER-001,REF-016-PER-001-0016,HIGH,ref-asset-014,LOW,NOT_ESCALATED,reviewed queued alert and confirmed recurring pattern on endpoint
REF-016,PER-001,REF-016-PER-001-0017,LOW,ref-asset-004,HIGH,,narrative provisional correlation tuning of segment ownership sensitivity window with header destination correlation pattern
REF-016,PER-001,REF-016-PER-001-0018,CRITICAL,ref-asset-012,LOW,,
REF-016,PER-001,REF-016-PER-001-0019,HIGH,ref-asset-014,LOW,NOT_ESCALATED,compared against baseline and observed no deviation from normal
REF-016,PER-001,REF-016-PER-001-0020,HIGH,ref-asset-014,HIGH,,sequence retrospective ancestry rotation worksheet of components capturing review deviation behaviour destination and annotated
REF-016,PER-001,REF-016-PER-001-0021,LOW,ref-asset-003,HIGH,,
REF-016,PER-001,REF-016-PER-001-0022,CRITICAL,ref-asset-010,HIGH,NOT_ESCALATED,batch expected stakeholders matched ledger across contents capturing window latency deviation validated scrutinising ancestry
REF-016,PER-001,REF-016-PER-001-0023,CRITICAL,ref-asset-013,HIGH,,privilege before chain documented closure confirmation scrutinising authentication affected verification correlation indicator packets header
REF-016,PER-001,REF-016-PER-001-0024,CRITICAL,ref-asset-010,MEDIUM,NOT_ESCALATED,closure telemetry summary of before expected earlier worksheet observed destination observations closure analysed inspected
REF-016,PER-001,REF-016-PER-001-0025,HIGH,ref-asset-006,LOW,NOT_ESCALATED,
REF-016,PER-001,REF-016-PER-001-0026,CRITICAL,ref-asset-015,CRITICAL,NOT_ESCALATED,rotation retrospective appendix recommendation behaviour observed sensitivity chain baseline traced sampling latency review sequence
REF-016,PER-001,REF-016-PER-001-0027,MEDIUM,ref-asset-003,MEDIUM,NOT_ESCALATED,provisional ancestry header tuning consolidated guidance appendix scrutinising calibration components segment correlation ledger rotation
REF-016,PER-001,REF-016-PER-001-0028,MEDIUM,ref-asset-015,LOW,NOT_ESCALATED,privilege sequence inspected baseline memory authentication boundary appendix tuning padding endpoints narrative confirmation validated
REF-016,PER-001,REF-016-PER-001-0029,LOW,ref-asset-013,LOW,,integrity guidance payload sensitivity earlier inspected boundary appendix matched offset with padding calibration closure
REF-016,PER-001,REF-016-PER-001-0030,LOW,ref-asset-015,LOW,NOT_ESCALATED,summary ledger recommendation entries submitted analysed header inventory baseline earlier threshold provisional inspected privilege
REF-016,PER-001,REF-016-PER-001-0031,HIGH,ref-asset-014,MEDIUM,,
REF-016,PER-001,REF-016-PER-001-0032,LOW,ref-asset-002,MEDIUM,NOT_ESCALATED,consolidated review confirmation expected appendix chain indicator calibration with destination memory stakeholders correlation authentication
REF-016,PER-001,REF-016-PER-001-0033,HIGH,ref-asset-015,LOW,NOT_ESCALATED,analysed pattern behaviour indicator of traced consolidated review stakeholders worksheet and recommendation affected with
REF-016,PER-001,REF-016-PER-001-0034,CRITICAL,ref-asset-013,MEDIUM,NOT_ESCALATED,indicator window analysed observations threshold segment packets with of checksum capturing documented contents verification
REF-016,PER-001,REF-016-PER-001-0035,HIGH,ref-asset-009,MEDIUM,NOT_ESCALATED,annotated capturing topology correlation handshake correlation deviation and segment closure window review recurring observations
REF-016,PER-001,REF-016-PER-001-0036,MEDIUM,ref-asset-012,MEDIUM,,memory authentication stakeholders validated integrity scrutinising destination expected packets sensitivity traced review checksum region
REF-016,PER-001,REF-016-PER-001-0037,LOW,ref-asset-010,CRITICAL,NOT_ESCALATED,
REF-016,PER-001,REF-016-PER-001-0038,MEDIUM,ref-asset-012,CRITICAL,ESCALATED,expected window deviation for of earlier ledger closure inspected certificate window privilege pattern header
REF-016,PER-001,REF-016-PER-001-0039,CRITICAL,ref-asset-014,CRITICAL,,topology worksheet narrative inventory contents validated guidance review stakeholders offset for privilege expected indicator
REF-016,PER-001,REF-016-PER-001-0040,CRITICAL,ref-asset-015,LOW,NOT_ESCALATED,
REF-016,PER-001,REF-016-PER-001-0041,LOW,ref-asset-011,LOW,,process ancestry traced back to the initiating service log source rotated and earlier entries unavailable for review outbound connection attempted to an unapproved destination ref 20589
REF-016,PER-001,REF-016-PER-001-0042,HIGH,ref-asset-009,MEDIUM,,
REF-016,PER-001,REF-016-PER-001-0043,HIGH,ref-asset-008,HIGH,,
REF-017,PER-001,REF-017-PER-001-0001,HIGH,ref-asset-009,CRITICAL,NOT_ESCALATED,pattern submitted handshake scrutinising chain expected inspected ownership during documented header observed affected latency
REF-017,PER-001,REF-017-PER-001-0002,LOW,ref-asset-001,LOW,NOT_ESCALATED,payload header checksum mismatch observed in transit process ancestry traced back to the initiating service memory region contents sampled during the incident window ref 85985
REF-017,PER-001,REF-017-PER-001-0003,CRITICAL,ref-asset-010,MEDIUM,,file integrity baseline compared and no change detected memory region contents sampled during the incident window session token replay detected on the affected endpoint ref 74516
REF-017,PER-001,REF-017-PER-001-0004,CRITICAL,ref-asset-001,MEDIUM,,
REF-017,PER-001,REF-017-PER-001-0005,CRITICAL,ref-asset-005,CRITICAL,NOT_ESCALATED,correlated with change window and marked as expected behaviour
REF-017,PER-001,REF-017-PER-001-0006,LOW,ref-asset-012,HIGH,,validated offset latency affected endpoints ownership ancestry sensitivity indicator verification payload destination correlation for
REF-017,PER-001,REF-017-PER-001-0007,MEDIUM,ref-asset-011,MEDIUM,NOT_ESCALATED,
REF-017,PER-001,REF-017-PER-001-0008,MEDIUM,ref-asset-011,HIGH,NOT_ESCALATED,for recommendation segment indicator observed expected worksheet guidance baseline behaviour telemetry offset batch and
REF-017,PER-001,REF-017-PER-001-0009,LOW,ref-asset-011,LOW,NOT_ESCALATED,window guidance contents segment sensitivity analysed header interval during compared offset consolidated telemetry batch
REF-017,PER-001,REF-017-PER-001-0010,MEDIUM,ref-asset-001,MEDIUM,NOT_ESCALATED,chain analysed indicator narrative consolidated recommendation latency submitted window correlation batch closure pattern guidance
REF-017,PER-001,REF-017-PER-001-0011,HIGH,ref-asset-007,MEDIUM,,annotated queue threshold indicator inventory closure across latency summary provisional consolidated closure sampling during
REF-017,PER-001,REF-017-PER-001-0012,MEDIUM,ref-asset-009,LOW,NOT_ESCALATED,outbound connection attempted to an unapproved destination memory region contents sampled during the incident window queue latency threshold exceeded during the reporting window ref 58458
REF-017,PER-001,REF-017-PER-001-0013,MEDIUM,ref-asset-007,HIGH,NOT_ESCALATED,payload header checksum mismatch observed in transit file integrity baseline compared and no change detected certificate chain validated against the trusted store ref 35733
REF-017,PER-001,REF-017-PER-001-0014,HIGH,ref-asset-004,LOW,NOT_ESCALATED,compared against baseline and observed no deviation from normal
REF-017,PER-001,REF-017-PER-001-0015,LOW,ref-asset-005,LOW,NOT_ESCALATED,
REF-017,PER-001,REF-017-PER-001-0016,CRITICAL,ref-asset-009,HIGH,NOT_ESCALATED,sampling padding ledger segment documented and privilege worksheet before inspected consolidated sensitivity compared for
REF-017,PER-001,REF-017-PER-001-0017,CRITICAL,ref-asset-007,HIGH,NOT_ESCALATED,
REF-017,PER-001,REF-017-PER-001-0018,HIGH,ref-asset-011,MEDIUM,,pattern provisional threshold submitted narrative with earlier deviation correlation scrutinising during review review privilege
REF-017,PER-001,REF-017-PER-001-0019,CRITICAL,ref-asset-004,HIGH,,validated packet capture and closed after verification step
REF-017,PER-001,REF-017-PER-001-0020,CRITICAL,ref-asset-008,LOW,NOT_ESCALATED,interval queue consolidated threshold telemetry ancestry pattern payload correlation inspected capturing observed segment integrity
REF-017,PER-001,REF-017-PER-001-0021,LOW,ref-asset-010,CRITICAL,NOT_ESCALATED,recommendation review with worksheet checksum sampling affected provisional deviation authentication sensitivity capturing closure privilege
REF-017,PER-001,REF-017-PER-001-0022,LOW,ref-asset-004,MEDIUM,NOT_ESCALATED,inspected process list and found no further suspicious activity
REF-017,PER-001,REF-017-PER-001-0023,CRITICAL,ref-asset-005,LOW,NOT_ESCALATED,reviewed queued alert and confirmed recurring pattern on endpoint
REF-017,PER-001,REF-017-PER-001-0024,CRITICAL,ref-asset-004,MEDIUM,,session token replay detected on the affected endpoint file integrity baseline compared and no change detected log source rotated and earlier entries unavailable for review ref 20026
REF-017,PER-001,REF-017-PER-001-0025,CRITICAL,ref-asset-011,CRITICAL,,memory region contents sampled during the incident window network segment isolated pending further correlation privilege boundary inspected and no escalation of rights seen ref 62114
REF-017,PER-001,REF-017-PER-001-0026,CRITICAL,ref-asset-011,LOW,,sensitivity across unapproved topology threshold pattern annotated worksheet privilege ownership stakeholders documented endpoints telemetry
REF-017,PER-001,REF-017-PER-001-0027,HIGH,ref-asset-012,LOW,NOT_ESCALATED,with expected behaviour correlation observed recurring observations and checksum inspected entries payload batch privilege
REF-018,PER-001,REF-018-PER-001-0001,CRITICAL,ref-asset-003,LOW,NOT_ESCALATED,
REF-018,PER-001,REF-018-PER-001-0002,MEDIUM,ref-asset-008,LOW,ESCALATED,memory telemetry baseline scrutinising submitted rotation recurring entries components closure review narrative of verification
REF-018,PER-001,REF-018-PER-001-0003,CRITICAL,ref-asset-017,HIGH,NOT_ESCALATED,
REF-018,PER-001,REF-018-PER-001-0004,LOW,ref-asset-001,LOW,NOT_ESCALATED,during rotation telemetry checksum worksheet sampling tuning compared observations privilege unapproved window documented integrity
REF-018,PER-001,REF-018-PER-001-0005,HIGH,ref-asset-012,MEDIUM,NOT_ESCALATED,capturing payload observed queue padding across telemetry checksum verification entries correlation sampling topology compared
REF-018,PER-001,REF-018-PER-001-0006,LOW,ref-asset-015,CRITICAL,,queue latency threshold exceeded during the reporting window certificate chain validated against the trusted store payload header checksum mismatch observed in transit ref 53596
REF-018,PER-001,REF-018-PER-001-0007,CRITICAL,ref-asset-009,MEDIUM,,
REF-018,PER-001,REF-018-PER-001-0008,MEDIUM,ref-asset-005,CRITICAL,NOT_ESCALATED,telemetry of correlation verification batch retrospective threshold observed documented window privilege narrative validated contents
REF-018,PER-001,REF-018-PER-001-0009,MEDIUM,ref-asset-010,HIGH,NOT_ESCALATED,correlation earlier for sensitivity across scrutinising certificate window correlation topology sampling with region appendix
REF-018,PER-001,REF-018-PER-001-0010,CRITICAL,ref-asset-018,MEDIUM,,contents matched recommendation annotated components memory privilege ownership for capturing sequence queue destination of
REF-018,PER-001,REF-018-PER-001-0011,HIGH,ref-asset-013,CRITICAL,,tuning pattern validated stakeholders threshold window certificate capturing checksum recommendation scrutinising ledger expected behaviour
REF-018,PER-001,REF-018-PER-001-0012,CRITICAL,ref-asset-009,LOW,ESCALATED,matched known indicator and escalated to on call for guidance
REF-018,PER-001,REF-018-PER-001-0013,CRITICAL,ref-asset-007,CRITICAL,NOT_ESCALATED,observed authentication memory recommendation compared offset sequence earlier observations endpoints batch payload for of
REF-018,PER-001,REF-018-PER-001-0014,LOW,ref-asset-016,MEDIUM,NOT_ESCALATED,across certificate observations window header traced documented queue behaviour entries contents during pattern closure
REF-018,PER-001,REF-018-PER-001-0015,CRITICAL,ref-asset-014,LOW,ESCALATED,
REF-018,PER-001,REF-018-PER-001-0016,HIGH,ref-asset-014,HIGH,NOT_ESCALATED,compared against baseline and observed no deviation from normal
REF-018,PER-001,REF-018-PER-001-0017,CRITICAL,ref-asset-016,HIGH,,
REF-018,PER-001,REF-018-PER-001-0018,LOW,ref-asset-002,MEDIUM,NOT_ESCALATED,network segment isolated pending further correlation queue latency threshold exceeded during the reporting window outbound connection attempted to an unapproved destination ref 29622
REF-018,PER-001,REF-018-PER-001-0019,CRITICAL,ref-asset-016,CRITICAL,,
REF-018,PER-001,REF-018-PER-001-0020,MEDIUM,ref-asset-012,LOW,NOT_ESCALATED,
REF-018,PER-001,REF-018-PER-001-0021,MEDIUM,ref-asset-002,MEDIUM,NOT_ESCALATED,validated packet capture and closed after verification step
REF-018,PER-001,REF-018-PER-001-0022,CRITICAL,ref-asset-018,MEDIUM,,
REF-018,PER-001,REF-018-PER-001-0023,LOW,ref-asset-016,CRITICAL,NOT_ESCALATED,threshold ledger analysed offset recommendation across destination of capturing sensitivity validated scrutinising verification ancestry
REF-018,PER-001,REF-018-PER-001-0024,MEDIUM,ref-asset-005,LOW,NOT_ESCALATED,inspected process list and found no further suspicious activity
REF-018,PER-001,REF-018-PER-001-0025,HIGH,ref-asset-006,HIGH,ESCALATED,components documented inventory closure sensitivity compared sampling scrutinising confirmation provisional validated before and sequence
REF-018,PER-001,REF-018-PER-001-0026,CRITICAL,ref-asset-008,CRITICAL,NOT_ESCALATED,
REF-018,PER-001,REF-018-PER-001-0027,CRITICAL,ref-asset-016,HIGH,NOT_ESCALATED,privilege boundary inspected and no escalation of rights seen outbound connection attempted to an unapproved destination file integrity baseline compared and no change detected ref 52412
REF-018,PER-001,REF-018-PER-001-0028,MEDIUM,ref-asset-015,CRITICAL,,verification window memory appendix closure observed baseline across during before matched documented batch narrative
REF-018,PER-001,REF-018-PER-001-0029,CRITICAL,ref-asset-018,MEDIUM,NOT_ESCALATED,privilege before review handshake packets scrutinising worksheet baseline contents pattern checksum verification offset validated
REF-018,PER-001,REF-018-PER-001-0030,CRITICAL,ref-asset-005,MEDIUM,,review destination inspected pattern segment region window queue retrospective offset boundary compared appendix handshake
REF-018,PER-001,REF-018-PER-001-0031,MEDIUM,ref-asset-016,MEDIUM,,threshold sampling entries traced integrity scrutinising endpoints inventory and consolidated destination rotation confirmation worksheet
REF-018,PER-001,REF-018-PER-001-0032,LOW,ref-asset-016,CRITICAL,NOT_ESCALATED,observed correlation review window expected review and documented baseline for recommendation handshake stakeholders contents
REF-018,PER-001,REF-018-PER-001-0033,HIGH,ref-asset-012,MEDIUM,NOT_ESCALATED,summary behaviour before retrospective integrity privilege certificate and authentication confirmation submitted entries observations expected
REF-019,PER-001,REF-019-PER-001-0001,LOW,ref-asset-005,HIGH,NOT_ESCALATED,window inspected worksheet integrity affected ancestry sensitivity traced behaviour provisional telemetry segment inventory observed
REF-019,PER-001,REF-019-PER-001-0002,HIGH,ref-asset-014,MEDIUM,NOT_ESCALATED,reviewed queued alert and confirmed recurring pattern on endpoint
REF-019,PER-001,REF-019-PER-001-0003,CRITICAL,ref-asset-014,HIGH,NOT_ESCALATED,matched known indicator and escalated to on call for guidance
REF-019,PER-001,REF-019-PER-001-0004,CRITICAL,ref-asset-010,MEDIUM,,inspected process list and found no further suspicious activity
REF-019,PER-001,REF-019-PER-001-0005,CRITICAL,ref-asset-014,MEDIUM,,authentication before interval chain baseline annotated payload recommendation calibration across compared padding inspected consolidated
REF-019,PER-001,REF-019-PER-001-0006,HIGH,ref-asset-013,HIGH,NOT_ESCALATED,compared against baseline and observed no deviation from normal
REF-019,PER-001,REF-019-PER-001-0007,HIGH,ref-asset-007,LOW,NOT_ESCALATED,
REF-019,PER-001,REF-019-PER-001-0008,CRITICAL,ref-asset-007,LOW,NOT_ESCALATED,indicator capturing baseline validated authentication retrospective handshake scrutinising deviation sensitivity for closure review annotated
REF-019,PER-001,REF-019-PER-001-0009,LOW,ref-asset-008,HIGH,,correlated with change window and marked as expected behaviour
REF-019,PER-001,REF-019-PER-001-0010,MEDIUM,ref-asset-014,HIGH,ESCALATED,
REF-019,PER-001,REF-019-PER-001-0011,LOW,ref-asset-014,MEDIUM,NOT_ESCALATED,consolidated observations topology inventory destination review inspected confirmation indicator chain compared batch header retrospective
REF-019,PER-001,REF-019-PER-001-0012,CRITICAL,ref-asset-014,LOW,,recommendation memory narrative threshold region earlier inspected verification sequence observed expected correlation checksum across
REF-019,PER-001,REF-019-PER-001-0013,MEDIUM,ref-asset-013,HIGH,NOT_ESCALATED,capturing summary chain stakeholders annotated retrospective traced baseline segment certificate integrity with destination inventory
REF-019,PER-001,REF-019-PER-001-0014,CRITICAL,ref-asset-006,MEDIUM,NOT_ESCALATED,payload of closure verification window unapproved padding pattern header matched and sampling batch latency
REF-019,PER-001,REF-019-PER-001-0015,CRITICAL,ref-asset-012,LOW,NOT_ESCALATED,
REF-019,PER-001,REF-019-PER-001-0016,CRITICAL,ref-asset-005,LOW,NOT_ESCALATED,header during baseline ledger payload components threshold retrospective sequence closure provisional review certificate scrutinising
REF-019,PER-001,REF-019-PER-001-0017,LOW,ref-asset-010,LOW,NOT_ESCALATED,validated packet capture and closed after verification step
REF-019,PER-001,REF-019-PER-001-0018,LOW,ref-asset-012,CRITICAL,,
REF-019,PER-001,REF-019-PER-001-0019,LOW,ref-asset-013,CRITICAL,NOT_ESCALATED,handshake window worksheet and verification endpoints destination during sequence segment before with analysed closure
REF-019,PER-001,REF-019-PER-001-0020,CRITICAL,ref-asset-013,CRITICAL,NOT_ESCALATED,segment endpoints with across observed inspected region submitted integrity review stakeholders behaviour closure traced
REF-019,PER-001,REF-019-PER-001-0021,LOW,ref-asset-006,HIGH,,
REF-019,PER-001,REF-019-PER-001-0022,CRITICAL,ref-asset-014,MEDIUM,NOT_ESCALATED,
REF-019,PER-001,REF-019-PER-001-0023,MEDIUM,ref-asset-012,CRITICAL,NOT_ESCALATED,expected pattern observed summary ownership correlation indicator entries boundary payload threshold ancestry window during
REF-019,PER-001,REF-019-PER-001-0024,CRITICAL,ref-asset-010,LOW,NOT_ESCALATED,submitted inspected window with correlation topology validated sensitivity queue indicator handshake scrutinising segment deviation
REF-019,PER-001,REF-019-PER-001-0025,MEDIUM,ref-asset-014,MEDIUM,NOT_ESCALATED,inspected segment correlation of narrative guidance observed recommendation contents affected review capturing retrospective batch
REF-019,PER-001,REF-019-PER-001-0026,MEDIUM,ref-asset-008,MEDIUM,,segment matched recommendation inspected region across closure observed tuning behaviour ownership correlation rotation validated
REF-019,PER-001,REF-019-PER-001-0027,HIGH,ref-asset-014,CRITICAL,NOT_ESCALATED,memory analysed integrity during and consolidated tuning header with review sensitivity baseline before queue
REF-019,PER-001,REF-019-PER-001-0028,HIGH,ref-asset-013,LOW,NOT_ESCALATED,
REF-019,PER-001,REF-019-PER-001-0029,CRITICAL,ref-asset-006,LOW,NOT_ESCALATED,
REF-019,PER-001,REF-019-PER-001-0030,CRITICAL,ref-asset-013,CRITICAL,,provisional affected recommendation with across region analysed observed batch for contents verification and components
REF-019,PER-001,REF-019-PER-001-0031,LOW,ref-asset-009,MEDIUM,NOT_ESCALATED,
REF-019,PER-001,REF-019-PER-001-0032,LOW,ref-asset-011,LOW,NOT_ESCALATED,window inventory summary ancestry observed padding closure entries consolidated rotation calibration sequence capturing tuning
REF-019,PER-001,REF-019-PER-001-0033,CRITICAL,ref-asset-007,MEDIUM,NOT_ESCALATED,ownership summary review consolidated compared closure recurring packets affected validated calibration confirmation submitted sequence
REF-019,PER-001,REF-019-PER-001-0034,LOW,ref-asset-012,MEDIUM,NOT_ESCALATED,affected authentication expected baseline latency payload ownership closure certificate memory annotated documented during correlation
REF-019,PER-001,REF-019-PER-001-0035,LOW,ref-asset-009,MEDIUM,NOT_ESCALATED,batch authentication calibration before for destination inventory traced baseline telemetry behaviour observations of privilege
REF-019,PER-001,REF-019-PER-001-0036,HIGH,ref-asset-012,HIGH,NOT_ESCALATED,stakeholders validated recommendation padding observations correlation window memory compared topology indicator inspected annotated and
REF-019,PER-001,REF-019-PER-001-0037,HIGH,ref-asset-010,CRITICAL,NOT_ESCALATED,
REF-019,PER-001,REF-019-PER-001-0038,CRITICAL,ref-asset-001,CRITICAL,NOT_ESCALATED,
REF-019,PER-001,REF-019-PER-001-0039,LOW,ref-asset-012,LOW,NOT_ESCALATED,interval analysed payload telemetry entries recommendation padding inspected checksum traced compared review confirmation offset
REF-019,PER-001,REF-019-PER-001-0040,MEDIUM,ref-asset-014,CRITICAL,NOT_ESCALATED,scrutinising closure correlation for chain traced pattern consolidated interval verification observations destination authentication annotated
REF-019,PER-001,REF-019-PER-001-0041,CRITICAL,ref-asset-005,MEDIUM,NOT_ESCALATED,topology expected scrutinising contents batch handshake during certificate ledger privilege interval summary verification correlation
REF-019,PER-001,REF-019-PER-001-0042,CRITICAL,ref-asset-006,MEDIUM,,
REF-020,PER-001,REF-020-PER-001-0001,HIGH,ref-asset-011,CRITICAL,ESCALATED,log source rotated and earlier entries unavailable for review file integrity baseline compared and no change detected network segment isolated pending further correlation ref 88161
REF-020,PER-001,REF-020-PER-001-0002,MEDIUM,ref-asset-009,CRITICAL,NOT_ESCALATED,
REF-020,PER-001,REF-020-PER-001-0003,HIGH,ref-asset-011,LOW,,
REF-020,PER-001,REF-020-PER-001-0004,LOW,ref-asset-004,HIGH,,
REF-020,PER-001,REF-020-PER-001-0005,CRITICAL,ref-asset-013,CRITICAL,ESCALATED,correlated with change window and marked as expected behaviour
REF-020,PER-001,REF-020-PER-001-0006,MEDIUM,ref-asset-012,MEDIUM,,
REF-020,PER-001,REF-020-PER-001-0007,HIGH,ref-asset-007,CRITICAL,,
REF-020,PER-001,REF-020-PER-001-0008,MEDIUM,ref-asset-013,HIGH,ESCALATED,validated packet capture and closed after verification step
REF-020,PER-001,REF-020-PER-001-0009,CRITICAL,ref-asset-013,LOW,,
REF-020,PER-001,REF-020-PER-001-0010,HIGH,ref-asset-013,MEDIUM,,traced region packets queue handshake behaviour worksheet contents endpoints review of integrity recommendation memory
REF-020,PER-001,REF-020-PER-001-0011,MEDIUM,ref-asset-002,MEDIUM,,payload memory closure batch offset consolidated entries deviation before ancestry threshold header interval chain
REF-020,PER-001,REF-020-PER-001-0012,HIGH,ref-asset-011,CRITICAL,ESCALATED,file integrity baseline compared and no change detected outbound connection attempted to an unapproved destination certificate chain validated against the trusted store ref 80598
REF-020,PER-001,REF-020-PER-001-0013,MEDIUM,ref-asset-001,MEDIUM,,
REF-020,PER-001,REF-020-PER-001-0014,CRITICAL,ref-asset-010,HIGH,,
REF-020,PER-001,REF-020-PER-001-0015,LOW,ref-asset-013,MEDIUM,ESCALATED,handshake boundary authentication rotation during observed integrity unapproved privilege region stakeholders compared baseline before
REF-020,PER-001,REF-020-PER-001-0016,MEDIUM,ref-asset-009,LOW,ESCALATED,scrutinising tuning padding recommendation topology retrospective rotation observed ledger calibration appendix latency during of
REF-020,PER-001,REF-020-PER-001-0017,HIGH,ref-asset-003,MEDIUM,NOT_ESCALATED,
REF-020,PER-001,REF-020-PER-001-0018,HIGH,ref-asset-010,LOW,NOT_ESCALATED,
REF-020,PER-001,REF-020-PER-001-0019,MEDIUM,ref-asset-011,CRITICAL,,
REF-020,PER-001,REF-020-PER-001-0020,MEDIUM,ref-asset-010,CRITICAL,NOT_ESCALATED,authentication narrative scrutinising queue components certificate across closure traced during region telemetry boundary consolidated
REF-020,PER-001,REF-020-PER-001-0021,CRITICAL,ref-asset-003,LOW,NOT_ESCALATED,
REF-020,PER-001,REF-020-PER-001-0022,CRITICAL,ref-asset-014,LOW,NOT_ESCALATED,closure inspected summary privilege expected interval chain queue before deviation observed region rotation observations
REF-020,PER-001,REF-020-PER-001-0023,CRITICAL,ref-asset-009,CRITICAL,NOT_ESCALATED,authentication handshake retried several times before success privilege boundary inspected and no escalation of rights seen session token replay detected on the affected endpoint ref 85532
REF-021,PER-001,REF-021-PER-001-0001,CRITICAL,ref-asset-023,LOW,NOT_ESCALATED,indicator telemetry ownership certificate handshake inventory before documented window entries contents window sequence chain
REF-021,PER-001,REF-021-PER-001-0002,LOW,ref-asset-022,LOW,,topology expected endpoints with correlation recommendation observations unapproved integrity provisional consolidated affected inventory matched
REF-021,PER-001,REF-021-PER-001-0003,LOW,ref-asset-018,MEDIUM,NOT_ESCALATED,closure behaviour verification capturing tuning sequence rotation observed destination topology affected entries inventory observations
REF-021,PER-001,REF-021-PER-001-0004,CRITICAL,ref-asset-002,HIGH,NOT_ESCALATED,
REF-021,PER-001,REF-021-PER-001-0005,MEDIUM,ref-asset-015,LOW,NOT_ESCALATED,
REF-021,PER-001,REF-021-PER-001-0006,CRITICAL,ref-asset-016,LOW,NOT_ESCALATED,inspected process list and found no further suspicious activity
REF-021,PER-001,REF-021-PER-001-0007,HIGH,ref-asset-023,MEDIUM,,correlated with change window and marked as expected behaviour
REF-021,PER-001,REF-021-PER-001-0008,HIGH,ref-asset-021,CRITICAL,NOT_ESCALATED,reviewed queued alert and confirmed recurring pattern on endpoint
REF-021,PER-001,REF-021-PER-001-0009,CRITICAL,ref-asset-009,MEDIUM,,privilege boundary inspected and no escalation of rights seen process ancestry traced back to the initiating service file integrity baseline compared and no change detected ref 36344
REF-021,PER-001,REF-021-PER-001-0010,CRITICAL,ref-asset-001,MEDIUM,NOT_ESCALATED,
REF-021,PER-001,REF-021-PER-001-0011,MEDIUM,ref-asset-020,LOW,NOT_ESCALATED,process ancestry traced back to the initiating service queue latency threshold exceeded during the reporting window log source rotated and earlier entries unavailable for review ref 62059
REF-021,PER-001,REF-021-PER-001-0012,CRITICAL,ref-asset-023,LOW,,
REF-021,PER-001,REF-021-PER-001-0013,CRITICAL,ref-asset-022,MEDIUM,NOT_ESCALATED,
REF-021,PER-001,REF-021-PER-001-0014,HIGH,ref-asset-015,LOW,NOT_ESCALATED,queue latency threshold exceeded during the reporting window file integrity baseline compared and no change detected log source rotated and earlier entries unavailable for review ref 6950
REF-021,PER-001,REF-021-PER-001-0015,CRITICAL,ref-asset-002,LOW,NOT_ESCALATED,privilege boundary inspected and no escalation of rights seen network segment isolated pending further correlation certificate chain validated against the trusted store ref 95829
REF-021,PER-001,REF-021-PER-001-0016,HIGH,ref-asset-022,MEDIUM,NOT_ESCALATED,
REF-021,PER-001,REF-021-PER-001-0017,MEDIUM,ref-asset-001,LOW,NOT_ESCALATED,
REF-021,PER-001,REF-021-PER-001-0018,CRITICAL,ref-asset-021,LOW,NOT_ESCALATED,
REF-021,PER-001,REF-021-PER-001-0019,LOW,ref-asset-024,LOW,NOT_ESCALATED,provisional payload correlation behaviour ledger summary batch across integrity boundary privilege traced review inventory
REF-021,PER-001,REF-021-PER-001-0020,MEDIUM,ref-asset-002,LOW,NOT_ESCALATED,
REF-021,PER-001,REF-021-PER-001-0021,CRITICAL,ref-asset-017,LOW,NOT_ESCALATED,matched known indicator and escalated to on call for guidance
REF-021,PER-001,REF-021-PER-001-0022,CRITICAL,ref-asset-013,CRITICAL,NOT_ESCALATED,
REF-021,PER-001,REF-021-PER-001-0023,CRITICAL,ref-asset-016,LOW,NOT_ESCALATED,
REF-021,PER-001,REF-021-PER-001-0024,HIGH,ref-asset-013,MEDIUM,NOT_ESCALATED,guidance deviation checksum submitted ledger worksheet indicator unapproved endpoints matched summary window contents handshake
REF-021,PER-001,REF-021-PER-001-0025,MEDIUM,ref-asset-001,HIGH,NOT_ESCALATED,validated packet capture and closed after verification step
REF-021,PER-001,REF-021-PER-001-0026,CRITICAL,ref-asset-007,LOW,NOT_ESCALATED,compared against baseline and observed no deviation from normal
REF-021,PER-001,REF-021-PER-001-0027,CRITICAL,ref-asset-024,LOW,NOT_ESCALATED,scrutinising chain indicator sequence deviation of narrative provisional destination region window matched offset recurring
REF-021,PER-001,REF-021-PER-001-0028,HIGH,ref-asset-024,MEDIUM,NOT_ESCALATED,
REF-021,PER-001,REF-021-PER-001-0029,CRITICAL,ref-asset-012,LOW,NOT_ESCALATED,
REF-021,PER-001,REF-021-PER-001-0030,LOW,ref-asset-003,LOW,NOT_ESCALATED,
REF-021,PER-001,REF-021-PER-001-0031,LOW,ref-asset-024,LOW,NOT_ESCALATED,scrutinising queue contents recurring checksum provisional rotation affected summary annotated submitted sensitivity handshake inspected
REF-021,PER-001,REF-021-PER-001-0032,CRITICAL,ref-asset-019,LOW,NOT_ESCALATED,of packets correlation summary appendix scrutinising review rotation during sensitivity matched unapproved ledger with
REF-021,PER-001,REF-021-PER-001-0033,CRITICAL,ref-asset-002,MEDIUM,NOT_ESCALATED,
REF-021,PER-001,REF-021-PER-001-0034,CRITICAL,ref-asset-022,MEDIUM,,
REF-021,PER-001,REF-021-PER-001-0035,MEDIUM,ref-asset-023,LOW,NOT_ESCALATED,chain deviation latency consolidated with authentication batch summary sensitivity narrative calibration privilege sampling affected
REF-021,PER-001,REF-021-PER-001-0036,HIGH,ref-asset-014,LOW,,components batch privilege matched before and destination observations worksheet inventory capturing documented rotation review
REF-021,PER-001,REF-021-PER-001-0037,LOW,ref-asset-023,LOW,,
REF-021,PER-001,REF-021-PER-001-0038,CRITICAL,ref-asset-017,MEDIUM,NOT_ESCALATED,
REF-021,PER-001,REF-021-PER-001-0039,HIGH,ref-asset-011,MEDIUM,NOT_ESCALATED,verification tuning provisional sampling deviation indicator authentication observed contents inspected integrity closure segment submitted
REF-021,PER-001,REF-021-PER-001-0040,MEDIUM,ref-asset-013,HIGH,NOT_ESCALATED,
REF-021,PER-001,REF-021-PER-001-0041,MEDIUM,ref-asset-016,MEDIUM,NOT_ESCALATED,file integrity baseline compared and no change detected outbound connection attempted to an unapproved destination payload header checksum mismatch observed in transit ref 18093
REF-021,PER-001,REF-021-PER-001-0042,LOW,ref-asset-001,CRITICAL,NOT_ESCALATED,
REF-021,PER-001,REF-021-PER-001-0043,LOW,ref-asset-002,MEDIUM,NOT_ESCALATED,
REF-021,PER-001,REF-021-PER-001-0044,LOW,ref-asset-020,LOW,NOT_ESCALATED,
REF-021,PER-001,REF-021-PER-001-0045,MEDIUM,ref-asset-022,MEDIUM,NOT_ESCALATED,
REF-021,PER-001,REF-021-PER-001-0046,CRITICAL,ref-asset-006,CRITICAL,NOT_ESCALATED,
REF-021,PER-001,REF-021-PER-001-0047,MEDIUM,ref-asset-012,LOW,NOT_ESCALATED,
REF-021,PER-001,REF-021-PER-001-0048,HIGH,ref-asset-004,CRITICAL,NOT_ESCALATED,queue tuning ledger stakeholders header annotated batch certificate earlier matched integrity pattern appendix boundary
REF-021,PER-001,REF-021-PER-001-0049,LOW,ref-asset-020,MEDIUM,NOT_ESCALATED,confirmation during contents ledger affected recommendation endpoints observations documented and behaviour header offset boundary
REF-021,PER-001,REF-021-PER-001-0050,LOW,ref-asset-019,HIGH,,window worksheet handshake inspected calibration recurring padding interval segment stakeholders expected certificate destination annotated
REF-021,PER-001,REF-021-PER-001-0051,MEDIUM,ref-asset-020,HIGH,,
REF-021,PER-001,REF-021-PER-001-0052,CRITICAL,ref-asset-002,MEDIUM,NOT_ESCALATED,
REF-021,PER-001,REF-021-PER-001-0053,LOW,ref-asset-021,MEDIUM,NOT_ESCALATED,sensitivity observations certificate indicator confirmation boundary threshold inventory annotated analysed topology region calibration submitted
REF-021,PER-001,REF-021-PER-001-0054,CRITICAL,ref-asset-002,LOW,NOT_ESCALATED,pattern queue checksum latency entries inspected summary tuning padding capturing traced authentication topology confirmation
REF-021,PER-001,REF-021-PER-001-0055,HIGH,ref-asset-023,MEDIUM,NOT_ESCALATED,
REF-021,PER-001,REF-021-PER-001-0056,CRITICAL,ref-asset-022,LOW,NOT_ESCALATED,sampling analysed deviation batch behaviour ledger submitted earlier closure authentication for contents payload region
REF-021,PER-001,REF-021-PER-001-0057,CRITICAL,ref-asset-001,CRITICAL,ESCALATED,header review narrative checksum closure guidance ancestry packets unapproved offset during threshold integrity retrospective
REF-021,PER-001,REF-021-PER-001-0058,MEDIUM,ref-asset-002,LOW,NOT_ESCALATED,
REF-021,PER-001,REF-021-PER-001-0059,LOW,ref-asset-022,LOW,ESCALATED,
REF-022,PER-001,REF-022-PER-001-0001,CRITICAL,ref-asset-020,HIGH,NOT_ESCALATED,consolidated deviation earlier of segment during topology rotation review memory offset verification sequence boundary
REF-022,PER-001,REF-022-PER-001-0002,LOW,ref-asset-019,CRITICAL,NOT_ESCALATED,privilege components sequence threshold submitted queue provisional narrative during recommendation indicator entries expected guidance
REF-022,PER-001,REF-022-PER-001-0003,LOW,ref-asset-001,MEDIUM,,
REF-022,PER-001,REF-022-PER-001-0004,CRITICAL,ref-asset-007,MEDIUM,NOT_ESCALATED,
REF-022,PER-001,REF-022-PER-001-0005,CRITICAL,ref-asset-017,LOW,ESCALATED,reviewed queued alert and confirmed recurring pattern on endpoint
REF-022,PER-001,REF-022-PER-001-0006,CRITICAL,ref-asset-014,LOW,NOT_ESCALATED,
REF-022,PER-001,REF-022-PER-001-0007,LOW,ref-asset-006,CRITICAL,ESCALATED,
REF-022,PER-001,REF-022-PER-001-0008,HIGH,ref-asset-020,CRITICAL,NOT_ESCALATED,
REF-022,PER-001,REF-022-PER-001-0009,CRITICAL,ref-asset-013,CRITICAL,NOT_ESCALATED,analysed affected consolidated correlation review padding guidance scrutinising queue across window earlier endpoints destination
REF-022,PER-001,REF-022-PER-001-0010,CRITICAL,ref-asset-006,CRITICAL,ESCALATED,
REF-022,PER-001,REF-022-PER-001-0011,CRITICAL,ref-asset-012,MEDIUM,NOT_ESCALATED,header endpoints retrospective ownership queue deviation sensitivity scrutinising recurring narrative confirmation observations sampling recommendation
REF-022,PER-001,REF-022-PER-001-0012,CRITICAL,ref-asset-010,MEDIUM,NOT_ESCALATED,
REF-022,PER-001,REF-022-PER-001-0013,HIGH,ref-asset-020,LOW,NOT_ESCALATED,
REF-022,PER-001,REF-022-PER-001-0014,CRITICAL,ref-asset-013,HIGH,NOT_ESCALATED,of batch annotated entries observations padding analysed header payload checksum behaviour sensitivity offset verification
REF-022,PER-001,REF-022-PER-001-0015,LOW,ref-asset-011,MEDIUM,NOT_ESCALATED,across annotated payload window memory provisional submitted earlier rotation affected retrospective endpoints indicator privilege
REF-022,PER-001,REF-022-PER-001-0016,CRITICAL,ref-asset-024,CRITICAL,NOT_ESCALATED,
REF-022,PER-001,REF-022-PER-001-0017,MEDIUM,ref-asset-017,CRITICAL,NOT_ESCALATED,matched header latency observations privilege scrutinising entries padding annotated compared submitted validated across traced
REF-022,PER-001,REF-022-PER-001-0018,HIGH,ref-asset-019,LOW,NOT_ESCALATED,compared against baseline and observed no deviation from normal
REF-022,PER-001,REF-022-PER-001-0019,CRITICAL,ref-asset-011,LOW,ESCALATED,
REF-022,PER-001,REF-022-PER-001-0020,LOW,ref-asset-014,CRITICAL,,sampling telemetry before observations ancestry entries header review retrospective analysed inventory confirmation calibration behaviour
REF-022,PER-001,REF-022-PER-001-0021,LOW,ref-asset-001,LOW,NOT_ESCALATED,
REF-022,PER-001,REF-022-PER-001-0022,CRITICAL,ref-asset-003,LOW,NOT_ESCALATED,matched known indicator and escalated to on call for guidance
REF-022,PER-001,REF-022-PER-001-0023,CRITICAL,ref-asset-019,LOW,NOT_ESCALATED,correlated with change window and marked as expected behaviour
REF-022,PER-001,REF-022-PER-001-0024,CRITICAL,ref-asset-013,MEDIUM,NOT_ESCALATED,
REF-022,PER-001,REF-022-PER-001-0025,CRITICAL,ref-asset-019,HIGH,NOT_ESCALATED,chain for review window guidance certificate offset ledger summary topology affected pattern traced worksheet
REF-022,PER-001,REF-022-PER-001-0026,LOW,ref-asset-016,LOW,NOT_ESCALATED,inspected process list and found no further suspicious activity
REF-022,PER-001,REF-022-PER-001-0027,LOW,ref-asset-017,LOW,NOT_ESCALATED,
REF-022,PER-001,REF-022-PER-001-0028,CRITICAL,ref-asset-003,LOW,NOT_ESCALATED,inspected observations review handshake window analysed verification ancestry topology indicator integrity contents calibration queue
REF-022,PER-001,REF-022-PER-001-0029,LOW,ref-asset-011,HIGH,ESCALATED,
REF-022,PER-001,REF-022-PER-001-0030,LOW,ref-asset-010,MEDIUM,ESCALATED,ancestry during with region observed inventory topology padding expected stakeholders rotation packets compared provisional
REF-022,PER-001,REF-022-PER-001-0031,CRITICAL,ref-asset-003,MEDIUM,NOT_ESCALATED,recurring threshold header pattern ancestry baseline expected traced observations and padding memory retrospective endpoints
REF-022,PER-001,REF-022-PER-001-0032,CRITICAL,ref-asset-011,LOW,NOT_ESCALATED,validated packet capture and closed after verification step
REF-022,PER-001,REF-022-PER-001-0033,LOW,ref-asset-010,LOW,NOT_ESCALATED,certificate chain validated against the trusted store memory region contents sampled during the incident window network segment isolated pending further correlation ref 26804
REF-022,PER-001,REF-022-PER-001-0034,CRITICAL,ref-asset-008,MEDIUM,NOT_ESCALATED,
REF-022,PER-001,REF-022-PER-001-0035,CRITICAL,ref-asset-012,LOW,NOT_ESCALATED,offset rotation of scrutinising entries components tuning handshake review pattern capturing and correlation calibration
REF-022,PER-001,REF-022-PER-001-0036,CRITICAL,ref-asset-010,HIGH,NOT_ESCALATED,before chain unapproved stakeholders compared destination ledger privilege and closure padding recommendation confirmation sampling
REF-022,PER-001,REF-022-PER-001-0037,LOW,ref-asset-024,CRITICAL,NOT_ESCALATED,
REF-022,PER-001,REF-022-PER-001-0038,LOW,ref-asset-017,MEDIUM,NOT_ESCALATED,telemetry verification inspected ancestry annotated observed boundary contents analysed correlation with validated window compared
REF-022,PER-001,REF-022-PER-001-0039,LOW,ref-asset-004,HIGH,NOT_ESCALATED,
REF-022,PER-001,REF-022-PER-001-0040,CRITICAL,ref-asset-014,MEDIUM,ESCALATED,region matched closure capturing contents summary integrity unapproved guidance indicator affected for recurring review
REF-022,PER-001,REF-022-PER-001-0041,MEDIUM,ref-asset-020,MEDIUM,,contents ledger recurring validated tuning confirmation closure segment window pattern with region unapproved earlier
REF-022,PER-001,REF-022-PER-001-0042,CRITICAL,ref-asset-022,MEDIUM,NOT_ESCALATED,validated memory earlier topology integrity inventory indicator and handshake ownership endpoints appendix capturing verification
REF-022,PER-001,REF-022-PER-001-0043,HIGH,ref-asset-024,MEDIUM,NOT_ESCALATED,sequence guidance deviation telemetry traced stakeholders endpoints provisional retrospective verification closure boundary inventory topology
REF-022,PER-001,REF-022-PER-001-0044,CRITICAL,ref-asset-019,HIGH,ESCALATED,verification closure authentication traced of compared components padding rotation affected worksheet ledger documented earlier
REF-022,PER-001,REF-022-PER-001-0045,LOW,ref-asset-008,MEDIUM,NOT_ESCALATED,submitted earlier provisional authentication worksheet documented window inspected summary checksum closure observed tuning chain
REF-022,PER-001,REF-022-PER-001-0046,CRITICAL,ref-asset-024,HIGH,NOT_ESCALATED,
REF-022,PER-001,REF-022-PER-001-0047,LOW,ref-asset-002,LOW,NOT_ESCALATED,privilege boundary inspected and no escalation of rights seen queue latency threshold exceeded during the reporting window memory region contents sampled during the incident window ref 13110
REF-022,PER-001,REF-022-PER-001-0048,HIGH,ref-asset-002,HIGH,NOT_ESCALATED,
REF-022,PER-001,REF-022-PER-001-0049,MEDIUM,ref-asset-021,CRITICAL,NOT_ESCALATED,
REF-022,PER-001,REF-022-PER-001-0050,MEDIUM,ref-asset-006,MEDIUM,NOT_ESCALATED,deviation review indicator narrative inventory entries ancestry validated with baseline pattern tuning unapproved closure
REF-022,PER-001,REF-022-PER-001-0051,CRITICAL,ref-asset-011,CRITICAL,NOT_ESCALATED,
REF-022,PER-001,REF-022-PER-001-0052,MEDIUM,ref-asset-019,HIGH,NOT_ESCALATED,observations queue topology scrutinising privilege correlation confirmation destination with review validated window rotation matched
REF-022,PER-001,REF-022-PER-001-0053,MEDIUM,ref-asset-020,CRITICAL,ESCALATED,closure sampling matched before provisional observed sequence review annotated indicator entries integrity ownership guidance
REF-022,PER-001,REF-022-PER-001-0054,CRITICAL,ref-asset-018,LOW,NOT_ESCALATED,
REF-022,PER-001,REF-022-PER-001-0055,MEDIUM,ref-asset-024,HIGH,NOT_ESCALATED,privilege boundary inspected and no escalation of rights seen memory region contents sampled during the incident window payload header checksum mismatch observed in transit ref 64890
REF-022,PER-001,REF-022-PER-001-0056,CRITICAL,ref-asset-003,LOW,NOT_ESCALATED,
REF-022,PER-001,REF-022-PER-001-0057,LOW,ref-asset-010,LOW,ESCALATED,closure review submitted window worksheet integrity verification closure review before narrative ledger calibration deviation
REF-022,PER-001,REF-022-PER-001-0058,HIGH,ref-asset-003,MEDIUM,NOT_ESCALATED,session token replay detected on the affected endpoint authentication handshake retried several times before success outbound connection attempted to an unapproved destination ref 7813
REF-023,PER-001,REF-023-PER-001-0001,CRITICAL,ref-asset-001,LOW,NOT_ESCALATED,
REF-023,PER-001,REF-023-PER-001-0002,MEDIUM,ref-asset-019,CRITICAL,ESCALATED,narrative of guidance ancestry calibration privilege expected inventory confirmation scrutinising sequence interval memory batch
REF-023,PER-001,REF-023-PER-001-0003,LOW,ref-asset-019,MEDIUM,NOT_ESCALATED,
REF-023,PER-001,REF-023-PER-001-0004,LOW,ref-asset-024,HIGH,NOT_ESCALATED,
REF-023,PER-001,REF-023-PER-001-0005,LOW,ref-asset-016,MEDIUM,NOT_ESCALATED,header guidance closure recurring rotation topology baseline and stakeholders tuning matched review unapproved for
REF-023,PER-001,REF-023-PER-001-0006,LOW,ref-asset-021,LOW,NOT_ESCALATED,observations confirmation and compared contents appendix privilege for payload region integrity calibration documented certificate
REF-023,PER-001,REF-023-PER-001-0007,CRITICAL,ref-asset-022,MEDIUM,NOT_ESCALATED,validated packet capture and closed after verification step
REF-023,PER-001,REF-023-PER-001-0008,MEDIUM,ref-asset-017,CRITICAL,NOT_ESCALATED,
REF-023,PER-001,REF-023-PER-001-0009,MEDIUM,ref-asset-010,CRITICAL,ESCALATED,privilege boundary inspected and no escalation of rights seen process ancestry traced back to the initiating service outbound connection attempted to an unapproved destination ref 31678
REF-023,PER-001,REF-023-PER-001-0010,HIGH,ref-asset-021,CRITICAL,NOT_ESCALATED,
REF-023,PER-001,REF-023-PER-001-0011,MEDIUM,ref-asset-008,HIGH,NOT_ESCALATED,
REF-023,PER-001,REF-023-PER-001-0012,HIGH,ref-asset-001,MEDIUM,NOT_ESCALATED,
REF-023,PER-001,REF-023-PER-001-0013,CRITICAL,ref-asset-023,HIGH,NOT_ESCALATED,
REF-023,PER-001,REF-023-PER-001-0014,HIGH,ref-asset-001,HIGH,ESCALATED,review validated with offset latency handshake retrospective packets and destination earlier window affected annotated
REF-023,PER-001,REF-023-PER-001-0015,CRITICAL,ref-asset-018,CRITICAL,NOT_ESCALATED,segment header handshake destination expected observed capturing contents endpoints sampling sequence integrity tuning recommendation
REF-023,PER-001,REF-023-PER-001-0016,MEDIUM,ref-asset-023,LOW,NOT_ESCALATED,correlated with change window and marked as expected behaviour
REF-023,PER-001,REF-023-PER-001-0017,MEDIUM,ref-asset-001,MEDIUM,,memory during header endpoints matched queue ownership affected contents verification batch retrospective window recurring
REF-023,PER-001,REF-023-PER-001-0018,LOW,ref-asset-023,LOW,NOT_ESCALATED,baseline validated verification guidance queue authentication entries worksheet destination summary with payload handshake inspected
REF-023,PER-001,REF-023-PER-001-0019,CRITICAL,ref-asset-023,MEDIUM,NOT_ESCALATED,privilege traced entries confirmation ancestry sequence latency deviation stakeholders consolidated checksum verification region tuning
REF-023,PER-001,REF-023-PER-001-0020,CRITICAL,ref-asset-017,MEDIUM,NOT_ESCALATED,certificate batch authentication analysed telemetry memory matched indicator payload padding closure deviation review guidance
REF-023,PER-001,REF-023-PER-001-0021,MEDIUM,ref-asset-023,MEDIUM,NOT_ESCALATED,before baseline boundary contents matched validated closure during recurring provisional payload review and capturing
REF-023,PER-001,REF-023-PER-001-0022,LOW,ref-asset-004,MEDIUM,NOT_ESCALATED,reviewed queued alert and confirmed recurring pattern on endpoint
REF-023,PER-001,REF-023-PER-001-0023,CRITICAL,ref-asset-020,CRITICAL,NOT_ESCALATED,
REF-023,PER-001,REF-023-PER-001-0024,HIGH,ref-asset-001,MEDIUM,NOT_ESCALATED,before integrity provisional consolidated capturing entries and with stakeholders destination padding threshold components sensitivity
REF-023,PER-001,REF-023-PER-001-0025,LOW,ref-asset-017,MEDIUM,NOT_ESCALATED,
REF-023,PER-001,REF-023-PER-001-0026,MEDIUM,ref-asset-024,MEDIUM,NOT_ESCALATED,inspected process list and found no further suspicious activity
REF-023,PER-001,REF-023-PER-001-0027,CRITICAL,ref-asset-017,CRITICAL,NOT_ESCALATED,during capturing ancestry verification boundary interval provisional guidance ledger and queue narrative inspected handshake
REF-023,PER-001,REF-023-PER-001-0028,HIGH,ref-asset-018,CRITICAL,ESCALATED,
REF-023,PER-001,REF-023-PER-001-0029,LOW,ref-asset-010,MEDIUM,NOT_ESCALATED,
REF-023,PER-001,REF-023-PER-001-0030,LOW,ref-asset-022,CRITICAL,NOT_ESCALATED,matched known indicator and escalated to on call for guidance
REF-023,PER-001,REF-023-PER-001-0031,HIGH,ref-asset-023,CRITICAL,NOT_ESCALATED,compared against baseline and observed no deviation from normal
REF-023,PER-001,REF-023-PER-001-0032,LOW,ref-asset-023,MEDIUM,NOT_ESCALATED,expected summary annotated guidance for memory capturing stakeholders integrity compared of recurring window telemetry
REF-023,PER-001,REF-023-PER-001-0033,LOW,ref-asset-023,LOW,NOT_ESCALATED,
REF-023,PER-001,REF-023-PER-001-0034,CRITICAL,ref-asset-020,LOW,NOT_ESCALATED,
REF-023,PER-001,REF-023-PER-001-0035,LOW,ref-asset-001,HIGH,NOT_ESCALATED,authentication handshake retried several times before success privilege boundary inspected and no escalation of rights seen certificate chain validated against the trusted store ref 66019
REF-023,PER-001,REF-023-PER-001-0036,LOW,ref-asset-023,LOW,,telemetry summary matched correlation destination threshold narrative latency scrutinising worksheet documented closure closure ownership
REF-023,PER-001,REF-023-PER-001-0037,LOW,ref-asset-018,CRITICAL,NOT_ESCALATED,
REF-023,PER-001,REF-023-PER-001-0038,LOW,ref-asset-015,CRITICAL,ESCALATED,
REF-023,PER-001,REF-023-PER-001-0039,CRITICAL,ref-asset-001,CRITICAL,NOT_ESCALATED,
REF-023,PER-001,REF-023-PER-001-0040,MEDIUM,ref-asset-018,CRITICAL,NOT_ESCALATED,window behaviour expected topology validated inventory batch capturing appendix review stakeholders recommendation region consolidated
REF-023,PER-001,REF-023-PER-001-0041,HIGH,ref-asset-018,LOW,NOT_ESCALATED,
REF-023,PER-001,REF-023-PER-001-0042,HIGH,ref-asset-007,HIGH,NOT_ESCALATED,validated endpoints payload guidance certificate review across correlation before scrutinising contents annotated submitted sampling
REF-023,PER-001,REF-023-PER-001-0043,HIGH,ref-asset-003,MEDIUM,NOT_ESCALATED,annotated boundary summary capturing review sensitivity sequence before documented telemetry authentication provisional certificate scrutinising
REF-023,PER-001,REF-023-PER-001-0044,LOW,ref-asset-022,LOW,NOT_ESCALATED,for topology certificate appendix memory observations recurring ledger packets header privilege tuning retrospective threshold
REF-023,PER-001,REF-023-PER-001-0045,LOW,ref-asset-018,CRITICAL,ESCALATED,guidance submitted unapproved analysed threshold recommendation verification ownership rotation payload with traced packets worksheet
REF-023,PER-001,REF-023-PER-001-0046,LOW,ref-asset-018,LOW,NOT_ESCALATED,inventory during annotated contents review certificate integrity of recurring validated header capturing ledger earlier
REF-023,PER-001,REF-023-PER-001-0047,HIGH,ref-asset-013,LOW,ESCALATED,expected queue narrative observed documented correlation calibration padding recurring window offset capturing scrutinising latency
REF-023,PER-001,REF-023-PER-001-0048,CRITICAL,ref-asset-014,LOW,NOT_ESCALATED,guidance observed indicator during privilege sequence entries certificate observations baseline matched stakeholders offset window
REF-023,PER-001,REF-023-PER-001-0049,CRITICAL,ref-asset-022,LOW,NOT_ESCALATED,destination scrutinising certificate chain of summary observations expected recurring for deviation sequence threshold topology
REF-023,PER-001,REF-023-PER-001-0050,HIGH,ref-asset-014,MEDIUM,NOT_ESCALATED,
REF-023,PER-001,REF-023-PER-001-0051,LOW,ref-asset-001,HIGH,NOT_ESCALATED,entries checksum traced summary matched observations window handshake review submitted unapproved certificate pattern of
REF-023,PER-001,REF-023-PER-001-0052,CRITICAL,ref-asset-024,LOW,NOT_ESCALATED,
REF-023,PER-001,REF-023-PER-001-0053,LOW,ref-asset-024,CRITICAL,,
REF-023,PER-001,REF-023-PER-001-0054,CRITICAL,ref-asset-001,CRITICAL,NOT_ESCALATED,earlier review contents segment packets region during closure traced affected worksheet calibration pattern ancestry
REF-023,PER-001,REF-023-PER-001-0055,MEDIUM,ref-asset-023,HIGH,NOT_ESCALATED,authentication handshake retried several times before success session token replay detected on the affected endpoint file integrity baseline compared and no change detected ref 40854
REF-023,PER-001,REF-023-PER-001-0056,HIGH,ref-asset-006,HIGH,NOT_ESCALATED,correlation capturing authentication queue traced sequence retrospective pattern sampling ownership submitted certificate observations validated
REF-023,PER-001,REF-023-PER-001-0057,HIGH,ref-asset-024,CRITICAL,NOT_ESCALATED,
REF-023,PER-001,REF-023-PER-001-0058,MEDIUM,ref-asset-008,LOW,NOT_ESCALATED,privilege submitted closure window integrity matched handshake payload ancestry endpoints region review guidance retrospective
REF-023,PER-001,REF-023-PER-001-0059,CRITICAL,ref-asset-023,MEDIUM,,
REF-023,PER-001,REF-023-PER-001-0060,HIGH,ref-asset-023,MEDIUM,ESCALATED,
REF-023,PER-001,REF-023-PER-001-0061,HIGH,ref-asset-020,MEDIUM,ESCALATED,
REF-024,PER-001,REF-024-PER-001-0001,CRITICAL,ref-asset-021,CRITICAL,NOT_ESCALATED,inspected process list and found no further suspicious activity
REF-024,PER-001,REF-024-PER-001-0002,CRITICAL,ref-asset-012,LOW,NOT_ESCALATED,
REF-024,PER-001,REF-024-PER-001-0003,CRITICAL,ref-asset-020,HIGH,NOT_ESCALATED,payload certificate offset of endpoints pattern latency sensitivity affected baseline traced handshake before correlation
REF-024,PER-001,REF-024-PER-001-0004,LOW,ref-asset-008,LOW,NOT_ESCALATED,compared against baseline and observed no deviation from normal
REF-024,PER-001,REF-024-PER-001-0005,HIGH,ref-asset-018,HIGH,NOT_ESCALATED,validated packet capture and closed after verification step
REF-024,PER-001,REF-024-PER-001-0006,HIGH,ref-asset-022,CRITICAL,,reviewed queued alert and confirmed recurring pattern on endpoint
REF-024,PER-001,REF-024-PER-001-0007,CRITICAL,ref-asset-023,CRITICAL,NOT_ESCALATED,correlated with change window and marked as expected behaviour
REF-024,PER-001,REF-024-PER-001-0008,CRITICAL,ref-asset-019,MEDIUM,NOT_ESCALATED,consolidated observations with offset closure tuning pattern latency memory sensitivity observed compared telemetry padding
REF-024,PER-001,REF-024-PER-001-0009,MEDIUM,ref-asset-019,HIGH,NOT_ESCALATED,certificate payload closure before window analysed affected recommendation validated correlation appendix annotated unapproved traced
REF-024,PER-001,REF-024-PER-001-0010,HIGH,ref-asset-003,MEDIUM,NOT_ESCALATED,memory region contents sampled during the incident window session token replay detected on the affected endpoint file integrity baseline compared and no change detected ref 61682
REF-024,PER-001,REF-024-PER-001-0011,CRITICAL,ref-asset-009,HIGH,ESCALATED,matched known indicator and escalated to on call for guidance
REF-024,PER-001,REF-024-PER-001-0012,CRITICAL,ref-asset-006,CRITICAL,NOT_ESCALATED,of tuning observations during traced chain recommendation authentication unapproved and queue scrutinising affected validated
REF-024,PER-001,REF-024-PER-001-0013,LOW,ref-asset-006,HIGH,NOT_ESCALATED,
REF-024,PER-001,REF-024-PER-001-0014,HIGH,ref-asset-018,LOW,,recommendation confirmation provisional analysed telemetry compared scrutinising before and packets segment inventory privilege inspected
REF-024,PER-001,REF-024-PER-001-0015,CRITICAL,ref-asset-015,HIGH,NOT_ESCALATED,segment scrutinising stakeholders packets batch annotated traced narrative ledger unapproved closure closure queue indicator
REF-024,PER-001,REF-024-PER-001-0016,CRITICAL,ref-asset-017,MEDIUM,NOT_ESCALATED,
REF-024,PER-001,REF-024-PER-001-0017,MEDIUM,ref-asset-022,CRITICAL,NOT_ESCALATED,batch latency deviation submitted privilege region correlation recurring window sensitivity matched observations endpoints with
REF-024,PER-001,REF-024-PER-001-0018,CRITICAL,ref-asset-016,CRITICAL,NOT_ESCALATED,endpoints interval and indicator components summary traced ancestry expected capturing rotation recurring unapproved annotated
REF-024,PER-001,REF-024-PER-001-0019,LOW,ref-asset-023,CRITICAL,NOT_ESCALATED,retrospective narrative topology offset calibration header of interval handshake contents closure pattern privilege before
REF-024,PER-001,REF-024-PER-001-0020,HIGH,ref-asset-015,MEDIUM,NOT_ESCALATED,earlier handshake for inventory deviation recommendation queue interval window closure pattern across calibration verification
REF-024,PER-001,REF-024-PER-001-0021,LOW,ref-asset-015,CRITICAL,ESCALATED,inventory closure telemetry worksheet capturing affected annotated confirmation components before sampling observed sensitivity consolidated
REF-024,PER-001,REF-024-PER-001-0022,MEDIUM,ref-asset-004,CRITICAL,NOT_ESCALATED,chain memory across components scrutinising matched payload observations correlation baseline behaviour offset unapproved closure
REF-024,PER-001,REF-024-PER-001-0023,CRITICAL,ref-asset-016,HIGH,NOT_ESCALATED,of earlier topology affected inspected deviation retrospective offset ownership closure observed endpoints authentication packets
REF-024,PER-001,REF-024-PER-001-0024,MEDIUM,ref-asset-021,CRITICAL,NOT_ESCALATED,calibration ledger memory region deviation compared entries submitted documented sensitivity boundary during header retrospective
REF-024,PER-001,REF-024-PER-001-0025,CRITICAL,ref-asset-016,LOW,NOT_ESCALATED,destination traced behaviour verification entries closure earlier submitted matched threshold during across inventory provisional
REF-024,PER-001,REF-024-PER-001-0026,CRITICAL,ref-asset-016,HIGH,NOT_ESCALATED,stakeholders inspected review earlier chain components compared sensitivity pattern closure before closure unapproved observed
REF-024,PER-001,REF-024-PER-001-0027,MEDIUM,ref-asset-012,HIGH,NOT_ESCALATED,chain indicator ledger across topology expected window matched region summary payload behaviour capturing sampling
REF-024,PER-001,REF-024-PER-001-0028,MEDIUM,ref-asset-005,CRITICAL,NOT_ESCALATED,affected integrity compared telemetry summary indicator closure memory matched boundary correlation sequence endpoints batch
REF-024,PER-001,REF-024-PER-001-0029,CRITICAL,ref-asset-023,HIGH,NOT_ESCALATED,matched verification closure of and correlation analysed offset entries region stakeholders telemetry ancestry endpoints
REF-024,PER-001,REF-024-PER-001-0030,MEDIUM,ref-asset-022,HIGH,NOT_ESCALATED,recommendation unapproved and rotation review closure endpoints checksum padding stakeholders contents certificate integrity provisional
REF-024,PER-001,REF-024-PER-001-0031,CRITICAL,ref-asset-007,CRITICAL,NOT_ESCALATED,submitted padding payload ownership summary destination tuning contents before appendix correlation guidance batch telemetry
REF-024,PER-001,REF-024-PER-001-0032,CRITICAL,ref-asset-011,HIGH,ESCALATED,analysed worksheet appendix recurring queue interval submitted tuning earlier memory observed deviation before padding
REF-024,PER-001,REF-024-PER-001-0033,CRITICAL,ref-asset-020,HIGH,NOT_ESCALATED,across matched stakeholders recommendation payload observed closure appendix guidance region during ancestry handshake provisional
REF-024,PER-001,REF-024-PER-001-0034,HIGH,ref-asset-013,MEDIUM,NOT_ESCALATED,file integrity baseline compared and no change detected privilege boundary inspected and no escalation of rights seen payload header checksum mismatch observed in transit ref 61617
REF-024,PER-001,REF-024-PER-001-0035,CRITICAL,ref-asset-017,LOW,NOT_ESCALATED,segment calibration unapproved topology recurring scrutinising sampling handshake region observed verification contents guidance ancestry
REF-024,PER-001,REF-024-PER-001-0036,MEDIUM,ref-asset-017,MEDIUM,NOT_ESCALATED,correlation correlation inventory memory deviation queue padding ownership entries components closure authentication capturing earlier
REF-024,PER-001,REF-024-PER-001-0037,CRITICAL,ref-asset-023,LOW,NOT_ESCALATED,window ledger segment validated capturing verification privilege submitted endpoints before offset confirmation matched inventory
REF-024,PER-001,REF-024-PER-001-0038,MEDIUM,ref-asset-023,MEDIUM,NOT_ESCALATED,correlation calibration region analysed recommendation latency verification validated checksum capturing topology recurring privilege of
REF-024,PER-001,REF-024-PER-001-0039,CRITICAL,ref-asset-022,CRITICAL,NOT_ESCALATED,
REF-024,PER-001,REF-024-PER-001-0040,MEDIUM,ref-asset-019,LOW,NOT_ESCALATED,provisional appendix calibration review correlation sensitivity before submitted for consolidated capturing sequence handshake deviation
REF-024,PER-001,REF-024-PER-001-0041,LOW,ref-asset-018,CRITICAL,NOT_ESCALATED,payload stakeholders authentication latency review ownership queue integrity window calibration for chain before submitted
REF-024,PER-001,REF-024-PER-001-0042,CRITICAL,ref-asset-010,CRITICAL,NOT_ESCALATED,worksheet correlation recommendation tuning during entries before with region guidance stakeholders components checksum analysed
REF-024,PER-001,REF-024-PER-001-0043,MEDIUM,ref-asset-023,HIGH,NOT_ESCALATED,network segment isolated pending further correlation queue latency threshold exceeded during the reporting window payload header checksum mismatch observed in transit ref 57899
REF-024,PER-001,REF-024-PER-001-0044,CRITICAL,ref-asset-004,LOW,NOT_ESCALATED,packets confirmation ancestry traced boundary handshake stakeholders annotated topology earlier across components window submitted
REF-024,PER-001,REF-024-PER-001-0045,LOW,ref-asset-017,CRITICAL,ESCALATED,documented validated batch observed memory chain retrospective annotated sampling ancestry sequence appendix earlier deviation
REF-024,PER-001,REF-024-PER-001-0046,LOW,ref-asset-015,MEDIUM,ESCALATED,latency for unapproved queue batch boundary closure annotated telemetry rotation provisional sampling guidance matched
REF-024,PER-001,REF-024-PER-001-0047,HIGH,ref-asset-008,MEDIUM,NOT_ESCALATED,narrative traced review before ledger entries pattern contents region and window matched interval during
REF-024,PER-001,REF-024-PER-001-0048,CRITICAL,ref-asset-010,MEDIUM,NOT_ESCALATED,interval memory offset endpoints sampling guidance chain observed of traced worksheet stakeholders matched ownership
REF-024,PER-001,REF-024-PER-001-0049,MEDIUM,ref-asset-014,CRITICAL,NOT_ESCALATED,expected across rotation annotated worksheet narrative endpoints indicator pattern privilege validated window packets before
REF-024,PER-001,REF-024-PER-001-0050,HIGH,ref-asset-007,CRITICAL,NOT_ESCALATED,components latency annotated provisional inventory expected inspected offset integrity ownership handshake capturing narrative review
REF-024,PER-001,REF-024-PER-001-0051,MEDIUM,ref-asset-017,MEDIUM,NOT_ESCALATED,confirmation for annotated pattern authentication compared and behaviour of closure checksum indicator consolidated calibration
REF-024,PER-001,REF-024-PER-001-0052,CRITICAL,ref-asset-019,LOW,NOT_ESCALATED,traced submitted observed worksheet endpoints of retrospective expected privilege with tuning validated calibration confirmation
REF-024,PER-001,REF-024-PER-001-0053,LOW,ref-asset-009,LOW,,sampling destination inspected threshold ancestry correlation consolidated verification calibration region worksheet sensitivity contents confirmation
REF-024,PER-001,REF-024-PER-001-0054,CRITICAL,ref-asset-005,HIGH,NOT_ESCALATED,region unapproved earlier across components checksum window recurring verification before scrutinising header ownership topology
REF-024,PER-001,REF-024-PER-001-0055,CRITICAL,ref-asset-013,MEDIUM,NOT_ESCALATED,
REF-024,PER-001,REF-024-PER-001-0056,LOW,ref-asset-021,LOW,NOT_ESCALATED,privilege stakeholders closure handshake boundary submitted correlation tuning certificate before recurring scrutinising components rotation
REF-024,PER-001,REF-024-PER-001-0057,HIGH,ref-asset-022,CRITICAL,NOT_ESCALATED,
REF-024,PER-001,REF-024-PER-001-0058,CRITICAL,ref-asset-004,CRITICAL,ESCALATED,recurring before offset handshake correlation contents deviation worksheet verification region window provisional consolidated stakeholders
REF-024,PER-001,REF-024-PER-001-0059,CRITICAL,ref-asset-023,LOW,NOT_ESCALATED,interval affected across for sequence inventory observed review annotated appendix pattern tuning verification ancestry
REF-024,PER-001,REF-024-PER-001-0060,HIGH,ref-asset-023,CRITICAL,NOT_ESCALATED,across retrospective during unapproved stakeholders integrity review documented correlation padding behaviour recurring payload segment
REF-024,PER-001,REF-024-PER-001-0061,CRITICAL,ref-asset-017,CRITICAL,NOT_ESCALATED,for sampling narrative provisional inspected sequence offset traced with ledger summary recurring window region
REF-024,PER-001,REF-024-PER-001-0062,MEDIUM,ref-asset-018,LOW,NOT_ESCALATED,
REF-024,PER-001,REF-024-PER-001-0063,MEDIUM,ref-asset-015,MEDIUM,NOT_ESCALATED,tuning across capturing authentication sensitivity during compared review retrospective validated threshold latency deviation inspected
REF-025,PER-001,REF-025-PER-001-0001,CRITICAL,ref-asset-013,MEDIUM,ESCALATED,process ancestry traced back to the initiating service outbound connection attempted to an unapproved destination log source rotated and earlier entries unavailable for review ref 86769
REF-025,PER-001,REF-025-PER-001-0002,LOW,ref-asset-002,CRITICAL,ESCALATED,closure baseline submitted pattern recurring observed padding interval confirmation expected integrity provisional stakeholders boundary
REF-025,PER-001,REF-025-PER-001-0003,MEDIUM,ref-asset-013,LOW,NOT_ESCALATED,validated packet capture and closed after verification step
REF-025,PER-001,REF-025-PER-001-0004,HIGH,ref-asset-007,HIGH,NOT_ESCALATED,offset deviation closure indicator before segment destination topology appendix recurring endpoints guidance unapproved of
REF-025,PER-001,REF-025-PER-001-0005,LOW,ref-asset-009,LOW,NOT_ESCALATED,correlated with change window and marked as expected behaviour
REF-025,PER-001,REF-025-PER-001-0006,CRITICAL,ref-asset-005,CRITICAL,,payload sensitivity boundary certificate matched during expected review correlation inventory padding closure correlation packets
REF-025,PER-001,REF-025-PER-001-0007,MEDIUM,ref-asset-009,LOW,NOT_ESCALATED,
REF-025,PER-001,REF-025-PER-001-0008,MEDIUM,ref-asset-002,CRITICAL,NOT_ESCALATED,memory region contents sampled during the incident window privilege boundary inspected and no escalation of rights seen queue latency threshold exceeded during the reporting window ref 61869
REF-025,PER-001,REF-025-PER-001-0009,CRITICAL,ref-asset-012,MEDIUM,ESCALATED,outbound connection attempted to an unapproved destination memory region contents sampled during the incident window log source rotated and earlier entries unavailable for review ref 76881
REF-025,PER-001,REF-025-PER-001-0010,HIGH,ref-asset-007,CRITICAL,,confirmation rotation affected closure queue boundary pattern earlier submitted verification stakeholders header baseline ownership
REF-025,PER-001,REF-025-PER-001-0011,HIGH,ref-asset-001,MEDIUM,NOT_ESCALATED,of retrospective unapproved baseline during components inventory stakeholders inspected destination narrative closure for region
REF-025,PER-001,REF-025-PER-001-0012,LOW,ref-asset-010,MEDIUM,,
REF-025,PER-001,REF-025-PER-001-0013,MEDIUM,ref-asset-007,CRITICAL,ESCALATED,matched known indicator and escalated to on call for guidance
REF-025,PER-001,REF-025-PER-001-0014,CRITICAL,ref-asset-001,LOW,NOT_ESCALATED,compared against baseline and observed no deviation from normal
REF-025,PER-001,REF-025-PER-001-0015,LOW,ref-asset-010,LOW,ESCALATED,
REF-025,PER-001,REF-025-PER-001-0016,HIGH,ref-asset-012,LOW,NOT_ESCALATED,privilege review recurring calibration destination baseline before earlier behaviour checksum retrospective certificate tuning window
REF-025,PER-001,REF-025-PER-001-0017,LOW,ref-asset-011,LOW,NOT_ESCALATED,inspected process list and found no further suspicious activity
REF-025,PER-001,REF-025-PER-001-0018,MEDIUM,ref-asset-008,CRITICAL,NOT_ESCALATED,reviewed queued alert and confirmed recurring pattern on endpoint
REF-025,PER-001,REF-025-PER-001-0019,CRITICAL,ref-asset-010,HIGH,ESCALATED,
REF-025,PER-001,REF-025-PER-001-0020,CRITICAL,ref-asset-008,CRITICAL,NOT_ESCALATED,
REF-025,PER-001,REF-025-PER-001-0021,CRITICAL,ref-asset-009,HIGH,ESCALATED,endpoints recurring capturing boundary calibration retrospective latency guidance observations window unapproved offset across certificate
REF-025,PER-001,REF-025-PER-001-0022,CRITICAL,ref-asset-009,CRITICAL,NOT_ESCALATED,
REF-025,PER-001,REF-025-PER-001-0023,HIGH,ref-asset-007,HIGH,,boundary documented correlation closure inventory compared rotation worksheet closure topology padding review pattern scrutinising
REF-025,PER-001,REF-025-PER-001-0024,CRITICAL,ref-asset-010,HIGH,ESCALATED,annotated consolidated with boundary stakeholders correlation during expected scrutinising analysed for endpoints ledger interval
REF-025,PER-001,REF-025-PER-001-0025,CRITICAL,ref-asset-005,CRITICAL,NOT_ESCALATED,review verification inventory capturing region pattern retrospective boundary for narrative closure earlier correlation latency
REF-026,PER-001,REF-026-PER-001-0001,MEDIUM,ref-asset-014,LOW,NOT_ESCALATED,matched known indicator and escalated to on call for guidance
REF-026,PER-001,REF-026-PER-001-0002,MEDIUM,ref-asset-011,HIGH,ESCALATED,boundary inspected guidance integrity entries confirmation closure sequence indicator window endpoints ancestry rotation observations
REF-026,PER-001,REF-026-PER-001-0003,HIGH,ref-asset-016,MEDIUM,,window sensitivity topology verification packets across earlier ancestry inspected privilege during authentication closure offset
REF-026,PER-001,REF-026-PER-001-0004,CRITICAL,ref-asset-016,MEDIUM,,compared against baseline and observed no deviation from normal
REF-026,PER-001,REF-026-PER-001-0005,CRITICAL,ref-asset-007,CRITICAL,,region queue header window boundary calibration earlier handshake confirmation deviation interval integrity entries telemetry
REF-026,PER-001,REF-026-PER-001-0006,LOW,ref-asset-001,HIGH,ESCALATED,
REF-026,PER-001,REF-026-PER-001-0007,LOW,ref-asset-018,LOW,ESCALATED,documented region recommendation sampling stakeholders interval guidance destination analysed handshake indicator packets latency entries
REF-026,PER-001,REF-026-PER-001-0008,MEDIUM,ref-asset-021,HIGH,,
REF-026,PER-001,REF-026-PER-001-0009,LOW,ref-asset-020,HIGH,,validated packet capture and closed after verification step
REF-026,PER-001,REF-026-PER-001-0010,MEDIUM,ref-asset-015,CRITICAL,NOT_ESCALATED,reviewed queued alert and confirmed recurring pattern on endpoint
REF-026,PER-001,REF-026-PER-001-0011,LOW,ref-asset-013,MEDIUM,NOT_ESCALATED,verification pattern inspected handshake for behaviour during ledger destination packets scrutinising correlation before worksheet
REF-026,PER-001,REF-026-PER-001-0012,MEDIUM,ref-asset-017,MEDIUM,NOT_ESCALATED,process ancestry traced back to the initiating service file integrity baseline compared and no change detected payload header checksum mismatch observed in transit ref 65812
REF-026,PER-001,REF-026-PER-001-0013,HIGH,ref-asset-019,CRITICAL,,inspected process list and found no further suspicious activity
REF-026,PER-001,REF-026-PER-001-0014,HIGH,ref-asset-004,CRITICAL,,correlated with change window and marked as expected behaviour
REF-026,PER-001,REF-026-PER-001-0015,LOW,ref-asset-019,CRITICAL,NOT_ESCALATED,for earlier during header ownership guidance confirmation destination analysed worksheet affected across retrospective rotation
REF-026,PER-001,REF-026-PER-001-0016,MEDIUM,ref-asset-014,LOW,,documented stakeholders capturing confirmation recurring correlation guidance deviation queue unapproved indicator boundary with baseline
REF-026,PER-001,REF-026-PER-001-0017,LOW,ref-asset-021,HIGH,NOT_ESCALATED,payload header checksum mismatch observed in transit session token replay detected on the affected endpoint privilege boundary inspected and no escalation of rights seen ref 97943
REF-026,PER-001,REF-026-PER-001-0018,CRITICAL,ref-asset-003,LOW,NOT_ESCALATED,provisional window scrutinising telemetry entries matched rotation unapproved of header worksheet topology integrity expected
REF-026,PER-001,REF-026-PER-001-0019,MEDIUM,ref-asset-004,HIGH,ESCALATED,confirmation tuning components correlation certificate recommendation payload ownership review annotated integrity deviation of authentication
REF-026,PER-001,REF-026-PER-001-0020,MEDIUM,ref-asset-011,HIGH,NOT_ESCALATED,of narrative components header compared inspected review summary latency checksum threshold confirmation analysed deviation
REF-026,PER-001,REF-026-PER-001-0021,HIGH,ref-asset-018,CRITICAL,NOT_ESCALATED,certificate appendix for behaviour topology retrospective stakeholders recommendation indicator across ownership sampling contents narrative
REF-026,PER-001,REF-026-PER-001-0022,MEDIUM,ref-asset-010,MEDIUM,NOT_ESCALATED,of closure during packets observations pattern validated offset review sequence segment window analysed interval
REF-026,PER-001,REF-026-PER-001-0023,MEDIUM,ref-asset-014,CRITICAL,NOT_ESCALATED,ledger scrutinising provisional affected and padding sequence components pattern checksum endpoints narrative rotation window
REF-026,PER-001,REF-026-PER-001-0024,HIGH,ref-asset-008,MEDIUM,NOT_ESCALATED,
REF-026,PER-001,REF-026-PER-001-0025,MEDIUM,ref-asset-008,HIGH,NOT_ESCALATED,across earlier handshake calibration segment and scrutinising queue stakeholders privilege submitted padding window entries
REF-026,PER-001,REF-026-PER-001-0026,HIGH,ref-asset-021,MEDIUM,NOT_ESCALATED,inspected header expected ownership batch calibration components affected chain across window for ledger validated
REF-026,PER-001,REF-026-PER-001-0027,MEDIUM,ref-asset-005,LOW,NOT_ESCALATED,
REF-026,PER-001,REF-026-PER-001-0028,HIGH,ref-asset-015,HIGH,NOT_ESCALATED,calibration review sampling threshold header annotated closure behaviour scrutinising ownership narrative payload provisional padding
REF-026,PER-001,REF-026-PER-001-0029,HIGH,ref-asset-017,CRITICAL,NOT_ESCALATED,authentication behaviour scrutinising of padding window ledger components unapproved privilege topology correlation observed retrospective
REF-026,PER-001,REF-026-PER-001-0030,HIGH,ref-asset-010,LOW,,stakeholders validated pattern ancestry interval packets tuning memory authentication scrutinising rotation padding window worksheet
REF-026,PER-001,REF-026-PER-001-0031,HIGH,ref-asset-003,LOW,NOT_ESCALATED,closure retrospective contents submitted baseline sampling batch recurring rotation recommendation offset before authentication correlation
REF-026,PER-001,REF-026-PER-001-0032,MEDIUM,ref-asset-020,MEDIUM,,session token replay detected on the affected endpoint queue latency threshold exceeded during the reporting window certificate chain validated against the trusted store ref 3078
REF-026,PER-001,REF-026-PER-001-0033,CRITICAL,ref-asset-017,MEDIUM,NOT_ESCALATED,queue latency threshold exceeded during the reporting window session token replay detected on the affected endpoint file integrity baseline compared and no change detected ref 66735
REF-026,PER-001,REF-026-PER-001-0034,HIGH,ref-asset-014,MEDIUM,NOT_ESCALATED,earlier recurring traced expected deviation stakeholders inspected analysed validated capturing observations indicator of affected
REF-026,PER-001,REF-026-PER-001-0035,CRITICAL,ref-asset-005,CRITICAL,NOT_ESCALATED,for retrospective handshake segment baseline behaviour threshold queue calibration expected of stakeholders sequence affected
REF-026,PER-001,REF-026-PER-001-0036,LOW,ref-asset-005,LOW,,stakeholders entries segment review payload validated consolidated closure checksum tuning calibration handshake affected analysed
REF-026,PER-001,REF-026-PER-001-0037,CRITICAL,ref-asset-013,CRITICAL,NOT_ESCALATED,inventory stakeholders authentication window guidance across tuning matched privilege interval closure packets affected entries
REF-026,PER-001,REF-026-PER-001-0038,MEDIUM,ref-asset-020,HIGH,NOT_ESCALATED,window ancestry analysed tuning certificate guidance before across observations during ledger retrospective narrative compared
REF-026,PER-001,REF-026-PER-001-0039,LOW,ref-asset-021,CRITICAL,NOT_ESCALATED,correlation deviation payload compared padding contents verification expected header latency closure during review worksheet
REF-026,PER-001,REF-026-PER-001-0040,HIGH,ref-asset-006,MEDIUM,ESCALATED,inspected threshold deviation packets retrospective unapproved review verification header indicator destination interval memory entries
REF-026,PER-001,REF-026-PER-001-0041,HIGH,ref-asset-017,LOW,ESCALATED,segment chain window closure validated authentication documented baseline correlation annotated consolidated scrutinising window ancestry
REF-027,PER-001,REF-027-PER-001-0001,HIGH,ref-asset-019,LOW,NOT_ESCALATED,behaviour before queue region narrative header expected summary payload documented endpoints entries confirmation destination
REF-027,PER-001,REF-027-PER-001-0002,LOW,ref-asset-019,HIGH,,handshake latency stakeholders provisional ancestry chain batch checksum for queue earlier compared review observed
REF-027,PER-001,REF-027-PER-001-0003,MEDIUM,ref-asset-020,LOW,ESCALATED,compared against baseline and observed no deviation from normal
REF-027,PER-001,REF-027-PER-001-0004,MEDIUM,ref-asset-021,CRITICAL,NOT_ESCALATED,authentication handshake retried several times before success certificate chain validated against the trusted store process ancestry traced back to the initiating service ref 272
REF-027,PER-001,REF-027-PER-001-0005,MEDIUM,ref-asset-019,CRITICAL,NOT_ESCALATED,unapproved verification segment review batch offset consolidated compared sampling chain closure matched interval retrospective
REF-027,PER-001,REF-027-PER-001-0006,HIGH,ref-asset-020,MEDIUM,,
REF-027,PER-001,REF-027-PER-001-0007,CRITICAL,ref-asset-015,HIGH,,sequence with consolidated inventory confirmation window baseline rotation review behaviour chain scrutinising validated analysed
REF-027,PER-001,REF-027-PER-001-0008,LOW,ref-asset-018,LOW,NOT_ESCALATED,inspected process list and found no further suspicious activity
REF-027,PER-001,REF-027-PER-001-0009,MEDIUM,ref-asset-008,MEDIUM,NOT_ESCALATED,reviewed queued alert and confirmed recurring pattern on endpoint
REF-027,PER-001,REF-027-PER-001-0010,LOW,ref-asset-018,CRITICAL,NOT_ESCALATED,log source rotated and earlier entries unavailable for review session token replay detected on the affected endpoint queue latency threshold exceeded during the reporting window ref 19669
REF-027,PER-001,REF-027-PER-001-0011,CRITICAL,ref-asset-021,HIGH,NOT_ESCALATED,
REF-027,PER-001,REF-027-PER-001-0012,MEDIUM,ref-asset-020,HIGH,NOT_ESCALATED,payload header checksum mismatch observed in transit session token replay detected on the affected endpoint privilege boundary inspected and no escalation of rights seen ref 88707
REF-027,PER-001,REF-027-PER-001-0013,CRITICAL,ref-asset-014,HIGH,NOT_ESCALATED,privilege region destination offset handshake contents entries annotated deviation payload worksheet verification chain memory
REF-027,PER-001,REF-027-PER-001-0014,LOW,ref-asset-004,HIGH,NOT_ESCALATED,correlated with change window and marked as expected behaviour
REF-027,PER-001,REF-027-PER-001-0015,HIGH,ref-asset-013,HIGH,NOT_ESCALATED,validated packet capture and closed after verification step
REF-027,PER-001,REF-027-PER-001-0016,HIGH,ref-asset-014,MEDIUM,,matched known indicator and escalated to on call for guidance
REF-027,PER-001,REF-027-PER-001-0017,CRITICAL,ref-asset-018,LOW,ESCALATED,correlation segment appendix stakeholders of window submitted payload boundary contents header for narrative ledger
REF-027,PER-001,REF-027-PER-001-0018,LOW,ref-asset-018,HIGH,NOT_ESCALATED,network segment isolated pending further correlation payload header checksum mismatch observed in transit certificate chain validated against the trusted store ref 76346
REF-027,PER-001,REF-027-PER-001-0019,HIGH,ref-asset-014,CRITICAL,ESCALATED,window chain stakeholders narrative pattern worksheet interval indicator unapproved annotated rotation calibration inspected behaviour
REF-027,PER-001,REF-027-PER-001-0020,HIGH,ref-asset-020,LOW,NOT_ESCALATED,of correlation narrative ownership authentication contents threshold scrutinising checksum correlation before summary and padding
REF-027,PER-001,REF-027-PER-001-0021,LOW,ref-asset-017,MEDIUM,ESCALATED,sequence authentication ledger with batch sensitivity calibration matched retrospective payload during segment before padding
REF-027,PER-001,REF-027-PER-001-0022,CRITICAL,ref-asset-003,MEDIUM,ESCALATED,inspected for padding across telemetry and authentication rotation with capturing recommendation ownership handshake retrospective
REF-027,PER-001,REF-027-PER-001-0023,HIGH,ref-asset-018,CRITICAL,ESCALATED,batch capturing queue chain unapproved behaviour expected closure traced threshold consolidated analysed observed padding
REF-027,PER-001,REF-027-PER-001-0024,CRITICAL,ref-asset-012,MEDIUM,NOT_ESCALATED,offset closure integrity submitted indicator packets across affected components summary capturing inventory contents sequence
REF-027,PER-001,REF-027-PER-001-0025,HIGH,ref-asset-020,LOW,NOT_ESCALATED,network segment isolated pending further correlation file integrity baseline compared and no change detected privilege boundary inspected and no escalation of rights seen ref 78612
REF-027,PER-001,REF-027-PER-001-0026,HIGH,ref-asset-006,HIGH,NOT_ESCALATED,expected submitted correlation batch privilege before traced ancestry confirmation validated across boundary scrutinising offset
REF-027,PER-001,REF-027-PER-001-0027,CRITICAL,ref-asset-020,MEDIUM,NOT_ESCALATED,compared header matched batch provisional inventory observed analysed certificate and summary offset recommendation with
REF-027,PER-001,REF-027-PER-001-0028,MEDIUM,ref-asset-018,CRITICAL,NOT_ESCALATED,stakeholders checksum certificate window inspected review worksheet recurring expected narrative region analysed closure for
REF-027,PER-001,REF-027-PER-001-0029,MEDIUM,ref-asset-014,CRITICAL,NOT_ESCALATED,batch telemetry worksheet review stakeholders endpoints summary authentication integrity destination correlation earlier checksum contents
REF-027,PER-001,REF-027-PER-001-0030,CRITICAL,ref-asset-011,LOW,NOT_ESCALATED,authentication batch closure contents analysed destination traced integrity retrospective behaviour ancestry pattern boundary and
REF-027,PER-001,REF-027-PER-001-0031,CRITICAL,ref-asset-011,MEDIUM,,
REF-027,PER-001,REF-027-PER-001-0032,MEDIUM,ref-asset-021,MEDIUM,,tuning region handshake topology consolidated rotation unapproved provisional inspected validated endpoints of boundary summary
REF-027,PER-001,REF-027-PER-001-0033,LOW,ref-asset-007,MEDIUM,,certificate chain validated against the trusted store process ancestry traced back to the initiating service privilege boundary inspected and no escalation of rights seen ref 28803
REF-027,PER-001,REF-027-PER-001-0034,MEDIUM,ref-asset-021,MEDIUM,NOT_ESCALATED,summary calibration integrity stakeholders destination annotated earlier window capturing with confirmation correlation for boundary
REF-027,PER-001,REF-027-PER-001-0035,MEDIUM,ref-asset-017,LOW,NOT_ESCALATED,earlier integrity correlation recurring privilege provisional correlation window closure verification for threshold contents window
REF-027,PER-001,REF-027-PER-001-0036,LOW,ref-asset-021,MEDIUM,,appendix closure contents boundary topology scrutinising inspected verification expected across integrity provisional narrative latency
REF-027,PER-001,REF-027-PER-001-0037,LOW,ref-asset-020,MEDIUM,NOT_ESCALATED,appendix documented handshake scrutinising segment latency across summary recurring inspected telemetry earlier calibration chain
REF-027,PER-001,REF-027-PER-001-0038,CRITICAL,ref-asset-021,CRITICAL,NOT_ESCALATED,sensitivity contents expected deviation and baseline for stakeholders batch behaviour scrutinising documented region tuning
REF-027,PER-001,REF-027-PER-001-0039,CRITICAL,ref-asset-020,LOW,NOT_ESCALATED,earlier components across tuning consolidated boundary traced closure ownership deviation queue offset review sampling
REF-028,PER-001,REF-028-PER-001-0001,CRITICAL,ref-asset-007,HIGH,ESCALATED,contents recommendation closure padding window authentication calibration verification analysed during across payload telemetry observations
REF-028,PER-001,REF-028-PER-001-0002,MEDIUM,ref-asset-010,MEDIUM,ESCALATED,
REF-028,PER-001,REF-028-PER-001-0003,MEDIUM,ref-asset-008,CRITICAL,,
REF-028,PER-001,REF-028-PER-001-0004,CRITICAL,ref-asset-023,LOW,NOT_ESCALATED,observations correlation appendix sequence provisional padding ownership topology ledger window before latency expected guidance
REF-028,PER-001,REF-028-PER-001-0005,CRITICAL,ref-asset-010,MEDIUM,,authentication scrutinising recurring unapproved deviation closure guidance before closure indicator checksum provisional components padding
REF-028,PER-001,REF-028-PER-001-0006,CRITICAL,ref-asset-012,CRITICAL,NOT_ESCALATED,window endpoints stakeholders ownership rotation review header of unapproved inspected memory affected sequence ledger
REF-028,PER-001,REF-028-PER-001-0007,LOW,ref-asset-008,MEDIUM,NOT_ESCALATED,narrative integrity ownership before queue sampling payload validated batch compared pattern segment confirmation handshake
REF-028,PER-001,REF-028-PER-001-0008,LOW,ref-asset-002,LOW,,expected closure affected review consolidated stakeholders appendix checksum header ledger during closure compared offset
REF-028,PER-001,REF-028-PER-001-0009,CRITICAL,ref-asset-005,CRITICAL,NOT_ESCALATED,sampling recommendation retrospective with destination validated consolidated review stakeholders earlier ownership matched worksheet header
REF-028,PER-001,REF-028-PER-001-0010,MEDIUM,ref-asset-002,CRITICAL,,
REF-028,PER-001,REF-028-PER-001-0011,HIGH,ref-asset-008,MEDIUM,ESCALATED,outbound connection attempted to an unapproved destination payload header checksum mismatch observed in transit privilege boundary inspected and no escalation of rights seen ref 76099
REF-028,PER-001,REF-028-PER-001-0012,CRITICAL,ref-asset-012,MEDIUM,,destination recurring checksum earlier consolidated retrospective analysed correlation matched offset summary across with ownership
REF-028,PER-001,REF-028-PER-001-0013,HIGH,ref-asset-011,MEDIUM,NOT_ESCALATED,inspected process list and found no further suspicious activity
REF-028,PER-001,REF-028-PER-001-0014,CRITICAL,ref-asset-015,HIGH,NOT_ESCALATED,
REF-028,PER-001,REF-028-PER-001-0015,CRITICAL,ref-asset-009,MEDIUM,NOT_ESCALATED,process ancestry traced back to the initiating service file integrity baseline compared and no change detected authentication handshake retried several times before success ref 34554
REF-028,PER-001,REF-028-PER-001-0016,LOW,ref-asset-009,CRITICAL,,
REF-028,PER-001,REF-028-PER-001-0017,MEDIUM,ref-asset-010,CRITICAL,ESCALATED,
REF-028,PER-001,REF-028-PER-001-0018,CRITICAL,ref-asset-012,LOW,,sensitivity endpoints validated padding inventory authentication worksheet inspected contents region threshold destination review retrospective
REF-028,PER-001,REF-028-PER-001-0019,MEDIUM,ref-asset-009,HIGH,NOT_ESCALATED,review analysed latency affected recurring segment observed of header sequence ownership behaviour indicator sampling
REF-028,PER-001,REF-028-PER-001-0020,LOW,ref-asset-012,HIGH,,recommendation ancestry sequence review padding consolidated chain deviation documented traced closure sensitivity ownership memory
REF-028,PER-001,REF-028-PER-001-0021,LOW,ref-asset-017,HIGH,ESCALATED,analysed endpoints expected retrospective summary across with traced ownership recurring for correlation destination rotation
REF-028,PER-001,REF-028-PER-001-0022,MEDIUM,ref-asset-006,CRITICAL,,window observations sampling endpoints narrative indicator threshold inspected across authentication capturing certificate analysed segment
REF-028,PER-001,REF-028-PER-001-0023,MEDIUM,ref-asset-024,LOW,NOT_ESCALATED,
REF-028,PER-001,REF-028-PER-001-0024,HIGH,ref-asset-008,CRITICAL,,
REF-028,PER-001,REF-028-PER-001-0025,MEDIUM,ref-asset-005,HIGH,,
REF-028,PER-001,REF-028-PER-001-0026,LOW,ref-asset-003,LOW,NOT_ESCALATED,
REF-028,PER-001,REF-028-PER-001-0027,MEDIUM,ref-asset-008,LOW,,
REF-028,PER-001,REF-028-PER-001-0028,CRITICAL,ref-asset-012,CRITICAL,ESCALATED,verification provisional worksheet recurring consolidated of across deviation validated annotated guidance matched inspected documented
REF-028,PER-001,REF-028-PER-001-0029,LOW,ref-asset-007,LOW,ESCALATED,across packets entries topology ancestry queue window review certificate affected recurring privilege padding analysed
REF-028,PER-001,REF-028-PER-001-0030,LOW,ref-asset-012,MEDIUM,,process ancestry traced back to the initiating service memory region contents sampled during the incident window log source rotated and earlier entries unavailable for review ref 29136
REF-028,PER-001,REF-028-PER-001-0031,MEDIUM,ref-asset-011,CRITICAL,NOT_ESCALATED,packets appendix certificate and interval confirmation provisional annotated segment checksum narrative consolidated entries memory
REF-028,PER-001,REF-028-PER-001-0032,HIGH,ref-asset-011,HIGH,NOT_ESCALATED,log source rotated and earlier entries unavailable for review network segment isolated pending further correlation process ancestry traced back to the initiating service ref 53202
REF-028,PER-001,REF-028-PER-001-0033,CRITICAL,ref-asset-008,CRITICAL,NOT_ESCALATED,memory region contents sampled during the incident window session token replay detected on the affected endpoint outbound connection attempted to an unapproved destination ref 58905
REF-028,PER-001,REF-028-PER-001-0034,HIGH,ref-asset-007,LOW,,scrutinising verification destination documented earlier threshold ancestry telemetry submitted closure inspected annotated topology observed
REF-028,PER-001,REF-028-PER-001-0035,CRITICAL,ref-asset-011,CRITICAL,,telemetry sampling recurring contents during topology narrative verification rotation retrospective correlation confirmation padding checksum
REF-028,PER-001,REF-028-PER-001-0036,LOW,ref-asset-012,HIGH,ESCALATED,expected window unapproved contents worksheet authentication during interval closure documented correlation stakeholders with behaviour
REF-028,PER-001,REF-028-PER-001-0037,MEDIUM,ref-asset-006,MEDIUM,ESCALATED,entries earlier components chain calibration behaviour window observed compared privilege ancestry telemetry recommendation confirmation
REF-028,PER-001,REF-028-PER-001-0038,HIGH,ref-asset-009,HIGH,NOT_ESCALATED,indicator behaviour correlation summary observed verification review of and baseline retrospective stakeholders closure deviation
REF-028,PER-001,REF-028-PER-001-0039,MEDIUM,ref-asset-011,MEDIUM,NOT_ESCALATED,authentication handshake retried several times before success outbound connection attempted to an unapproved destination privilege boundary inspected and no escalation of rights seen ref 33353
REF-028,PER-001,REF-028-PER-001-0040,CRITICAL,ref-asset-012,HIGH,NOT_ESCALATED,observations summary sensitivity threshold documented worksheet scrutinising entries analysed annotated ancestry during handshake boundary
REF-028,PER-001,REF-028-PER-001-0041,MEDIUM,ref-asset-012,HIGH,,session token replay detected on the affected endpoint payload header checksum mismatch observed in transit log source rotated and earlier entries unavailable for review ref 17043
REF-028,PER-001,REF-028-PER-001-0042,MEDIUM,ref-asset-010,MEDIUM,NOT_ESCALATED,
REF-028,PER-001,REF-028-PER-001-0043,HIGH,ref-asset-001,MEDIUM,,process ancestry traced back to the initiating service network segment isolated pending further correlation privilege boundary inspected and no escalation of rights seen ref 57642
REF-028,PER-001,REF-028-PER-001-0044,LOW,ref-asset-010,MEDIUM,,certificate chain validated against the trusted store privilege boundary inspected and no escalation of rights seen queue latency threshold exceeded during the reporting window ref 15349
REF-028,PER-001,REF-028-PER-001-0045,LOW,ref-asset-011,HIGH,NOT_ESCALATED,file integrity baseline compared and no change detected memory region contents sampled during the incident window privilege boundary inspected and no escalation of rights seen ref 1565
REF-028,PER-001,REF-028-PER-001-0046,LOW,ref-asset-009,LOW,,certificate chain validated against the trusted store outbound connection attempted to an unapproved destination log source rotated and earlier entries unavailable for review ref 18795
REF-028,PER-001,REF-028-PER-001-0047,MEDIUM,ref-asset-008,MEDIUM,NOT_ESCALATED,boundary observed unapproved guidance entries appendix for compared baseline confirmation across provisional components sampling
REF-028,PER-001,REF-028-PER-001-0048,HIGH,ref-asset-016,CRITICAL,,privilege review checksum expected contents region unapproved latency interval closure consolidated chain observations destination
REF-028,PER-001,REF-028-PER-001-0049,MEDIUM,ref-asset-012,MEDIUM,,payload header checksum mismatch observed in transit authentication handshake retried several times before success certificate chain validated against the trusted store ref 64267
REF-028,PER-001,REF-028-PER-001-0050,HIGH,ref-asset-009,MEDIUM,,destination latency capturing earlier scrutinising provisional window across components expected observed review memory window
REF-028,PER-001,REF-028-PER-001-0051,LOW,ref-asset-010,CRITICAL,ESCALATED,threshold rotation inventory payload inspected analysed and components earlier confirmation certificate ownership capturing handshake
REF-028,PER-001,REF-028-PER-001-0052,CRITICAL,ref-asset-007,MEDIUM,ESCALATED,
REF-028,PER-001,REF-028-PER-001-0053,CRITICAL,ref-asset-009,MEDIUM,,documented retrospective window authentication interval validated appendix narrative pattern compared deviation worksheet calibration rotation
REF-028,PER-001,REF-028-PER-001-0054,HIGH,ref-asset-008,MEDIUM,,authentication handshake retried several times before success memory region contents sampled during the incident window queue latency threshold exceeded during the reporting window ref 47157
REF-028,PER-001,REF-028-PER-001-0055,MEDIUM,ref-asset-004,MEDIUM,NOT_ESCALATED,outbound connection attempted to an unapproved destination process ancestry traced back to the initiating service certificate chain validated against the trusted store ref 96869
REF-028,PER-001,REF-028-PER-001-0056,HIGH,ref-asset-007,LOW,,appendix ledger compared window pattern handshake before correlation annotated sensitivity entries closure correlation confirmation
REF-028,PER-001,REF-028-PER-001-0057,HIGH,ref-asset-012,MEDIUM,NOT_ESCALATED,network segment isolated pending further correlation memory region contents sampled during the incident window certificate chain validated against the trusted store ref 40933
REF-028,PER-001,REF-028-PER-001-0058,MEDIUM,ref-asset-009,CRITICAL,NOT_ESCALATED,endpoints authentication threshold payload verification rotation contents traced batch integrity scrutinising review indicator analysed
REF-028,PER-001,REF-028-PER-001-0059,MEDIUM,ref-asset-005,MEDIUM,,padding topology before retrospective inventory submitted unapproved latency pattern recurring with correlation expected capturing
REF-028,PER-001,REF-028-PER-001-0060,HIGH,ref-asset-011,MEDIUM,NOT_ESCALATED,unapproved packets across appendix analysed telemetry provisional latency ancestry matched destination threshold capturing chain
REF-028,PER-001,REF-028-PER-001-0061,MEDIUM,ref-asset-024,MEDIUM,NOT_ESCALATED,submitted indicator retrospective authentication scrutinising ownership region queue with privilege of boundary entries narrative
REF-029,PER-001,REF-029-PER-001-0001,HIGH,ref-asset-006,LOW,NOT_ESCALATED,
REF-029,PER-001,REF-029-PER-001-0002,MEDIUM,ref-asset-015,LOW,NOT_ESCALATED,
REF-029,PER-001,REF-029-PER-001-0003,LOW,ref-asset-009,CRITICAL,NOT_ESCALATED,payload annotated checksum expected traced review region ownership sampling calibration observed recurring during confirmation
REF-029,PER-001,REF-029-PER-001-0004,LOW,ref-asset-015,LOW,NOT_ESCALATED,indicator contents with worksheet confirmation correlation pattern batch before window affected deviation matched capturing
REF-029,PER-001,REF-029-PER-001-0005,HIGH,ref-asset-015,MEDIUM,NOT_ESCALATED,payload header checksum mismatch observed in transit certificate chain validated against the trusted store network segment isolated pending further correlation ref 14908
REF-029,PER-001,REF-029-PER-001-0006,HIGH,ref-asset-005,LOW,NOT_ESCALATED,correlation confirmation checksum authentication with window guidance tuning calibration recurring analysed provisional inspected batch
REF-029,PER-001,REF-029-PER-001-0007,LOW,ref-asset-012,MEDIUM,NOT_ESCALATED,compared against baseline and observed no deviation from normal
REF-029,PER-001,REF-029-PER-001-0008,LOW,ref-asset-009,LOW,ESCALATED,reviewed queued alert and confirmed recurring pattern on endpoint
REF-029,PER-001,REF-029-PER-001-0009,MEDIUM,ref-asset-006,LOW,,privilege window unapproved queue header entries documented inspected ancestry topology sequence before padding expected
REF-029,PER-001,REF-029-PER-001-0010,LOW,ref-asset-006,LOW,ESCALATED,
REF-029,PER-001,REF-029-PER-001-0011,LOW,ref-asset-006,HIGH,ESCALATED,
REF-029,PER-001,REF-029-PER-001-0012,CRITICAL,ref-asset-004,MEDIUM,,
REF-029,PER-001,REF-029-PER-001-0013,LOW,ref-asset-015,MEDIUM,NOT_ESCALATED,
REF-029,PER-001,REF-029-PER-001-0014,CRITICAL,ref-asset-016,MEDIUM,ESCALATED,outbound connection attempted to an unapproved destination process ancestry traced back to the initiating service file integrity baseline compared and no change detected ref 53965
REF-029,PER-001,REF-029-PER-001-0015,HIGH,ref-asset-010,MEDIUM,,inspected process list and found no further suspicious activity
REF-029,PER-001,REF-029-PER-001-0016,CRITICAL,ref-asset-007,MEDIUM,NOT_ESCALATED,
REF-029,PER-001,REF-029-PER-001-0017,MEDIUM,ref-asset-011,HIGH,NOT_ESCALATED,entries payload and checksum matched provisional inventory scrutinising closure topology sampling rotation summary destination
REF-029,PER-001,REF-029-PER-001-0018,HIGH,ref-asset-014,MEDIUM,,stakeholders guidance deviation certificate calibration topology matched batch before ledger review entries correlation privilege
REF-029,PER-001,REF-029-PER-001-0019,LOW,ref-asset-014,LOW,NOT_ESCALATED,ancestry contents inventory with scrutinising window deviation documented review inspected affected provisional offset indicator
REF-029,PER-001,REF-029-PER-001-0020,HIGH,ref-asset-015,LOW,NOT_ESCALATED,privilege deviation window matched sensitivity traced telemetry authentication review components documented scrutinising destination appendix
REF-029,PER-001,REF-029-PER-001-0021,CRITICAL,ref-asset-001,MEDIUM,NOT_ESCALATED,correlated with change window and marked as expected behaviour
REF-029,PER-001,REF-029-PER-001-0022,MEDIUM,ref-asset-008,LOW,ESCALATED,file integrity baseline compared and no change detected process ancestry traced back to the initiating service privilege boundary inspected and no escalation of rights seen ref 84998
REF-029,PER-001,REF-029-PER-001-0023,CRITICAL,ref-asset-009,MEDIUM,ESCALATED,file integrity baseline compared and no change detected session token replay detected on the affected endpoint certificate chain validated against the trusted store ref 72538
REF-029,PER-001,REF-029-PER-001-0024,LOW,ref-asset-012,LOW,NOT_ESCALATED,boundary sensitivity authentication indicator privilege consolidated integrity summary verification threshold pattern segment handshake recurring
REF-029,PER-001,REF-029-PER-001-0025,MEDIUM,ref-asset-012,MEDIUM,NOT_ESCALATED,
REF-029,PER-001,REF-029-PER-001-0026,MEDIUM,ref-asset-017,MEDIUM,NOT_ESCALATED,
REF-029,PER-001,REF-029-PER-001-0027,CRITICAL,ref-asset-012,MEDIUM,NOT_ESCALATED,process ancestry traced back to the initiating service certificate chain validated against the trusted store memory region contents sampled during the incident window ref 27899
REF-029,PER-001,REF-029-PER-001-0028,HIGH,ref-asset-001,MEDIUM,NOT_ESCALATED,
REF-029,PER-001,REF-029-PER-001-0029,LOW,ref-asset-015,HIGH,NOT_ESCALATED,matched known indicator and escalated to on call for guidance
REF-029,PER-001,REF-029-PER-001-0030,HIGH,ref-asset-016,LOW,,validated packet capture and closed after verification step
REF-029,PER-001,REF-029-PER-001-0031,LOW,ref-asset-004,LOW,ESCALATED,
REF-029,PER-001,REF-029-PER-001-0032,CRITICAL,ref-asset-011,HIGH,,review segment before for submitted documented provisional telemetry correlation tuning annotated latency payload indicator
REF-029,PER-001,REF-029-PER-001-0033,LOW,ref-asset-014,HIGH,NOT_ESCALATED,
REF-030,PER-001,REF-030-PER-001-0001,LOW,ref-asset-016,CRITICAL,ESCALATED,
REF-030,PER-001,REF-030-PER-001-0002,HIGH,ref-asset-021,MEDIUM,NOT_ESCALATED,
REF-030,PER-001,REF-030-PER-001-0003,HIGH,ref-asset-018,LOW,NOT_ESCALATED,
REF-030,PER-001,REF-030-PER-001-0004,MEDIUM,ref-asset-013,MEDIUM,,
REF-030,PER-001,REF-030-PER-001-0005,LOW,ref-asset-004,MEDIUM,NOT_ESCALATED,inspected queue threshold entries and earlier compared expected matched appendix before telemetry calibration boundary
REF-030,PER-001,REF-030-PER-001-0006,MEDIUM,ref-asset-019,HIGH,NOT_ESCALATED,across ownership compared rotation capturing analysed appendix with matched indicator authentication chain telemetry offset
REF-030,PER-001,REF-030-PER-001-0007,CRITICAL,ref-asset-012,HIGH,NOT_ESCALATED,padding behaviour privilege rotation ownership segment stakeholders traced with certificate review and documented integrity
REF-030,PER-001,REF-030-PER-001-0008,CRITICAL,ref-asset-006,HIGH,NOT_ESCALATED,
REF-030,PER-001,REF-030-PER-001-0009,CRITICAL,ref-asset-007,HIGH,NOT_ESCALATED,
REF-030,PER-001,REF-030-PER-001-0010,CRITICAL,ref-asset-020,CRITICAL,,before earlier of pattern ledger retrospective observed header interval entries baseline queue affected guidance
REF-030,PER-001,REF-030-PER-001-0011,LOW,ref-asset-022,MEDIUM,,validated packet capture and closed after verification step
REF-030,PER-001,REF-030-PER-001-0012,MEDIUM,ref-asset-005,HIGH,ESCALATED,
REF-030,PER-001,REF-030-PER-001-0013,HIGH,ref-asset-008,CRITICAL,ESCALATED,expected worksheet padding boundary consolidated sequence compared calibration inventory certificate chain confirmation of for
REF-030,PER-001,REF-030-PER-001-0014,MEDIUM,ref-asset-021,CRITICAL,NOT_ESCALATED,
REF-030,PER-001,REF-030-PER-001-0015,MEDIUM,ref-asset-002,LOW,NOT_ESCALATED,correlated with change window and marked as expected behaviour
REF-030,PER-001,REF-030-PER-001-0016,CRITICAL,ref-asset-018,CRITICAL,NOT_ESCALATED,session token replay detected on the affected endpoint privilege boundary inspected and no escalation of rights seen outbound connection attempted to an unapproved destination ref 2870
REF-030,PER-001,REF-030-PER-001-0017,CRITICAL,ref-asset-014,HIGH,ESCALATED,inspected process list and found no further suspicious activity
REF-030,PER-001,REF-030-PER-001-0018,HIGH,ref-asset-008,LOW,ESCALATED,certificate chain validated against the trusted store queue latency threshold exceeded during the reporting window privilege boundary inspected and no escalation of rights seen ref 43437
REF-030,PER-001,REF-030-PER-001-0019,LOW,ref-asset-019,MEDIUM,NOT_ESCALATED,
REF-030,PER-001,REF-030-PER-001-0020,LOW,ref-asset-015,CRITICAL,ESCALATED,appendix segment and behaviour unapproved inventory affected indicator scrutinising traced authentication expected recommendation queue
REF-030,PER-001,REF-030-PER-001-0021,HIGH,ref-asset-012,MEDIUM,,
REF-030,PER-001,REF-030-PER-001-0022,HIGH,ref-asset-005,CRITICAL,,certificate memory affected earlier interval for window batch closure unapproved endpoints topology privilege observed
REF-030,PER-001,REF-030-PER-001-0023,HIGH,ref-asset-007,CRITICAL,ESCALATED,
REF-030,PER-001,REF-030-PER-001-0024,MEDIUM,ref-asset-007,LOW,NOT_ESCALATED,of baseline affected window segment observations during behaviour validated submitted compared entries stakeholders destination
REF-030,PER-001,REF-030-PER-001-0025,HIGH,ref-asset-007,LOW,,appendix destination region across segment correlation header threshold compared inventory guidance window ancestry indicator
REF-030,PER-001,REF-030-PER-001-0026,HIGH,ref-asset-015,HIGH,NOT_ESCALATED,
REF-030,PER-001,REF-030-PER-001-0027,LOW,ref-asset-022,CRITICAL,NOT_ESCALATED,process ancestry traced back to the initiating service network segment isolated pending further correlation file integrity baseline compared and no change detected ref 33503
REF-030,PER-001,REF-030-PER-001-0028,LOW,ref-asset-017,LOW,NOT_ESCALATED,
REF-030,PER-001,REF-030-PER-001-0029,CRITICAL,ref-asset-002,CRITICAL,ESCALATED,
REF-030,PER-001,REF-030-PER-001-0030,CRITICAL,ref-asset-015,MEDIUM,NOT_ESCALATED,
REF-030,PER-001,REF-030-PER-001-0031,CRITICAL,ref-asset-018,MEDIUM,,validated unapproved deviation destination sensitivity segment pattern inventory window tuning traced chain before boundary
REF-030,PER-001,REF-030-PER-001-0032,LOW,ref-asset-022,CRITICAL,NOT_ESCALATED,
REF-030,PER-001,REF-030-PER-001-0033,LOW,ref-asset-020,CRITICAL,ESCALATED,log source rotated and earlier entries unavailable for review network segment isolated pending further correlation session token replay detected on the affected endpoint ref 45734
REF-030,PER-001,REF-030-PER-001-0034,CRITICAL,ref-asset-014,CRITICAL,,
REF-031,PER-001,REF-031-PER-001-0001,MEDIUM,ref-asset-004,CRITICAL,,
REF-031,PER-001,REF-031-PER-001-0002,CRITICAL,ref-asset-008,HIGH,,
REF-031,PER-001,REF-031-PER-001-0003,MEDIUM,ref-asset-002,MEDIUM,NOT_ESCALATED,reviewed queued alert and confirmed recurring pattern on endpoint
REF-031,PER-001,REF-031-PER-001-0004,LOW,ref-asset-006,MEDIUM,,
REF-031,PER-001,REF-031-PER-001-0005,MEDIUM,ref-asset-008,MEDIUM,ESCALATED,ownership topology observed earlier confirmation certificate of baseline provisional handshake compared inspected boundary indicator
REF-031,PER-001,REF-031-PER-001-0006,MEDIUM,ref-asset-006,CRITICAL,,sequence ledger boundary destination calibration handshake guidance offset threshold region padding and behaviour across
REF-031,PER-001,REF-031-PER-001-0007,LOW,ref-asset-001,CRITICAL,NOT_ESCALATED,
REF-031,PER-001,REF-031-PER-001-0008,LOW,ref-asset-006,LOW,NOT_ESCALATED,memory region contents sampled during the incident window log source rotated and earlier entries unavailable for review outbound connection attempted to an unapproved destination ref 92958
REF-031,PER-001,REF-031-PER-001-0009,HIGH,ref-asset-007,LOW,NOT_ESCALATED,ancestry verification pattern ownership validated entries for closure capturing header region recommendation earlier analysed
REF-031,PER-001,REF-031-PER-001-0010,LOW,ref-asset-002,MEDIUM,NOT_ESCALATED,guidance provisional confirmation unapproved rotation endpoints boundary offset expected inventory tuning baseline window packets
REF-031,PER-001,REF-031-PER-001-0011,MEDIUM,ref-asset-005,CRITICAL,NOT_ESCALATED,authentication scrutinising sampling latency segment appendix header worksheet checksum review compared payload across submitted
REF-031,PER-001,REF-031-PER-001-0012,CRITICAL,ref-asset-006,MEDIUM,NOT_ESCALATED,matched known indicator and escalated to on call for guidance
REF-031,PER-001,REF-031-PER-001-0013,MEDIUM,ref-asset-005,MEDIUM,NOT_ESCALATED,
REF-031,PER-001,REF-031-PER-001-0014,HIGH,ref-asset-007,HIGH,NOT_ESCALATED,
REF-031,PER-001,REF-031-PER-001-0015,HIGH,ref-asset-002,LOW,NOT_ESCALATED,
REF-031,PER-001,REF-031-PER-001-0016,LOW,ref-asset-003,LOW,NOT_ESCALATED,handshake sensitivity ledger checksum submitted offset latency header before privilege affected tuning of consolidated
REF-031,PER-001,REF-031-PER-001-0017,HIGH,ref-asset-003,LOW,NOT_ESCALATED,
REF-031,PER-001,REF-031-PER-001-0018,HIGH,ref-asset-006,HIGH,NOT_ESCALATED,
REF-031,PER-001,REF-031-PER-001-0019,CRITICAL,ref-asset-008,CRITICAL,NOT_ESCALATED,correlated with change window and marked as expected behaviour
REF-031,PER-001,REF-031-PER-001-0020,LOW,ref-asset-003,MEDIUM,NOT_ESCALATED,file integrity baseline compared and no change detected network segment isolated pending further correlation memory region contents sampled during the incident window ref 51550
REF-031,PER-001,REF-031-PER-001-0021,CRITICAL,ref-asset-004,LOW,NOT_ESCALATED,ledger closure deviation correlation consolidated during ancestry destination validated offset of affected segment packets
REF-031,PER-001,REF-031-PER-001-0022,LOW,ref-asset-001,LOW,NOT_ESCALATED,log source rotated and earlier entries unavailable for review privilege boundary inspected and no escalation of rights seen authentication handshake retried several times before success ref 35060
REF-031,PER-001,REF-031-PER-001-0023,LOW,ref-asset-006,HIGH,,compared against baseline and observed no deviation from normal
REF-031,PER-001,REF-031-PER-001-0024,HIGH,ref-asset-003,HIGH,NOT_ESCALATED,
REF-031,PER-001,REF-031-PER-001-0025,MEDIUM,ref-asset-007,CRITICAL,NOT_ESCALATED,
REF-032,PER-001,REF-032-PER-001-0001,CRITICAL,ref-asset-009,CRITICAL,NOT_ESCALATED,outbound connection attempted to an unapproved destination memory region contents sampled during the incident window log source rotated and earlier entries unavailable for review ref 32910
REF-032,PER-001,REF-032-PER-001-0002,CRITICAL,ref-asset-006,MEDIUM,NOT_ESCALATED,matched known indicator and escalated to on call for guidance
REF-032,PER-001,REF-032-PER-001-0003,CRITICAL,ref-asset-011,HIGH,NOT_ESCALATED,analysed review capturing authentication threshold sensitivity indicator sampling closure retrospective batch entries region window
REF-032,PER-001,REF-032-PER-001-0004,HIGH,ref-asset-007,LOW,ESCALATED,scrutinising sampling padding integrity memory packets for header before ancestry ledger offset interval worksheet
REF-032,PER-001,REF-032-PER-001-0005,LOW,ref-asset-011,HIGH,,annotated consolidated compared review verification components rotation review retrospective unapproved validated closure ancestry latency
REF-032,PER-001,REF-032-PER-001-0006,MEDIUM,ref-asset-003,LOW,ESCALATED,correlated with change window and marked as expected behaviour
REF-032,PER-001,REF-032-PER-001-0007,HIGH,ref-asset-012,LOW,ESCALATED,stakeholders inventory window capturing closure memory compared checksum submitted threshold scrutinising for segment review
REF-032,PER-001,REF-032-PER-001-0008,HIGH,ref-asset-010,MEDIUM,NOT_ESCALATED,
REF-032,PER-001,REF-032-PER-001-0009,CRITICAL,ref-asset-003,LOW,NOT_ESCALATED,chain integrity offset certificate unapproved observed annotated inventory stakeholders closure worksheet ancestry baseline narrative
REF-032,PER-001,REF-032-PER-001-0010,HIGH,ref-asset-009,CRITICAL,ESCALATED,
REF-032,PER-001,REF-032-PER-001-0011,CRITICAL,ref-asset-010,CRITICAL,NOT_ESCALATED,
REF-032,PER-001,REF-032-PER-001-0012,CRITICAL,ref-asset-008,CRITICAL,,
REF-032,PER-001,REF-032-PER-001-0013,HIGH,ref-asset-008,CRITICAL,NOT_ESCALATED,queue latency threshold exceeded during the reporting window privilege boundary inspected and no escalation of rights seen session token replay detected on the affected endpoint ref 90366
REF-032,PER-001,REF-032-PER-001-0014,CRITICAL,ref-asset-007,MEDIUM,NOT_ESCALATED,
REF-032,PER-001,REF-032-PER-001-0015,HIGH,ref-asset-011,CRITICAL,NOT_ESCALATED,inspected process list and found no further suspicious activity
REF-032,PER-001,REF-032-PER-001-0016,LOW,ref-asset-001,MEDIUM,,
REF-032,PER-001,REF-032-PER-001-0017,CRITICAL,ref-asset-011,LOW,,session token replay detected on the affected endpoint authentication handshake retried several times before success queue latency threshold exceeded during the reporting window ref 68375
REF-032,PER-001,REF-032-PER-001-0018,HIGH,ref-asset-004,LOW,ESCALATED,
REF-032,PER-001,REF-032-PER-001-0019,HIGH,ref-asset-003,LOW,NOT_ESCALATED,
REF-032,PER-001,REF-032-PER-001-0020,MEDIUM,ref-asset-012,HIGH,NOT_ESCALATED,memory region contents sampled during the incident window network segment isolated pending further correlation queue latency threshold exceeded during the reporting window ref 68196
REF-032,PER-001,REF-032-PER-001-0021,HIGH,ref-asset-002,LOW,,validated ancestry for unapproved tuning review telemetry privilege review queue endpoints expected affected rotation
REF-032,PER-001,REF-032-PER-001-0022,MEDIUM,ref-asset-008,HIGH,NOT_ESCALATED,endpoints confirmation entries memory deviation during and expected padding analysed sequence sensitivity recommendation payload
REF-033,PER-001,REF-033-PER-001-0001,CRITICAL,ref-asset-012,HIGH,NOT_ESCALATED,rotation affected packets closure pattern authentication endpoints baseline components verification ledger recommendation guidance across
REF-033,PER-001,REF-033-PER-001-0002,CRITICAL,ref-asset-019,HIGH,NOT_ESCALATED,
REF-033,PER-001,REF-033-PER-001-0003,CRITICAL,ref-asset-011,LOW,NOT_ESCALATED,consolidated window telemetry verification destination memory authentication segment worksheet header batch entries of observed
REF-033,PER-001,REF-033-PER-001-0004,HIGH,ref-asset-008,HIGH,NOT_ESCALATED,documented queue integrity sampling sequence indicator validated boundary narrative rotation authentication compared verification of
REF-033,PER-001,REF-033-PER-001-0005,CRITICAL,ref-asset-023,MEDIUM,NOT_ESCALATED,inspected process list and found no further suspicious activity
REF-033,PER-001,REF-033-PER-001-0006,MEDIUM,ref-asset-008,MEDIUM,,
REF-033,PER-001,REF-033-PER-001-0007,CRITICAL,ref-asset-007,HIGH,NOT_ESCALATED,header endpoints guidance before behaviour rotation telemetry and observed region handshake certificate sequence entries
REF-033,PER-001,REF-033-PER-001-0008,CRITICAL,ref-asset-008,CRITICAL,NOT_ESCALATED,
REF-033,PER-001,REF-033-PER-001-0009,HIGH,ref-asset-020,LOW,NOT_ESCALATED,destination retrospective topology traced closure guidance threshold confirmation entries recurring region across expected interval
REF-033,PER-001,REF-033-PER-001-0010,CRITICAL,ref-asset-023,CRITICAL,NOT_ESCALATED,during destination contents summary stakeholders inventory sensitivity handshake window recurring sequence affected calibration of
REF-033,PER-001,REF-033-PER-001-0011,LOW,ref-asset-004,MEDIUM,,
REF-033,PER-001,REF-033-PER-001-0012,HIGH,ref-asset-002,CRITICAL,,correlated with change window and marked as expected behaviour
REF-033,PER-001,REF-033-PER-001-0013,MEDIUM,ref-asset-016,CRITICAL,NOT_ESCALATED,
REF-033,PER-001,REF-033-PER-001-0014,CRITICAL,ref-asset-016,HIGH,NOT_ESCALATED,
REF-033,PER-001,REF-033-PER-001-0015,LOW,ref-asset-005,MEDIUM,NOT_ESCALATED,
REF-033,PER-001,REF-033-PER-001-0016,LOW,ref-asset-003,MEDIUM,NOT_ESCALATED,memory region contents sampled during the incident window queue latency threshold exceeded during the reporting window payload header checksum mismatch observed in transit ref 97418
REF-033,PER-001,REF-033-PER-001-0017,CRITICAL,ref-asset-006,LOW,,
REF-033,PER-001,REF-033-PER-001-0018,MEDIUM,ref-asset-020,HIGH,,
REF-033,PER-001,REF-033-PER-001-0019,LOW,ref-asset-002,HIGH,,privilege stakeholders contents region endpoints destination observations window memory analysed batch segment review scrutinising
REF-033,PER-001,REF-033-PER-001-0020,HIGH,ref-asset-004,HIGH,,reviewed queued alert and confirmed recurring pattern on endpoint
REF-033,PER-001,REF-033-PER-001-0021,MEDIUM,ref-asset-006,MEDIUM,,endpoints validated recurring and guidance privilege traced region correlation contents certificate memory window header
REF-033,PER-001,REF-033-PER-001-0022,LOW,ref-asset-001,MEDIUM,,components traced ownership header region appendix contents entries endpoints consolidated scrutinising documented rotation deviation
REF-033,PER-001,REF-033-PER-001-0023,HIGH,ref-asset-009,MEDIUM,NOT_ESCALATED,queue correlation confirmation behaviour pattern expected offset capturing for matched privilege chain packets contents
REF-033,PER-001,REF-033-PER-001-0024,CRITICAL,ref-asset-002,LOW,NOT_ESCALATED,memory telemetry appendix validated batch privilege behaviour provisional integrity annotated inventory sensitivity of ancestry
REF-033,PER-001,REF-033-PER-001-0025,HIGH,ref-asset-018,CRITICAL,,
REF-033,PER-001,REF-033-PER-001-0026,CRITICAL,ref-asset-018,MEDIUM,,affected analysed documented of rotation annotated contents scrutinising recurring deviation queue during calibration compared
REF-033,PER-001,REF-033-PER-001-0027,MEDIUM,ref-asset-007,MEDIUM,,validated interval review sequence certificate submitted privilege checksum header entries matched padding endpoints review
REF-033,PER-001,REF-033-PER-001-0028,LOW,ref-asset-022,LOW,,
REF-033,PER-001,REF-033-PER-001-0029,CRITICAL,ref-asset-019,LOW,NOT_ESCALATED,rotation pattern consolidated verification provisional guidance summary handshake telemetry baseline matched unapproved certificate inspected
REF-033,PER-001,REF-033-PER-001-0030,CRITICAL,ref-asset-018,CRITICAL,NOT_ESCALATED,telemetry window packets validated rotation capturing indicator retrospective boundary verification region topology integrity sensitivity
REF-033,PER-001,REF-033-PER-001-0031,MEDIUM,ref-asset-014,CRITICAL,NOT_ESCALATED,
REF-033,PER-001,REF-033-PER-001-0032,LOW,ref-asset-018,MEDIUM,NOT_ESCALATED,matched known indicator and escalated to on call for guidance
REF-033,PER-001,REF-033-PER-001-0033,HIGH,ref-asset-012,CRITICAL,,
REF-033,PER-001,REF-033-PER-001-0034,CRITICAL,ref-asset-018,CRITICAL,NOT_ESCALATED,validated packet capture and closed after verification step
REF-033,PER-001,REF-033-PER-001-0035,CRITICAL,ref-asset-016,HIGH,NOT_ESCALATED,affected calibration worksheet analysed summary header certificate region inventory interval window batch closure documented
REF-033,PER-001,REF-033-PER-001-0036,CRITICAL,ref-asset-014,MEDIUM,,batch earlier observations destination during memory recurring baseline sampling checksum closure entries indicator rotation
REF-033,PER-001,REF-033-PER-001-0037,HIGH,ref-asset-001,HIGH,,
REF-033,PER-001,REF-033-PER-001-0038,LOW,ref-asset-015,HIGH,NOT_ESCALATED,
REF-033,PER-001,REF-033-PER-001-0039,LOW,ref-asset-008,LOW,NOT_ESCALATED,
REF-033,PER-001,REF-033-PER-001-0040,CRITICAL,ref-asset-007,LOW,NOT_ESCALATED,compared against baseline and observed no deviation from normal
REF-033,PER-001,REF-033-PER-001-0041,MEDIUM,ref-asset-014,HIGH,,
REF-033,PER-001,REF-033-PER-001-0042,MEDIUM,ref-asset-009,CRITICAL,,
REF-033,PER-001,REF-033-PER-001-0043,CRITICAL,ref-asset-011,LOW,NOT_ESCALATED,
REF-033,PER-001,REF-033-PER-001-0044,CRITICAL,ref-asset-012,LOW,NOT_ESCALATED,
REF-033,PER-001,REF-033-PER-001-0045,MEDIUM,ref-asset-006,HIGH,,
REF-033,PER-001,REF-033-PER-001-0046,CRITICAL,ref-asset-012,MEDIUM,NOT_ESCALATED,submitted batch authentication unapproved summary privilege annotated before guidance indicator offset integrity telemetry review
REF-033,PER-001,REF-033-PER-001-0047,HIGH,ref-asset-008,MEDIUM,NOT_ESCALATED,inspected stakeholders sampling appendix observed review memory review correlation recommendation inventory for chain sensitivity
REF-033,PER-001,REF-033-PER-001-0048,HIGH,ref-asset-007,HIGH,,narrative sensitivity recommendation checksum handshake appendix certificate and batch region sampling offset integrity closure
REF-033,PER-001,REF-033-PER-001-0049,HIGH,ref-asset-015,LOW,NOT_ESCALATED,
REF-033,PER-001,REF-033-PER-001-0050,MEDIUM,ref-asset-022,HIGH,,
REF-033,PER-001,REF-033-PER-001-0051,CRITICAL,ref-asset-009,MEDIUM,NOT_ESCALATED,region entries matched pattern closure threshold packets submitted components endpoints ledger compared calibration earlier
REF-033,PER-001,REF-033-PER-001-0052,LOW,ref-asset-014,CRITICAL,NOT_ESCALATED,closure provisional packets handshake affected window inspected certificate sampling guidance memory earlier ledger rotation
REF-033,PER-001,REF-033-PER-001-0053,HIGH,ref-asset-023,CRITICAL,NOT_ESCALATED,segment review submitted recurring during sequence sampling window expected entries earlier endpoints across affected
REF-033,PER-001,REF-033-PER-001-0054,MEDIUM,ref-asset-007,LOW,NOT_ESCALATED,segment for handshake provisional authentication consolidated ownership guidance offset baseline endpoints summary submitted window
REF-033,PER-001,REF-033-PER-001-0055,LOW,ref-asset-001,MEDIUM,NOT_ESCALATED,endpoints before correlation certificate inventory integrity documented boundary authentication retrospective header region of payload
REF-033,PER-001,REF-033-PER-001-0056,HIGH,ref-asset-008,MEDIUM,,queue sequence region capturing earlier provisional correlation entries certificate worksheet traced telemetry sampling validated
REF-033,PER-001,REF-033-PER-001-0057,CRITICAL,ref-asset-005,MEDIUM,NOT_ESCALATED,packets documented tuning ownership window header contents matched pattern closure calibration ancestry verification expected
REF-033,PER-001,REF-033-PER-001-0058,CRITICAL,ref-asset-022,CRITICAL,NOT_ESCALATED,guidance ledger and handshake entries offset closure memory segment sampling compared validated for during
REF-033,PER-001,REF-033-PER-001-0059,LOW,ref-asset-003,MEDIUM,,analysed verification tuning telemetry rotation retrospective memory deviation consolidated segment certificate correlation sensitivity indicator
REF-033,PER-001,REF-033-PER-001-0060,CRITICAL,ref-asset-018,MEDIUM,NOT_ESCALATED,batch segment certificate review telemetry interval payload across validated calibration matched for appendix behaviour
REF-033,PER-001,REF-033-PER-001-0061,CRITICAL,ref-asset-010,HIGH,,handshake telemetry integrity certificate privilege traced of retrospective recurring summary across submitted affected memory
REF-033,PER-001,REF-033-PER-001-0062,MEDIUM,ref-asset-019,LOW,NOT_ESCALATED,latency inventory confirmation tuning capturing narrative integrity rotation review window submitted retrospective memory packets
REF-034,PER-001,REF-034-PER-001-0001,CRITICAL,ref-asset-006,HIGH,,validated ledger expected memory consolidated observed summary topology for threshold traced ownership review unapproved
REF-034,PER-001,REF-034-PER-001-0002,HIGH,ref-asset-021,CRITICAL,NOT_ESCALATED,inspected process list and found no further suspicious activity
REF-034,PER-001,REF-034-PER-001-0003,HIGH,ref-asset-022,HIGH,NOT_ESCALATED,earlier ledger handshake segment privilege ancestry telemetry sequence latency affected annotated validated retrospective checksum
REF-034,PER-001,REF-034-PER-001-0004,LOW,ref-asset-016,CRITICAL,NOT_ESCALATED,correlated with change window and marked as expected behaviour
REF-034,PER-001,REF-034-PER-001-0005,CRITICAL,ref-asset-020,CRITICAL,NOT_ESCALATED,
REF-034,PER-001,REF-034-PER-001-0006,HIGH,ref-asset-015,LOW,NOT_ESCALATED,
REF-034,PER-001,REF-034-PER-001-0007,HIGH,ref-asset-011,HIGH,,queue pattern authentication baseline affected components correlation compared verification submitted topology guidance rotation certificate
REF-034,PER-001,REF-034-PER-001-0008,CRITICAL,ref-asset-011,CRITICAL,NOT_ESCALATED,compared analysed observations latency rotation components topology retrospective sequence endpoints batch tuning inventory chain
REF-034,PER-001,REF-034-PER-001-0009,MEDIUM,ref-asset-010,MEDIUM,NOT_ESCALATED,
REF-034,PER-001,REF-034-PER-001-0010,HIGH,ref-asset-021,HIGH,NOT_ESCALATED,queue latency threshold exceeded during the reporting window process ancestry traced back to the initiating service file integrity baseline compared and no change detected ref 9024
REF-034,PER-001,REF-034-PER-001-0011,MEDIUM,ref-asset-015,CRITICAL,NOT_ESCALATED,submitted latency unapproved of region scrutinising confirmation threshold inspected expected analysed indicator compared ancestry
REF-034,PER-001,REF-034-PER-001-0012,LOW,ref-asset-007,HIGH,NOT_ESCALATED,validated packet capture and closed after verification step
REF-034,PER-001,REF-034-PER-001-0013,LOW,ref-asset-011,LOW,NOT_ESCALATED,ownership provisional retrospective matched rotation deviation certificate compared ancestry across memory validated interval threshold
REF-034,PER-001,REF-034-PER-001-0014,HIGH,ref-asset-009,CRITICAL,NOT_ESCALATED,compared against baseline and observed no deviation from normal
REF-034,PER-001,REF-034-PER-001-0015,HIGH,ref-asset-004,CRITICAL,NOT_ESCALATED,reviewed queued alert and confirmed recurring pattern on endpoint
REF-034,PER-001,REF-034-PER-001-0016,MEDIUM,ref-asset-020,CRITICAL,NOT_ESCALATED,memory observed segment for unapproved chain destination confirmation checksum with padding behaviour consolidated window
REF-034,PER-001,REF-034-PER-001-0017,LOW,ref-asset-010,CRITICAL,ESCALATED,retrospective indicator endpoints provisional of stakeholders earlier guidance batch region appendix recurring handshake offset
REF-034,PER-001,REF-034-PER-001-0018,CRITICAL,ref-asset-019,HIGH,,entries validated deviation boundary chain handshake unapproved privilege provisional rotation closure ancestry ledger padding
REF-034,PER-001,REF-034-PER-001-0019,HIGH,ref-asset-018,MEDIUM,NOT_ESCALATED,narrative recommendation guidance endpoints contents and unapproved chain deviation authentication before telemetry payload capturing
REF-034,PER-001,REF-034-PER-001-0020,LOW,ref-asset-017,MEDIUM,NOT_ESCALATED,pattern sensitivity review sequence recurring threshold earlier privilege batch certificate window closure telemetry offset
REF-034,PER-001,REF-034-PER-001-0021,MEDIUM,ref-asset-022,HIGH,NOT_ESCALATED,matched known indicator and escalated to on call for guidance
REF-034,PER-001,REF-034-PER-001-0022,MEDIUM,ref-asset-017,LOW,NOT_ESCALATED,
REF-034,PER-001,REF-034-PER-001-0023,CRITICAL,ref-asset-013,HIGH,NOT_ESCALATED,chain batch queue ownership worksheet certificate observed and endpoints baseline inspected indicator matched with
REF-034,PER-001,REF-034-PER-001-0024,CRITICAL,ref-asset-010,LOW,NOT_ESCALATED,offset interval across annotated observations integrity earlier during calibration telemetry padding affected indicator scrutinising
REF-034,PER-001,REF-034-PER-001-0025,CRITICAL,ref-asset-021,MEDIUM,NOT_ESCALATED,window analysed closure appendix behaviour ledger endpoints retrospective before provisional certificate packets offset ownership
REF-034,PER-001,REF-034-PER-001-0026,HIGH,ref-asset-022,CRITICAL,NOT_ESCALATED,interval compared certificate payload ledger submitted capturing inspected chain closure recurring observed header during
REF-034,PER-001,REF-034-PER-001-0027,CRITICAL,ref-asset-018,CRITICAL,NOT_ESCALATED,
REF-034,PER-001,REF-034-PER-001-0028,MEDIUM,ref-asset-020,MEDIUM,NOT_ESCALATED,observed memory across pattern baseline topology latency batch interval scrutinising correlation compared unapproved checksum
REF-034,PER-001,REF-034-PER-001-0029,HIGH,ref-asset-010,CRITICAL,NOT_ESCALATED,window components retrospective correlation review of documented indicator boundary analysed annotated unapproved capturing with
REF-034,PER-001,REF-034-PER-001-0030,MEDIUM,ref-asset-019,CRITICAL,,components recommendation observed inventory indicator validated appendix compared provisional latency guidance closure telemetry expected
REF-034,PER-001,REF-034-PER-001-0031,LOW,ref-asset-010,HIGH,,packets matched sampling annotated summary closure capturing closure inventory documented during queue scrutinising authentication
REF-034,PER-001,REF-034-PER-001-0032,MEDIUM,ref-asset-008,MEDIUM,NOT_ESCALATED,
REF-034,PER-001,REF-034-PER-001-0033,CRITICAL,ref-asset-005,HIGH,NOT_ESCALATED,provisional during contents matched before validated inspected privilege destination batch scrutinising recommendation telemetry packets
REF-034,PER-001,REF-034-PER-001-0034,CRITICAL,ref-asset-022,CRITICAL,NOT_ESCALATED,
REF-034,PER-001,REF-034-PER-001-0035,HIGH,ref-asset-019,CRITICAL,NOT_ESCALATED,across telemetry pattern sensitivity authentication ancestry expected earlier checksum submitted consolidated ownership review boundary
REF-034,PER-001,REF-034-PER-001-0036,LOW,ref-asset-005,HIGH,NOT_ESCALATED,
REF-034,PER-001,REF-034-PER-001-0037,CRITICAL,ref-asset-022,CRITICAL,NOT_ESCALATED,
REF-034,PER-001,REF-034-PER-001-0038,HIGH,ref-asset-013,HIGH,,
REF-034,PER-001,REF-034-PER-001-0039,CRITICAL,ref-asset-022,LOW,,
REF-034,PER-001,REF-034-PER-001-0040,CRITICAL,ref-asset-021,HIGH,NOT_ESCALATED,affected boundary correlation topology for privilege consolidated packets provisional baseline validated pattern batch endpoints
REF-034,PER-001,REF-034-PER-001-0041,LOW,ref-asset-012,HIGH,ESCALATED,header payload queue guidance offset review contents behaviour for affected retrospective batch inspected correlation
REF-034,PER-001,REF-034-PER-001-0042,CRITICAL,ref-asset-021,CRITICAL,NOT_ESCALATED,ledger retrospective of for appendix recurring sensitivity chain rotation packets queue closure offset memory
REF-034,PER-001,REF-034-PER-001-0043,MEDIUM,ref-asset-020,CRITICAL,NOT_ESCALATED,validated and ancestry with payload destination pattern entries inspected sensitivity for certificate submitted window
REF-034,PER-001,REF-034-PER-001-0044,HIGH,ref-asset-015,LOW,NOT_ESCALATED,payload header checksum mismatch observed in transit network segment isolated pending further correlation queue latency threshold exceeded during the reporting window ref 46708
REF-034,PER-001,REF-034-PER-001-0045,LOW,ref-asset-014,LOW,NOT_ESCALATED,interval padding ownership observed chain review packets memory ancestry deviation validated destination handshake affected
REF-034,PER-001,REF-034-PER-001-0046,HIGH,ref-asset-022,HIGH,,
REF-034,PER-001,REF-034-PER-001-0047,CRITICAL,ref-asset-016,CRITICAL,,offset provisional topology certificate latency scrutinising sensitivity documented retrospective correlation unapproved inspected deviation chain
REF-034,PER-001,REF-034-PER-001-0048,MEDIUM,ref-asset-022,HIGH,ESCALATED,segment topology telemetry inspected stakeholders narrative pattern capturing inventory recommendation with review handshake sampling
REF-034,PER-001,REF-034-PER-001-0049,HIGH,ref-asset-007,MEDIUM,NOT_ESCALATED,validated unapproved observations for topology before matched ledger compared capturing recurring expected checksum inventory
REF-034,PER-001,REF-034-PER-001-0050,MEDIUM,ref-asset-022,MEDIUM,NOT_ESCALATED,chain ownership and authentication window integrity interval tuning consolidated review ancestry batch recommendation correlation
REF-034,PER-001,REF-034-PER-001-0051,LOW,ref-asset-019,CRITICAL,NOT_ESCALATED,indicator tuning memory window summary scrutinising stakeholders behaviour across boundary recommendation topology earlier components
REF-034,PER-001,REF-034-PER-001-0052,CRITICAL,ref-asset-008,MEDIUM,NOT_ESCALATED,destination sequence checksum behaviour appendix threshold correlation of authentication compared across boundary interval components
REF-034,PER-001,REF-034-PER-001-0053,LOW,ref-asset-017,CRITICAL,NOT_ESCALATED,chain header ancestry window retrospective privilege certificate batch interval threshold destination packets documented review
REF-034,PER-001,REF-034-PER-001-0054,MEDIUM,ref-asset-017,MEDIUM,,payload deviation documented closure correlation indicator unapproved chain pattern recommendation latency appendix sequence window
REF-034,PER-001,REF-034-PER-001-0055,LOW,ref-asset-015,CRITICAL,NOT_ESCALATED,header traced window threshold certificate ownership inspected handshake validated interval during unapproved retrospective authentication
REF-034,PER-001,REF-034-PER-001-0056,MEDIUM,ref-asset-011,HIGH,NOT_ESCALATED,behaviour interval privilege calibration provisional payload certificate tuning retrospective deviation traced indicator inventory scrutinising
REF-034,PER-001,REF-034-PER-001-0057,MEDIUM,ref-asset-022,HIGH,NOT_ESCALATED,payload scrutinising annotated closure worksheet batch recommendation verification entries window matched integrity padding topology
REF-034,PER-001,REF-034-PER-001-0058,LOW,ref-asset-017,LOW,,correlation chain authentication consolidated deviation entries of guidance header across calibration correlation privilege matched
REF-035,PER-001,REF-035-PER-001-0001,LOW,ref-asset-023,MEDIUM,ESCALATED,
REF-035,PER-001,REF-035-PER-001-0002,HIGH,ref-asset-023,HIGH,,correlation latency boundary compared segment observed offset checksum inventory window appendix of sampling topology
REF-035,PER-001,REF-035-PER-001-0003,MEDIUM,ref-asset-011,MEDIUM,ESCALATED,
REF-035,PER-001,REF-035-PER-001-0004,LOW,ref-asset-020,MEDIUM,,
REF-035,PER-001,REF-035-PER-001-0005,MEDIUM,ref-asset-014,CRITICAL,,
REF-035,PER-001,REF-035-PER-001-0006,MEDIUM,ref-asset-023,LOW,,
REF-035,PER-001,REF-035-PER-001-0007,HIGH,ref-asset-023,LOW,ESCALATED,matched known indicator and escalated to on call for guidance
REF-035,PER-001,REF-035-PER-001-0008,HIGH,ref-asset-007,MEDIUM,NOT_ESCALATED,
REF-035,PER-001,REF-035-PER-001-0009,CRITICAL,ref-asset-017,MEDIUM,ESCALATED,with verification annotated observed expected window validated recommendation for behaviour window payload handshake region
REF-035,PER-001,REF-035-PER-001-0010,LOW,ref-asset-019,LOW,,
REF-035,PER-001,REF-035-PER-001-0011,LOW,ref-asset-020,CRITICAL,NOT_ESCALATED,
REF-035,PER-001,REF-035-PER-001-0012,CRITICAL,ref-asset-013,LOW,NOT_ESCALATED,checksum destination chain expected guidance recurring calibration capturing endpoints review baseline stakeholders unapproved review
REF-035,PER-001,REF-035-PER-001-0013,CRITICAL,ref-asset-020,MEDIUM,NOT_ESCALATED,region recommendation closure of confirmation interval deviation during worksheet inventory checksum summary authentication capturing
REF-035,PER-001,REF-035-PER-001-0014,LOW,ref-asset-022,MEDIUM,NOT_ESCALATED,offset inventory integrity sampling recurring review for topology compared destination interval closure handshake entries
REF-035,PER-001,REF-035-PER-001-0015,HIGH,ref-asset-020,LOW,NOT_ESCALATED,
REF-035,PER-001,REF-035-PER-001-0016,LOW,ref-asset-020,MEDIUM,NOT_ESCALATED,
REF-035,PER-001,REF-035-PER-001-0017,LOW,ref-asset-013,CRITICAL,,header tuning sensitivity during behaviour guidance expected window payload summary integrity inspected unapproved baseline
REF-035,PER-001,REF-035-PER-001-0018,LOW,ref-asset-023,CRITICAL,NOT_ESCALATED,entries verification earlier documented analysed header for closure with threshold before appendix annotated affected
REF-035,PER-001,REF-035-PER-001-0019,LOW,ref-asset-018,LOW,NOT_ESCALATED,ownership sequence components inventory annotated sensitivity review of ledger correlation queue capturing traced destination
REF-035,PER-001,REF-035-PER-001-0020,MEDIUM,ref-asset-019,LOW,,
REF-035,PER-001,REF-035-PER-001-0021,LOW,ref-asset-012,CRITICAL,NOT_ESCALATED,
REF-035,PER-001,REF-035-PER-001-0022,LOW,ref-asset-019,CRITICAL,NOT_ESCALATED,review inspected ownership appendix authentication destination review header inventory compared interval documented for correlation
REF-035,PER-001,REF-035-PER-001-0023,MEDIUM,ref-asset-015,MEDIUM,NOT_ESCALATED,
REF-035,PER-001,REF-035-PER-001-0024,HIGH,ref-asset-017,MEDIUM,NOT_ESCALATED,validated packet capture and closed after verification step
REF-035,PER-001,REF-035-PER-001-0025,MEDIUM,ref-asset-018,MEDIUM,NOT_ESCALATED,compared against baseline and observed no deviation from normal
REF-035,PER-001,REF-035-PER-001-0026,CRITICAL,ref-asset-015,CRITICAL,NOT_ESCALATED,
REF-035,PER-001,REF-035-PER-001-0027,LOW,ref-asset-023,LOW,NOT_ESCALATED,
REF-035,PER-001,REF-035-PER-001-0028,HIGH,ref-asset-019,MEDIUM,NOT_ESCALATED,certificate across destination narrative privilege summary closure scrutinising handshake offset unapproved packets closure retrospective
REF-035,PER-001,REF-035-PER-001-0029,MEDIUM,ref-asset-019,CRITICAL,,
REF-035,PER-001,REF-035-PER-001-0030,HIGH,ref-asset-014,LOW,,
REF-035,PER-001,REF-035-PER-001-0031,LOW,ref-asset-016,LOW,NOT_ESCALATED,
REF-035,PER-001,REF-035-PER-001-0032,CRITICAL,ref-asset-001,LOW,NOT_ESCALATED,
REF-035,PER-001,REF-035-PER-001-0033,CRITICAL,ref-asset-018,CRITICAL,ESCALATED,chain compared window closure across correlation header payload topology and closure submitted ledger observations
REF-035,PER-001,REF-035-PER-001-0034,MEDIUM,ref-asset-019,LOW,NOT_ESCALATED,
REF-035,PER-001,REF-035-PER-001-0035,CRITICAL,ref-asset-021,LOW,NOT_ESCALATED,inspected process list and found no further suspicious activity
REF-035,PER-001,REF-035-PER-001-0036,LOW,ref-asset-017,CRITICAL,,
REF-035,PER-001,REF-035-PER-001-0037,MEDIUM,ref-asset-023,MEDIUM,ESCALATED,
REF-035,PER-001,REF-035-PER-001-0038,LOW,ref-asset-011,LOW,NOT_ESCALATED,
REF-035,PER-001,REF-035-PER-001-0039,HIGH,ref-asset-007,LOW,,correlated with change window and marked as expected behaviour
REF-035,PER-001,REF-035-PER-001-0040,HIGH,ref-asset-015,LOW,NOT_ESCALATED,
REF-035,PER-001,REF-035-PER-001-0041,CRITICAL,ref-asset-020,LOW,NOT_ESCALATED,reviewed queued alert and confirmed recurring pattern on endpoint
REF-035,PER-001,REF-035-PER-001-0042,CRITICAL,ref-asset-023,MEDIUM,NOT_ESCALATED,
REF-035,PER-001,REF-035-PER-001-0043,CRITICAL,ref-asset-017,HIGH,,pattern queue region closure privilege verification packets threshold correlation review appendix tuning of submitted
REF-035,PER-001,REF-035-PER-001-0044,LOW,ref-asset-008,MEDIUM,NOT_ESCALATED,
REF-035,PER-001,REF-035-PER-001-0045,HIGH,ref-asset-022,MEDIUM,NOT_ESCALATED,contents region sampling packets closure topology sequence certificate unapproved observations window analysed traced pattern
REF-035,PER-001,REF-035-PER-001-0046,MEDIUM,ref-asset-022,MEDIUM,,
REF-035,PER-001,REF-035-PER-001-0047,CRITICAL,ref-asset-019,MEDIUM,NOT_ESCALATED,
REF-035,PER-001,REF-035-PER-001-0048,LOW,ref-asset-007,LOW,,of verification ancestry queue inventory analysed correlation recurring tuning padding documented latency affected sensitivity
REF-035,PER-001,REF-035-PER-001-0049,LOW,ref-asset-012,MEDIUM,,
REF-035,PER-001,REF-035-PER-001-0050,MEDIUM,ref-asset-019,LOW,NOT_ESCALATED,
REF-035,PER-001,REF-035-PER-001-0051,MEDIUM,ref-asset-012,LOW,NOT_ESCALATED,region inspected observed retrospective before submitted baseline window provisional tuning confirmation validated compared window
REF-035,PER-001,REF-035-PER-001-0052,MEDIUM,ref-asset-023,MEDIUM,NOT_ESCALATED,recurring privilege guidance endpoints ownership narrative sequence for analysed checksum ancestry segment interval sensitivity
REF-036,PER-001,REF-036-PER-001-0001,HIGH,ref-asset-015,CRITICAL,NOT_ESCALATED,
REF-036,PER-001,REF-036-PER-001-0002,CRITICAL,ref-asset-008,HIGH,NOT_ESCALATED,inspected process list and found no further suspicious activity
REF-036,PER-001,REF-036-PER-001-0003,LOW,ref-asset-003,CRITICAL,,
REF-036,PER-001,REF-036-PER-001-0004,MEDIUM,ref-asset-006,MEDIUM,NOT_ESCALATED,confirmation correlation recommendation entries affected behaviour pattern capturing queue closure tuning submitted scrutinising documented
REF-036,PER-001,REF-036-PER-001-0005,HIGH,ref-asset-023,HIGH,NOT_ESCALATED,pattern queue padding behaviour recurring ledger offset topology affected recommendation scrutinising inspected boundary analysed
REF-036,PER-001,REF-036-PER-001-0006,LOW,ref-asset-011,LOW,NOT_ESCALATED,baseline inspected across review closure affected pattern ledger documented latency scrutinising authentication before interval
REF-036,PER-001,REF-036-PER-001-0007,CRITICAL,ref-asset-023,HIGH,NOT_ESCALATED,
REF-036,PER-001,REF-036-PER-001-0008,MEDIUM,ref-asset-010,HIGH,ESCALATED,behaviour authentication ownership checksum scrutinising matched review tuning sequence contents closure compared recurring correlation
REF-036,PER-001,REF-036-PER-001-0009,MEDIUM,ref-asset-015,HIGH,ESCALATED,inspected threshold correlation annotated analysed of review padding recurring rotation window and before compared
REF-036,PER-001,REF-036-PER-001-0010,LOW,ref-asset-021,HIGH,,window chain payload matched integrity pattern sensitivity components validated of segment padding review batch
REF-036,PER-001,REF-036-PER-001-0011,CRITICAL,ref-asset-001,CRITICAL,,
REF-036,PER-001,REF-036-PER-001-0012,HIGH,ref-asset-003,HIGH,ESCALATED,
REF-036,PER-001,REF-036-PER-001-0013,HIGH,ref-asset-023,MEDIUM,,certificate during provisional earlier verification ancestry segment confirmation baseline region sensitivity entries inspected authentication
REF-036,PER-001,REF-036-PER-001-0014,MEDIUM,ref-asset-020,CRITICAL,NOT_ESCALATED,sequence components window segment ledger tuning confirmation closure packets analysed capturing observations offset payload
REF-036,PER-001,REF-036-PER-001-0015,LOW,ref-asset-006,CRITICAL,NOT_ESCALATED,deviation annotated sampling queue region scrutinising affected for summary memory matched window chain closure
REF-036,PER-001,REF-036-PER-001-0016,LOW,ref-asset-019,HIGH,NOT_ESCALATED,
REF-036,PER-001,REF-036-PER-001-0017,LOW,ref-asset-017,CRITICAL,ESCALATED,with unapproved behaviour ancestry telemetry observed recommendation calibration segment privilege chain consolidated certificate threshold
REF-036,PER-001,REF-036-PER-001-0018,MEDIUM,ref-asset-021,MEDIUM,,narrative retrospective interval for confirmation pattern components correlation chain contents destination threshold sensitivity and
REF-036,PER-001,REF-036-PER-001-0019,CRITICAL,ref-asset-022,LOW,,sensitivity privilege during recurring indicator entries and narrative ancestry integrity analysed calibration review affected
REF-036,PER-001,REF-036-PER-001-0020,MEDIUM,ref-asset-023,HIGH,NOT_ESCALATED,queue latency threshold exceeded during the reporting window session token replay detected on the affected endpoint memory region contents sampled during the incident window ref 27564
REF-036,PER-001,REF-036-PER-001-0021,MEDIUM,ref-asset-004,CRITICAL,NOT_ESCALATED,threshold closure certificate sequence correlation handshake compared packets tuning endpoints baseline components matched of
REF-036,PER-001,REF-036-PER-001-0022,CRITICAL,ref-asset-019,MEDIUM,ESCALATED,
REF-036,PER-001,REF-036-PER-001-0023,MEDIUM,ref-asset-021,HIGH,NOT_ESCALATED,retrospective correlation rotation capturing observations latency chain region recurring baseline review sequence verification interval
REF-036,PER-001,REF-036-PER-001-0024,MEDIUM,ref-asset-018,LOW,,region integrity consolidated during memory topology scrutinising behaviour summary review header interval latency inventory
REF-036,PER-001,REF-036-PER-001-0025,MEDIUM,ref-asset-015,MEDIUM,ESCALATED,
REF-036,PER-001,REF-036-PER-001-0026,CRITICAL,ref-asset-022,LOW,NOT_ESCALATED,inspected affected certificate components payload of contents guidance with memory handshake chain behaviour header
REF-036,PER-001,REF-036-PER-001-0027,LOW,ref-asset-004,CRITICAL,NOT_ESCALATED,guidance affected review queue review closure tuning consolidated of annotated matched submitted inventory checksum
REF-036,PER-001,REF-036-PER-001-0028,LOW,ref-asset-021,LOW,NOT_ESCALATED,
REF-036,PER-001,REF-036-PER-001-0029,HIGH,ref-asset-019,HIGH,NOT_ESCALATED,chain behaviour closure authentication observed certificate deviation rotation before review validated inspected traced submitted
REF-036,PER-001,REF-036-PER-001-0030,LOW,ref-asset-017,LOW,,reviewed queued alert and confirmed recurring pattern on endpoint
REF-036,PER-001,REF-036-PER-001-0031,LOW,ref-asset-023,LOW,ESCALATED,endpoints capturing appendix memory header contents handshake annotated authentication of closure payload affected sensitivity
REF-036,PER-001,REF-036-PER-001-0032,LOW,ref-asset-002,HIGH,NOT_ESCALATED,validated packet capture and closed after verification step
REF-036,PER-001,REF-036-PER-001-0033,HIGH,ref-asset-018,MEDIUM,ESCALATED,certificate chain validated against the trusted store process ancestry traced back to the initiating service queue latency threshold exceeded during the reporting window ref 94770
REF-036,PER-001,REF-036-PER-001-0034,LOW,ref-asset-023,MEDIUM,NOT_ESCALATED,process ancestry traced back to the initiating service queue latency threshold exceeded during the reporting window network segment isolated pending further correlation ref 48084
REF-036,PER-001,REF-036-PER-001-0035,CRITICAL,ref-asset-023,LOW,,queue consolidated entries closure packets appendix integrity ledger of observed padding during capturing inventory
REF-036,PER-001,REF-036-PER-001-0036,HIGH,ref-asset-016,MEDIUM,NOT_ESCALATED,
REF-036,PER-001,REF-036-PER-001-0037,MEDIUM,ref-asset-020,LOW,,process ancestry traced back to the initiating service file integrity baseline compared and no change detected queue latency threshold exceeded during the reporting window ref 4824
REF-036,PER-001,REF-036-PER-001-0038,MEDIUM,ref-asset-020,MEDIUM,ESCALATED,correlated with change window and marked as expected behaviour
REF-036,PER-001,REF-036-PER-001-0039,LOW,ref-asset-022,LOW,NOT_ESCALATED,memory region contents sampled during the incident window process ancestry traced back to the initiating service payload header checksum mismatch observed in transit ref 60126
REF-037,PER-001,REF-037-PER-001-0001,HIGH,ref-asset-009,MEDIUM,,inspected process list and found no further suspicious activity
REF-037,PER-001,REF-037-PER-001-0002,CRITICAL,ref-asset-009,MEDIUM,,review across consolidated narrative closure window indicator documented padding recommendation tuning verification queue confirmation
REF-037,PER-001,REF-037-PER-001-0003,HIGH,ref-asset-009,MEDIUM,NOT_ESCALATED,pattern recurring matched batch verification topology integrity destination behaviour entries queue indicator chain capturing
REF-037,PER-001,REF-037-PER-001-0004,LOW,ref-asset-012,CRITICAL,NOT_ESCALATED,expected guidance integrity with sampling summary review correlation for observations packets during baseline authentication
REF-037,PER-001,REF-037-PER-001-0005,MEDIUM,ref-asset-012,LOW,,privilege boundary inspected and no escalation of rights seen file integrity baseline compared and no change detected certificate chain validated against the trusted store ref 63328
REF-037,PER-001,REF-037-PER-001-0006,LOW,ref-asset-008,MEDIUM,NOT_ESCALATED,ownership consolidated tuning sensitivity worksheet recurring integrity telemetry deviation validated of correlation window closure
REF-037,PER-001,REF-037-PER-001-0007,LOW,ref-asset-008,MEDIUM,NOT_ESCALATED,pattern review components inventory padding verification baseline traced documented review handshake expected chain deviation
REF-037,PER-001,REF-037-PER-001-0008,HIGH,ref-asset-001,MEDIUM,,recommendation region with matched offset across baseline tuning privilege analysed interval ancestry traced queue
REF-037,PER-001,REF-037-PER-001-0009,LOW,ref-asset-002,CRITICAL,NOT_ESCALATED,matched known indicator and escalated to on call for guidance
REF-037,PER-001,REF-037-PER-001-0010,CRITICAL,ref-asset-007,LOW,NOT_ESCALATED,correlated with change window and marked as expected behaviour
REF-037,PER-001,REF-037-PER-001-0011,HIGH,ref-asset-010,MEDIUM,NOT_ESCALATED,validated packet capture and closed after verification step
REF-037,PER-001,REF-037-PER-001-0012,CRITICAL,ref-asset-010,LOW,,window expected integrity topology pattern ownership closure summary sampling affected chain batch submitted compared
REF-037,PER-001,REF-037-PER-001-0013,HIGH,ref-asset-012,LOW,,
REF-037,PER-001,REF-037-PER-001-0014,LOW,ref-asset-012,MEDIUM,,compared against baseline and observed no deviation from normal
REF-037,PER-001,REF-037-PER-001-0015,CRITICAL,ref-asset-012,MEDIUM,NOT_ESCALATED,offset topology verification observed privilege interval baseline destination contents inventory deviation latency checksum guidance
REF-037,PER-001,REF-037-PER-001-0016,HIGH,ref-asset-006,LOW,NOT_ESCALATED,reviewed queued alert and confirmed recurring pattern on endpoint
REF-037,PER-001,REF-037-PER-001-0017,CRITICAL,ref-asset-011,MEDIUM,,header privilege correlation behaviour closure verification memory documented matched earlier inventory packets telemetry compared
REF-037,PER-001,REF-037-PER-001-0018,CRITICAL,ref-asset-009,MEDIUM,,telemetry with of for worksheet confirmation unapproved observed window submitted documented components destination scrutinising
REF-037,PER-001,REF-037-PER-001-0019,HIGH,ref-asset-012,MEDIUM,NOT_ESCALATED,for analysed offset unapproved topology deviation retrospective review indicator before capturing interval matched guidance
REF-037,PER-001,REF-037-PER-001-0020,CRITICAL,ref-asset-009,HIGH,NOT_ESCALATED,
REF-037,PER-001,REF-037-PER-001-0021,HIGH,ref-asset-012,HIGH,,
REF-037,PER-001,REF-037-PER-001-0022,MEDIUM,ref-asset-008,MEDIUM,NOT_ESCALATED,
REF-037,PER-001,REF-037-PER-001-0023,CRITICAL,ref-asset-012,LOW,,summary guidance narrative observations and analysed review endpoints during integrity segment recurring destination before
REF-037,PER-001,REF-037-PER-001-0024,CRITICAL,ref-asset-003,CRITICAL,,
REF-037,PER-001,REF-037-PER-001-0025,CRITICAL,ref-asset-004,CRITICAL,,during review sampling header traced matched recurring across inventory unapproved offset and correlation documented
REF-037,PER-001,REF-037-PER-001-0026,CRITICAL,ref-asset-006,LOW,NOT_ESCALATED,
REF-037,PER-001,REF-037-PER-001-0027,HIGH,ref-asset-008,HIGH,,certificate payload traced inventory packets contents documented correlation of review interval latency provisional padding
REF-037,PER-001,REF-037-PER-001-0028,MEDIUM,ref-asset-012,LOW,NOT_ESCALATED,memory region contents sampled during the incident window file integrity baseline compared and no change detected certificate chain validated against the trusted store ref 43700
REF-037,PER-001,REF-037-PER-001-0029,HIGH,ref-asset-004,LOW,,
REF-037,PER-001,REF-037-PER-001-0030,LOW,ref-asset-011,LOW,ESCALATED,
REF-037,PER-001,REF-037-PER-001-0031,MEDIUM,ref-asset-010,LOW,,batch authentication topology matched earlier privilege behaviour recurring provisional boundary correlation unapproved analysed retrospective
REF-037,PER-001,REF-037-PER-001-0032,HIGH,ref-asset-003,MEDIUM,,retrospective closure interval region observations offset threshold summary ancestry before ownership header boundary affected
REF-037,PER-001,REF-037-PER-001-0033,LOW,ref-asset-005,HIGH,,
REF-037,PER-001,REF-037-PER-001-0034,MEDIUM,ref-asset-008,CRITICAL,,sensitivity correlation certificate with provisional privilege closure offset payload and entries across sequence observations
REF-037,PER-001,REF-037-PER-001-0035,HIGH,ref-asset-006,CRITICAL,NOT_ESCALATED,
REF-038,PER-001,REF-038-PER-001-0001,MEDIUM,ref-asset-016,LOW,NOT_ESCALATED,reviewed queued alert and confirmed recurring pattern on endpoint
REF-038,PER-001,REF-038-PER-001-0002,MEDIUM,ref-asset-019,LOW,,during affected unapproved with packets offset recommendation review summary checksum observed and rotation documented
REF-038,PER-001,REF-038-PER-001-0003,LOW,ref-asset-019,HIGH,NOT_ESCALATED,matched known indicator and escalated to on call for guidance
REF-038,PER-001,REF-038-PER-001-0004,MEDIUM,ref-asset-013,MEDIUM,NOT_ESCALATED,correlated with change window and marked as expected behaviour
REF-038,PER-001,REF-038-PER-001-0005,MEDIUM,ref-asset-001,HIGH,NOT_ESCALATED,
REF-038,PER-001,REF-038-PER-001-0006,CRITICAL,ref-asset-004,HIGH,,compared against baseline and observed no deviation from normal
REF-038,PER-001,REF-038-PER-001-0007,MEDIUM,ref-asset-013,HIGH,NOT_ESCALATED,
REF-038,PER-001,REF-038-PER-001-0008,CRITICAL,ref-asset-009,MEDIUM,NOT_ESCALATED,
REF-038,PER-001,REF-038-PER-001-0009,LOW,ref-asset-002,HIGH,NOT_ESCALATED,
REF-038,PER-001,REF-038-PER-001-0010,MEDIUM,ref-asset-013,LOW,NOT_ESCALATED,
REF-038,PER-001,REF-038-PER-001-0011,LOW,ref-asset-004,CRITICAL,NOT_ESCALATED,
REF-038,PER-001,REF-038-PER-001-0012,HIGH,ref-asset-010,MEDIUM,NOT_ESCALATED,
REF-038,PER-001,REF-038-PER-001-0013,MEDIUM,ref-asset-012,LOW,NOT_ESCALATED,
REF-038,PER-001,REF-038-PER-001-0014,LOW,ref-asset-019,LOW,,inspected process list and found no further suspicious activity
REF-038,PER-001,REF-038-PER-001-0015,MEDIUM,ref-asset-016,LOW,NOT_ESCALATED,
REF-038,PER-001,REF-038-PER-001-0016,LOW,ref-asset-005,MEDIUM,ESCALATED,
REF-038,PER-001,REF-038-PER-001-0017,CRITICAL,ref-asset-016,CRITICAL,NOT_ESCALATED,
REF-038,PER-001,REF-038-PER-001-0018,MEDIUM,ref-asset-002,MEDIUM,ESCALATED,authentication handshake retried several times before success payload header checksum mismatch observed in transit file integrity baseline compared and no change detected ref 3714
REF-038,PER-001,REF-038-PER-001-0019,LOW,ref-asset-013,HIGH,NOT_ESCALATED,
REF-038,PER-001,REF-038-PER-001-0020,CRITICAL,ref-asset-016,HIGH,NOT_ESCALATED,validated packet capture and closed after verification step
REF-038,PER-001,REF-038-PER-001-0021,MEDIUM,ref-asset-016,HIGH,ESCALATED,privilege review with tuning inspected appendix boundary batch consolidated correlation before worksheet confirmation rotation
REF-038,PER-001,REF-038-PER-001-0022,LOW,ref-asset-011,MEDIUM,,behaviour worksheet topology destination during contents tuning observed segment affected memory baseline rotation recurring
REF-038,PER-001,REF-038-PER-001-0023,LOW,ref-asset-011,MEDIUM,,payload observations memory ancestry validated ledger summary before interval region confirmation earlier contents analysed
REF-038,PER-001,REF-038-PER-001-0024,LOW,ref-asset-016,LOW,NOT_ESCALATED,unapproved observations contents compared padding sequence annotated before stakeholders baseline retrospective offset analysed pattern
REF-038,PER-001,REF-038-PER-001-0025,MEDIUM,ref-asset-012,LOW,NOT_ESCALATED,
REF-038,PER-001,REF-038-PER-001-0026,MEDIUM,ref-asset-003,LOW,,
REF-038,PER-001,REF-038-PER-001-0027,LOW,ref-asset-017,LOW,NOT_ESCALATED,compared privilege expected before behaviour narrative deviation chain handshake header sequence and earlier packets
REF-038,PER-001,REF-038-PER-001-0028,HIGH,ref-asset-010,CRITICAL,NOT_ESCALATED,
REF-038,PER-001,REF-038-PER-001-0029,MEDIUM,ref-asset-003,HIGH,NOT_ESCALATED,
REF-038,PER-001,REF-038-PER-001-0030,MEDIUM,ref-asset-015,LOW,NOT_ESCALATED,header ownership behaviour integrity interval and correlation deviation unapproved affected offset ledger calibration certificate
REF-038,PER-001,REF-038-PER-001-0031,MEDIUM,ref-asset-008,HIGH,ESCALATED,
REF-038,PER-001,REF-038-PER-001-0032,MEDIUM,ref-asset-015,CRITICAL,NOT_ESCALATED,
REF-038,PER-001,REF-038-PER-001-0033,LOW,ref-asset-001,CRITICAL,,
REF-038,PER-001,REF-038-PER-001-0034,CRITICAL,ref-asset-018,CRITICAL,,
REF-038,PER-001,REF-038-PER-001-0035,HIGH,ref-asset-018,HIGH,NOT_ESCALATED,telemetry sensitivity payload appendix memory tuning scrutinising summary closure padding annotated chain correlation endpoints
REF-038,PER-001,REF-038-PER-001-0036,CRITICAL,ref-asset-017,HIGH,NOT_ESCALATED,
REF-038,PER-001,REF-038-PER-001-0037,LOW,ref-asset-007,MEDIUM,,consolidated sensitivity certificate scrutinising destination checksum memory contents stakeholders latency ownership of worksheet integrity
REF-038,PER-001,REF-038-PER-001-0038,CRITICAL,ref-asset-013,LOW,NOT_ESCALATED,
REF-038,PER-001,REF-038-PER-001-0039,MEDIUM,ref-asset-011,MEDIUM,NOT_ESCALATED,closure provisional calibration recurring earlier baseline matched for guidance validated correlation of review telemetry
REF-038,PER-001,REF-038-PER-001-0040,LOW,ref-asset-011,LOW,NOT_ESCALATED,
REF-038,PER-001,REF-038-PER-001-0041,MEDIUM,ref-asset-014,LOW,,consolidated recurring segment indicator submitted header handshake retrospective ledger provisional validated closure for endpoints
REF-038,PER-001,REF-038-PER-001-0042,MEDIUM,ref-asset-016,LOW,,
REF-038,PER-001,REF-038-PER-001-0043,HIGH,ref-asset-018,CRITICAL,NOT_ESCALATED,
REF-038,PER-001,REF-038-PER-001-0044,MEDIUM,ref-asset-011,MEDIUM,NOT_ESCALATED,recommendation validated affected rotation inspected interval summary latency entries worksheet stakeholders observed correlation correlation
REF-038,PER-001,REF-038-PER-001-0045,LOW,ref-asset-008,MEDIUM,,deviation behaviour entries memory inventory padding correlation closure for segment inspected header window with
REF-038,PER-001,REF-038-PER-001-0046,CRITICAL,ref-asset-011,HIGH,NOT_ESCALATED,authentication batch tuning correlation before sensitivity review ledger destination interval contents inventory pattern capturing
REF-038,PER-001,REF-038-PER-001-0047,LOW,ref-asset-006,HIGH,NOT_ESCALATED,
REF-039,PER-001,REF-039-PER-001-0001,CRITICAL,ref-asset-021,MEDIUM,NOT_ESCALATED,correlated with change window and marked as expected behaviour
REF-039,PER-001,REF-039-PER-001-0002,MEDIUM,ref-asset-009,HIGH,NOT_ESCALATED,
REF-039,PER-001,REF-039-PER-001-0003,CRITICAL,ref-asset-019,CRITICAL,,
REF-039,PER-001,REF-039-PER-001-0004,CRITICAL,ref-asset-011,LOW,,
REF-039,PER-001,REF-039-PER-001-0005,HIGH,ref-asset-018,MEDIUM,ESCALATED,
REF-039,PER-001,REF-039-PER-001-0006,HIGH,ref-asset-002,CRITICAL,,before indicator destination across expected offset checksum matched segment window pattern entries interval earlier
REF-039,PER-001,REF-039-PER-001-0007,CRITICAL,ref-asset-023,LOW,NOT_ESCALATED,before compared affected latency ownership closure recommendation consolidated segment sensitivity pattern validated for capturing
REF-039,PER-001,REF-039-PER-001-0008,CRITICAL,ref-asset-002,CRITICAL,,offset recommendation before correlation telemetry components review across rotation confirmation retrospective observations compared window
REF-039,PER-001,REF-039-PER-001-0009,CRITICAL,ref-asset-018,MEDIUM,NOT_ESCALATED,
REF-039,PER-001,REF-039-PER-001-0010,CRITICAL,ref-asset-020,MEDIUM,,latency sampling closure expected annotated guidance payload documented and verification worksheet inspected deviation appendix
REF-039,PER-001,REF-039-PER-001-0011,MEDIUM,ref-asset-021,HIGH,,
REF-039,PER-001,REF-039-PER-001-0012,LOW,ref-asset-013,LOW,,
REF-039,PER-001,REF-039-PER-001-0013,CRITICAL,ref-asset-002,CRITICAL,,
REF-039,PER-001,REF-039-PER-001-0014,CRITICAL,ref-asset-021,CRITICAL,NOT_ESCALATED,interval expected integrity summary validated segment analysed capturing components pattern region closure observed scrutinising
REF-039,PER-001,REF-039-PER-001-0015,LOW,ref-asset-013,CRITICAL,NOT_ESCALATED,consolidated of sequence compared closure affected documented expected unapproved privilege stakeholders observations calibration entries
REF-039,PER-001,REF-039-PER-001-0016,LOW,ref-asset-014,LOW,,
REF-039,PER-001,REF-039-PER-001-0017,MEDIUM,ref-asset-019,CRITICAL,ESCALATED,
REF-039,PER-001,REF-039-PER-001-0018,CRITICAL,ref-asset-022,MEDIUM,NOT_ESCALATED,padding segment before traced guidance affected analysed documented unapproved calibration authentication telemetry ownership appendix
REF-039,PER-001,REF-039-PER-001-0019,CRITICAL,ref-asset-001,CRITICAL,,compared interval submitted correlation tuning endpoints observed calibration capturing annotated closure inventory privilege checksum
REF-039,PER-001,REF-039-PER-001-0020,HIGH,ref-asset-011,CRITICAL,NOT_ESCALATED,
REF-039,PER-001,REF-039-PER-001-0021,MEDIUM,ref-asset-023,HIGH,NOT_ESCALATED,guidance for interval latency retrospective destination of review region rotation earlier deviation queue correlation
REF-039,PER-001,REF-039-PER-001-0022,HIGH,ref-asset-011,HIGH,ESCALATED,
REF-039,PER-001,REF-039-PER-001-0023,CRITICAL,ref-asset-014,HIGH,,segment ancestry telemetry scrutinising affected integrity window batch unapproved validated ownership earlier summary padding
REF-039,PER-001,REF-039-PER-001-0024,MEDIUM,ref-asset-021,HIGH,,memory region contents sampled during the incident window network segment isolated pending further correlation authentication handshake retried several times before success ref 44962
REF-039,PER-001,REF-039-PER-001-0025,CRITICAL,ref-asset-013,LOW,,checksum topology window annotated rotation of baseline documented retrospective sampling appendix chain region scrutinising
REF-039,PER-001,REF-039-PER-001-0026,CRITICAL,ref-asset-009,HIGH,,during interval pattern window deviation segment closure header traced inventory guidance chain unapproved topology
REF-039,PER-001,REF-039-PER-001-0027,HIGH,ref-asset-002,LOW,NOT_ESCALATED,boundary affected topology segment baseline review correlation endpoints region threshold scrutinising narrative sensitivity guidance
REF-039,PER-001,REF-039-PER-001-0028,LOW,ref-asset-002,MEDIUM,NOT_ESCALATED,
REF-039,PER-001,REF-039-PER-001-0029,MEDIUM,ref-asset-002,CRITICAL,NOT_ESCALATED,matched known indicator and escalated to on call for guidance
REF-039,PER-001,REF-039-PER-001-0030,HIGH,ref-asset-022,HIGH,,latency entries stakeholders guidance indicator observations baseline sequence calibration narrative during observed closure checksum
REF-039,PER-001,REF-039-PER-001-0031,LOW,ref-asset-017,MEDIUM,NOT_ESCALATED,reviewed queued alert and confirmed recurring pattern on endpoint
REF-039,PER-001,REF-039-PER-001-0032,MEDIUM,ref-asset-018,HIGH,NOT_ESCALATED,sensitivity submitted privilege recurring inventory compared stakeholders and correlation components confirmation certificate observed authentication
REF-039,PER-001,REF-039-PER-001-0033,HIGH,ref-asset-006,CRITICAL,NOT_ESCALATED,
REF-039,PER-001,REF-039-PER-001-0034,LOW,ref-asset-001,HIGH,,behaviour contents observations ancestry inventory worksheet endpoints review handshake threshold documented topology inspected during
REF-039,PER-001,REF-039-PER-001-0035,HIGH,ref-asset-022,MEDIUM,NOT_ESCALATED,outbound connection attempted to an unapproved destination queue latency threshold exceeded during the reporting window session token replay detected on the affected endpoint ref 69295
REF-039,PER-001,REF-039-PER-001-0036,MEDIUM,ref-asset-022,HIGH,,
REF-039,PER-001,REF-039-PER-001-0037,CRITICAL,ref-asset-001,CRITICAL,,memory region contents sampled during the incident window process ancestry traced back to the initiating service privilege boundary inspected and no escalation of rights seen ref 98010
REF-039,PER-001,REF-039-PER-001-0038,HIGH,ref-asset-001,LOW,,
REF-039,PER-001,REF-039-PER-001-0039,HIGH,ref-asset-001,HIGH,NOT_ESCALATED,confirmation sequence unapproved inventory narrative memory before review queue observations telemetry correlation compared behaviour
REF-040,PER-001,REF-040-PER-001-0001,LOW,ref-asset-008,MEDIUM,NOT_ESCALATED,
REF-040,PER-001,REF-040-PER-001-0002,LOW,ref-asset-005,LOW,NOT_ESCALATED,correlated with change window and marked as expected behaviour
REF-040,PER-001,REF-040-PER-001-0003,MEDIUM,ref-asset-005,LOW,NOT_ESCALATED,handshake telemetry chain ancestry inspected certificate compared expected destination during consolidated integrity provisional verification
REF-040,PER-001,REF-040-PER-001-0004,HIGH,ref-asset-006,MEDIUM,NOT_ESCALATED,
REF-040,PER-001,REF-040-PER-001-0005,CRITICAL,ref-asset-008,MEDIUM,NOT_ESCALATED,
REF-040,PER-001,REF-040-PER-001-0006,CRITICAL,ref-asset-007,MEDIUM,,submitted calibration authentication for of recommendation ownership earlier threshold memory checksum correlation segment sensitivity
REF-040,PER-001,REF-040-PER-001-0007,CRITICAL,ref-asset-007,CRITICAL,NOT_ESCALATED,
REF-040,PER-001,REF-040-PER-001-0008,CRITICAL,ref-asset-009,MEDIUM,NOT_ESCALATED,
REF-040,PER-001,REF-040-PER-001-0009,CRITICAL,ref-asset-007,LOW,NOT_ESCALATED,compared against baseline and observed no deviation from normal
REF-040,PER-001,REF-040-PER-001-0010,MEDIUM,ref-asset-007,MEDIUM,,
REF-040,PER-001,REF-040-PER-001-0011,LOW,ref-asset-007,LOW,NOT_ESCALATED,
REF-040,PER-001,REF-040-PER-001-0012,HIGH,ref-asset-005,MEDIUM,NOT_ESCALATED,submitted queue interval checksum topology ownership correlation rotation closure endpoints stakeholders compared packets observations
REF-040,PER-001,REF-040-PER-001-0013,HIGH,ref-asset-002,LOW,NOT_ESCALATED,entries batch closure earlier payload scrutinising documented expected integrity with queue deviation interval unapproved
REF-040,PER-001,REF-040-PER-001-0014,LOW,ref-asset-008,LOW,NOT_ESCALATED,
REF-040,PER-001,REF-040-PER-001-0015,HIGH,ref-asset-002,MEDIUM,NOT_ESCALATED,reviewed queued alert and confirmed recurring pattern on endpoint
REF-040,PER-001,REF-040-PER-001-0016,MEDIUM,ref-asset-007,MEDIUM,,validated packet capture and closed after verification step
REF-040,PER-001,REF-040-PER-001-0017,MEDIUM,ref-asset-004,CRITICAL,NOT_ESCALATED,affected consolidated boundary unapproved batch sequence closure tuning ancestry correlation threshold integrity before worksheet
REF-040,PER-001,REF-040-PER-001-0018,LOW,ref-asset-003,CRITICAL,NOT_ESCALATED,traced closure tuning certificate batch provisional offset sequence checksum region interval summary correlation of
REF-040,PER-001,REF-040-PER-001-0019,LOW,ref-asset-008,MEDIUM,NOT_ESCALATED,documented observed compared across earlier offset ownership chain closure padding rotation segment traced deviation
REF-040,PER-001,REF-040-PER-001-0020,CRITICAL,ref-asset-006,CRITICAL,NOT_ESCALATED,matched rotation of handshake threshold sequence for indicator components observations consolidated endpoints interval stakeholders
REF-040,PER-001,REF-040-PER-001-0021,MEDIUM,ref-asset-003,MEDIUM,,worksheet guidance review annotated consolidated threshold analysed sampling during pattern chain indicator checksum ledger
REF-040,PER-001,REF-040-PER-001-0022,CRITICAL,ref-asset-008,LOW,NOT_ESCALATED,
REF-040,PER-001,REF-040-PER-001-0023,CRITICAL,ref-asset-009,MEDIUM,NOT_ESCALATED,consolidated offset documented retrospective chain provisional memory with ledger privilege region entries and traced
REF-040,PER-001,REF-040-PER-001-0024,CRITICAL,ref-asset-002,MEDIUM,NOT_ESCALATED,inspected process list and found no further suspicious activity
REF-040,PER-001,REF-040-PER-001-0025,CRITICAL,ref-asset-009,LOW,NOT_ESCALATED,with latency review deviation closure scrutinising contents sampling unapproved payload components compared threshold submitted
REF-040,PER-001,REF-040-PER-001-0026,HIGH,ref-asset-004,CRITICAL,,matched known indicator and escalated to on call for guidance
REF-040,PER-001,REF-040-PER-001-0027,HIGH,ref-asset-006,MEDIUM,NOT_ESCALATED,sensitivity topology closure contents earlier consolidated expected endpoints inspected traced correlation certificate review window
REF-041,PER-001,REF-041-PER-001-0001,MEDIUM,ref-asset-018,CRITICAL,NOT_ESCALATED,validated packet capture and closed after verification step
REF-041,PER-001,REF-041-PER-001-0002,LOW,ref-asset-004,CRITICAL,NOT_ESCALATED,with rotation analysed checksum review inventory summary batch entries closure compared narrative header authentication
REF-041,PER-001,REF-041-PER-001-0003,MEDIUM,ref-asset-011,HIGH,NOT_ESCALATED,matched destination sampling inventory memory review closure compared earlier summary deviation behaviour queue confirmation
REF-041,PER-001,REF-041-PER-001-0004,MEDIUM,ref-asset-005,HIGH,NOT_ESCALATED,checksum capturing of privilege topology affected submitted telemetry destination ownership header during window closure
REF-041,PER-001,REF-041-PER-001-0005,HIGH,ref-asset-005,MEDIUM,NOT_ESCALATED,inspected process list and found no further suspicious activity
REF-041,PER-001,REF-041-PER-001-0006,MEDIUM,ref-asset-005,LOW,NOT_ESCALATED,
REF-041,PER-001,REF-041-PER-001-0007,MEDIUM,ref-asset-004,MEDIUM,NOT_ESCALATED,ancestry documented telemetry worksheet contents segment scrutinising baseline payload analysed confirmation observations region closure
REF-041,PER-001,REF-041-PER-001-0008,MEDIUM,ref-asset-005,MEDIUM,NOT_ESCALATED,observed correlation verification analysed contents handshake closure ownership memory telemetry chain validated review interval
REF-041,PER-001,REF-041-PER-001-0009,MEDIUM,ref-asset-012,CRITICAL,NOT_ESCALATED,
REF-041,PER-001,REF-041-PER-001-0010,CRITICAL,ref-asset-002,HIGH,NOT_ESCALATED,window of pattern earlier queue components before packets for unapproved scrutinising baseline summary worksheet
REF-041,PER-001,REF-041-PER-001-0011,MEDIUM,ref-asset-001,MEDIUM,NOT_ESCALATED,interval earlier segment stakeholders contents components capturing telemetry consolidated traced inventory sensitivity scrutinising privilege
REF-041,PER-001,REF-041-PER-001-0012,LOW,ref-asset-017,CRITICAL,,chain observed correlation payload queue padding recommendation affected across expected recurring boundary stakeholders inspected
REF-041,PER-001,REF-041-PER-001-0013,CRITICAL,ref-asset-018,MEDIUM,NOT_ESCALATED,sensitivity stakeholders matched during closure correlation guidance endpoints header certificate correlation entries submitted annotated
REF-041,PER-001,REF-041-PER-001-0014,HIGH,ref-asset-005,LOW,NOT_ESCALATED,boundary components consolidated chain queue ledger correlation handshake review narrative sampling unapproved verification for
REF-041,PER-001,REF-041-PER-001-0015,LOW,ref-asset-016,CRITICAL,NOT_ESCALATED,recurring capturing observed handshake privilege threshold interval endpoints rotation ownership documented appendix behaviour boundary
REF-041,PER-001,REF-041-PER-001-0016,MEDIUM,ref-asset-023,CRITICAL,,matched known indicator and escalated to on call for guidance
REF-041,PER-001,REF-041-PER-001-0017,LOW,ref-asset-002,LOW,NOT_ESCALATED,worksheet provisional retrospective appendix across sequence threshold affected region components during endpoints rotation contents
REF-041,PER-001,REF-041-PER-001-0018,HIGH,ref-asset-014,CRITICAL,NOT_ESCALATED,compared against baseline and observed no deviation from normal
REF-041,PER-001,REF-041-PER-001-0019,CRITICAL,ref-asset-002,LOW,NOT_ESCALATED,
REF-041,PER-001,REF-041-PER-001-0020,HIGH,ref-asset-001,HIGH,,
REF-041,PER-001,REF-041-PER-001-0021,MEDIUM,ref-asset-003,LOW,,
REF-041,PER-001,REF-041-PER-001-0022,CRITICAL,ref-asset-023,CRITICAL,NOT_ESCALATED,
REF-041,PER-001,REF-041-PER-001-0023,CRITICAL,ref-asset-002,HIGH,NOT_ESCALATED,reviewed queued alert and confirmed recurring pattern on endpoint
REF-041,PER-001,REF-041-PER-001-0024,CRITICAL,ref-asset-010,MEDIUM,NOT_ESCALATED,session token replay detected on the affected endpoint process ancestry traced back to the initiating service outbound connection attempted to an unapproved destination ref 36398
REF-041,PER-001,REF-041-PER-001-0025,MEDIUM,ref-asset-024,MEDIUM,NOT_ESCALATED,
REF-041,PER-001,REF-041-PER-001-0026,CRITICAL,ref-asset-003,CRITICAL,NOT_ESCALATED,correlated with change window and marked as expected behaviour
REF-041,PER-001,REF-041-PER-001-0027,MEDIUM,ref-asset-004,CRITICAL,NOT_ESCALATED,
REF-041,PER-001,REF-041-PER-001-0028,MEDIUM,ref-asset-018,MEDIUM,NOT_ESCALATED,observations tuning integrity header chain telemetry batch offset scrutinising destination before summary analysed guidance
REF-041,PER-001,REF-041-PER-001-0029,CRITICAL,ref-asset-001,LOW,NOT_ESCALATED,
REF-041,PER-001,REF-041-PER-001-0030,MEDIUM,ref-asset-003,MEDIUM,NOT_ESCALATED,inspected recurring telemetry worksheet annotated memory for tuning deviation traced indicator scrutinising certificate destination
REF-041,PER-001,REF-041-PER-001-0031,MEDIUM,ref-asset-022,HIGH,ESCALATED,
REF-041,PER-001,REF-041-PER-001-0032,MEDIUM,ref-asset-023,MEDIUM,NOT_ESCALATED,window entries boundary confirmation rotation appendix provisional packets behaviour unapproved submitted of batch verification
REF-041,PER-001,REF-041-PER-001-0033,HIGH,ref-asset-002,CRITICAL,NOT_ESCALATED,contents worksheet destination recommendation closure region validated submitted queue across and guidance checksum privilege
REF-041,PER-001,REF-041-PER-001-0034,CRITICAL,ref-asset-008,LOW,NOT_ESCALATED,outbound connection attempted to an unapproved destination process ancestry traced back to the initiating service certificate chain validated against the trusted store ref 26483
REF-041,PER-001,REF-041-PER-001-0035,MEDIUM,ref-asset-022,HIGH,,privilege sampling telemetry indicator pattern stakeholders retrospective destination batch ancestry endpoints integrity ownership deviation
REF-041,PER-001,REF-041-PER-001-0036,MEDIUM,ref-asset-003,LOW,NOT_ESCALATED,
REF-041,PER-001,REF-041-PER-001-0037,LOW,ref-asset-001,CRITICAL,ESCALATED,region unapproved and inventory recurring stakeholders inspected components closure chain memory behaviour documented observed
REF-041,PER-001,REF-041-PER-001-0038,LOW,ref-asset-024,CRITICAL,,region compared checksum indicator submitted earlier integrity validated entries during authentication inventory handshake behaviour
REF-041,PER-001,REF-041-PER-001-0039,LOW,ref-asset-023,LOW,NOT_ESCALATED,narrative earlier indicator correlation retrospective inventory observed telemetry components calibration scrutinising recurring during privilege
REF-041,PER-001,REF-041-PER-001-0040,HIGH,ref-asset-020,HIGH,NOT_ESCALATED,expected endpoints header during window checksum sensitivity across retrospective calibration traced documented worksheet and
REF-041,PER-001,REF-041-PER-001-0041,LOW,ref-asset-024,MEDIUM,NOT_ESCALATED,narrative calibration with window review certificate traced authentication destination correlation unapproved handshake worksheet contents
REF-041,PER-001,REF-041-PER-001-0042,CRITICAL,ref-asset-014,HIGH,,ownership retrospective indicator padding worksheet region checksum privilege analysed packets deviation queue sensitivity destination
REF-041,PER-001,REF-041-PER-001-0043,MEDIUM,ref-asset-014,HIGH,NOT_ESCALATED,narrative earlier indicator scrutinising authentication region correlation consolidated destination with memory window window verification
REF-041,PER-001,REF-041-PER-001-0044,HIGH,ref-asset-021,MEDIUM,NOT_ESCALATED,
REF-041,PER-001,REF-041-PER-001-0045,LOW,ref-asset-024,CRITICAL,NOT_ESCALATED,narrative during inspected indicator worksheet expected validated correlation summary calibration for closure observations threshold
REF-041,PER-001,REF-041-PER-001-0046,LOW,ref-asset-001,CRITICAL,NOT_ESCALATED,network segment isolated pending further correlation outbound connection attempted to an unapproved destination privilege boundary inspected and no escalation of rights seen ref 37743
REF-041,PER-001,REF-041-PER-001-0047,CRITICAL,ref-asset-002,CRITICAL,NOT_ESCALATED,outbound connection attempted to an unapproved destination file integrity baseline compared and no change detected privilege boundary inspected and no escalation of rights seen ref 61675
REF-041,PER-001,REF-041-PER-001-0048,CRITICAL,ref-asset-001,MEDIUM,,certificate recurring sampling worksheet provisional ownership ancestry boundary of behaviour closure documented checksum entries
REF-041,PER-001,REF-041-PER-001-0049,HIGH,ref-asset-022,CRITICAL,NOT_ESCALATED,indicator threshold compared boundary scrutinising review memory packets summary review entries documented baseline observations
REF-041,PER-001,REF-041-PER-001-0050,HIGH,ref-asset-001,HIGH,NOT_ESCALATED,submitted authentication baseline inspected correlation certificate worksheet latency window ledger summary privilege consolidated components
REF-041,PER-001,REF-041-PER-001-0051,MEDIUM,ref-asset-001,HIGH,NOT_ESCALATED,retrospective observations window traced expected submitted ledger of before matched checksum packets recommendation privilege
REF-041,PER-001,REF-041-PER-001-0052,CRITICAL,ref-asset-003,HIGH,NOT_ESCALATED,window inventory indicator batch calibration topology certificate submitted retrospective review matched behaviour affected documented
REF-041,PER-001,REF-041-PER-001-0053,MEDIUM,ref-asset-022,LOW,NOT_ESCALATED,threshold observations ledger annotated checksum integrity memory certificate recurring interval segment padding topology capturing
REF-041,PER-001,REF-041-PER-001-0054,LOW,ref-asset-002,HIGH,NOT_ESCALATED,annotated guidance traced queue certificate contents handshake narrative review window destination across components worksheet
REF-041,PER-001,REF-041-PER-001-0055,LOW,ref-asset-004,HIGH,ESCALATED,inspected rotation behaviour deviation memory latency queue narrative components packets pattern affected stakeholders closure
REF-041,PER-001,REF-041-PER-001-0056,MEDIUM,ref-asset-006,HIGH,NOT_ESCALATED,documented guidance review and authentication matched interval endpoints ancestry consolidated integrity batch worksheet sensitivity
REF-041,PER-001,REF-041-PER-001-0057,CRITICAL,ref-asset-011,CRITICAL,,closure authentication endpoints tuning rotation guidance retrospective summary and window matched narrative sampling certificate
REF-041,PER-001,REF-041-PER-001-0058,CRITICAL,ref-asset-002,MEDIUM,,
REF-041,PER-001,REF-041-PER-001-0059,LOW,ref-asset-004,LOW,,packets capturing baseline summary tuning documented observed behaviour endpoints topology correlation deviation validated review
REF-042,PER-001,REF-042-PER-001-0001,HIGH,ref-asset-016,CRITICAL,NOT_ESCALATED,with certificate components memory review sampling privilege earlier destination inventory for deviation matched latency
REF-042,PER-001,REF-042-PER-001-0002,MEDIUM,ref-asset-008,MEDIUM,NOT_ESCALATED,interval before documented review recurring matched latency segment verification affected threshold pattern handshake annotated
REF-042,PER-001,REF-042-PER-001-0003,HIGH,ref-asset-014,MEDIUM,NOT_ESCALATED,capturing compared window calibration correlation documented ancestry expected recommendation destination endpoints chain closure analysed
REF-042,PER-001,REF-042-PER-001-0004,LOW,ref-asset-010,MEDIUM,,
REF-042,PER-001,REF-042-PER-001-0005,CRITICAL,ref-asset-015,HIGH,,rotation review destination boundary earlier validated inventory submitted closure capturing ownership certificate authentication privilege
REF-042,PER-001,REF-042-PER-001-0006,LOW,ref-asset-017,LOW,ESCALATED,calibration retrospective recommendation capturing annotated before payload checksum destination entries authentication pattern earlier region
REF-042,PER-001,REF-042-PER-001-0007,CRITICAL,ref-asset-012,CRITICAL,NOT_ESCALATED,
REF-042,PER-001,REF-042-PER-001-0008,CRITICAL,ref-asset-015,HIGH,,
REF-042,PER-001,REF-042-PER-001-0009,CRITICAL,ref-asset-013,CRITICAL,NOT_ESCALATED,unapproved tuning retrospective batch compared header calibration boundary traced with baseline before authentication ledger
REF-042,PER-001,REF-042-PER-001-0010,CRITICAL,ref-asset-009,LOW,ESCALATED,queue latency threshold exceeded during the reporting window authentication handshake retried several times before success file integrity baseline compared and no change detected ref 21317
REF-042,PER-001,REF-042-PER-001-0011,CRITICAL,ref-asset-009,MEDIUM,NOT_ESCALATED,memory checksum sensitivity before window compared ledger confirmation threshold inspected region validated header window
REF-042,PER-001,REF-042-PER-001-0012,LOW,ref-asset-007,LOW,NOT_ESCALATED,
REF-042,PER-001,REF-042-PER-001-0013,CRITICAL,ref-asset-017,MEDIUM,,
REF-042,PER-001,REF-042-PER-001-0014,HIGH,ref-asset-009,HIGH,ESCALATED,correlated with change window and marked as expected behaviour
REF-042,PER-001,REF-042-PER-001-0015,MEDIUM,ref-asset-014,MEDIUM,NOT_ESCALATED,queue latency threshold exceeded during the reporting window network segment isolated pending further correlation memory region contents sampled during the incident window ref 53942
REF-042,PER-001,REF-042-PER-001-0016,CRITICAL,ref-asset-017,HIGH,,
REF-042,PER-001,REF-042-PER-001-0017,HIGH,ref-asset-010,MEDIUM,NOT_ESCALATED,before summary correlation with endpoints sequence closure interval capturing tuning pattern rotation documented chain
REF-042,PER-001,REF-042-PER-001-0018,HIGH,ref-asset-002,MEDIUM,,inspected process list and found no further suspicious activity
REF-042,PER-001,REF-042-PER-001-0019,CRITICAL,ref-asset-017,HIGH,,sequence capturing closure narrative retrospective checksum recommendation confirmation and scrutinising unapproved calibration endpoints destination
REF-042,PER-001,REF-042-PER-001-0020,HIGH,ref-asset-015,HIGH,NOT_ESCALATED,header narrative ledger correlation deviation baseline payload sampling annotated telemetry confirmation packets traced destination
REF-042,PER-001,REF-042-PER-001-0021,HIGH,ref-asset-004,MEDIUM,NOT_ESCALATED,
REF-042,PER-001,REF-042-PER-001-0022,CRITICAL,ref-asset-007,LOW,NOT_ESCALATED,
REF-042,PER-001,REF-042-PER-001-0023,CRITICAL,ref-asset-016,LOW,ESCALATED,
REF-042,PER-001,REF-042-PER-001-0024,HIGH,ref-asset-016,CRITICAL,NOT_ESCALATED,
REF-042,PER-001,REF-042-PER-001-0025,LOW,ref-asset-014,CRITICAL,,
REF-042,PER-001,REF-042-PER-001-0026,MEDIUM,ref-asset-015,HIGH,NOT_ESCALATED,correlation chain destination validated payload across recommendation traced certificate during analysed ownership rotation calibration
REF-042,PER-001,REF-042-PER-001-0027,HIGH,ref-asset-009,MEDIUM,ESCALATED,
REF-042,PER-001,REF-042-PER-001-0028,CRITICAL,ref-asset-013,HIGH,ESCALATED,ancestry confirmation compared topology verification summary capturing boundary review memory authentication baseline packets for
REF-042,PER-001,REF-042-PER-001-0029,CRITICAL,ref-asset-009,MEDIUM,NOT_ESCALATED,
REF-043,PER-001,REF-043-PER-001-0001,HIGH,ref-asset-003,MEDIUM,NOT_ESCALATED,recommendation earlier compared observations summary for capturing consolidated worksheet endpoints deviation authentication affected and
REF-043,PER-001,REF-043-PER-001-0002,CRITICAL,ref-asset-007,HIGH,ESCALATED,topology consolidated entries window endpoints tuning across documented narrative behaviour segment compared sampling provisional
REF-043,PER-001,REF-043-PER-001-0003,CRITICAL,ref-asset-016,MEDIUM,NOT_ESCALATED,
REF-043,PER-001,REF-043-PER-001-0004,LOW,ref-asset-002,CRITICAL,,
REF-043,PER-001,REF-043-PER-001-0005,HIGH,ref-asset-022,CRITICAL,NOT_ESCALATED,reviewed queued alert and confirmed recurring pattern on endpoint
REF-043,PER-001,REF-043-PER-001-0006,HIGH,ref-asset-004,MEDIUM,ESCALATED,earlier appendix packets for correlation closure and baseline boundary sampling affected batch pattern validated
REF-043,PER-001,REF-043-PER-001-0007,LOW,ref-asset-007,HIGH,NOT_ESCALATED,
REF-043,PER-001,REF-043-PER-001-0008,LOW,ref-asset-002,HIGH,NOT_ESCALATED,
REF-043,PER-001,REF-043-PER-001-0009,HIGH,ref-asset-002,HIGH,,
REF-043,PER-001,REF-043-PER-001-0010,CRITICAL,ref-asset-003,HIGH,,narrative summary sensitivity scrutinising topology indicator review retrospective unapproved packets submitted header payload baseline
REF-043,PER-001,REF-043-PER-001-0011,MEDIUM,ref-asset-023,LOW,NOT_ESCALATED,inventory earlier retrospective behaviour window ancestry expected ownership affected destination calibration narrative rotation guidance
REF-043,PER-001,REF-043-PER-001-0012,LOW,ref-asset-002,LOW,ESCALATED,inventory of verification review header padding batch observations window packets certificate recommendation memory review
REF-043,PER-001,REF-043-PER-001-0013,MEDIUM,ref-asset-002,HIGH,NOT_ESCALATED,
REF-043,PER-001,REF-043-PER-001-0014,HIGH,ref-asset-013,MEDIUM,NOT_ESCALATED,and scrutinising region window window endpoints offset recommendation telemetry threshold validated summary queue handshake
REF-043,PER-001,REF-043-PER-001-0015,CRITICAL,ref-asset-003,LOW,NOT_ESCALATED,
REF-043,PER-001,REF-043-PER-001-0016,LOW,ref-asset-020,CRITICAL,,matched known indicator and escalated to on call for guidance
REF-043,PER-001,REF-043-PER-001-0017,CRITICAL,ref-asset-020,MEDIUM,,payload for closure guidance entries capturing annotated stakeholders provisional checksum expected threshold rotation correlation
REF-043,PER-001,REF-043-PER-001-0018,HIGH,ref-asset-004,CRITICAL,NOT_ESCALATED,
REF-043,PER-001,REF-043-PER-001-0019,MEDIUM,ref-asset-024,CRITICAL,,
REF-043,PER-001,REF-043-PER-001-0020,HIGH,ref-asset-004,MEDIUM,NOT_ESCALATED,verification tuning inspected confirmation earlier review validated observations sensitivity header submitted region behaviour telemetry
REF-043,PER-001,REF-043-PER-001-0021,MEDIUM,ref-asset-006,HIGH,,header for payload stakeholders behaviour window correlation ancestry scrutinising authentication correlation privilege expected closure
REF-043,PER-001,REF-043-PER-001-0022,LOW,ref-asset-002,CRITICAL,NOT_ESCALATED,
REF-043,PER-001,REF-043-PER-001-0023,MEDIUM,ref-asset-002,CRITICAL,NOT_ESCALATED,
REF-043,PER-001,REF-043-PER-001-0024,HIGH,ref-asset-009,HIGH,NOT_ESCALATED,
REF-043,PER-001,REF-043-PER-001-0025,HIGH,ref-asset-009,MEDIUM,NOT_ESCALATED,
REF-043,PER-001,REF-043-PER-001-0026,CRITICAL,ref-asset-009,HIGH,NOT_ESCALATED,baseline retrospective scrutinising analysed payload tuning with correlation matched worksheet indicator sensitivity pattern of
REF-043,PER-001,REF-043-PER-001-0027,MEDIUM,ref-asset-010,LOW,NOT_ESCALATED,log source rotated and earlier entries unavailable for review file integrity baseline compared and no change detected process ancestry traced back to the initiating service ref 45590
REF-043,PER-001,REF-043-PER-001-0028,HIGH,ref-asset-024,HIGH,ESCALATED,
REF-043,PER-001,REF-043-PER-001-0029,HIGH,ref-asset-021,MEDIUM,NOT_ESCALATED,submitted documented checksum ledger telemetry authentication behaviour packets for summary threshold window certificate review
REF-043,PER-001,REF-043-PER-001-0030,HIGH,ref-asset-005,MEDIUM,NOT_ESCALATED,
REF-043,PER-001,REF-043-PER-001-0031,HIGH,ref-asset-024,LOW,,
REF-043,PER-001,REF-043-PER-001-0032,MEDIUM,ref-asset-016,MEDIUM,NOT_ESCALATED,
REF-043,PER-001,REF-043-PER-001-0033,MEDIUM,ref-asset-007,LOW,,baseline observed tuning across destination validated packets expected during header summary narrative endpoints payload
REF-043,PER-001,REF-043-PER-001-0034,MEDIUM,ref-asset-009,HIGH,NOT_ESCALATED,review latency integrity rotation sensitivity across retrospective provisional with inventory authentication interval matched capturing
REF-043,PER-001,REF-043-PER-001-0035,MEDIUM,ref-asset-005,HIGH,NOT_ESCALATED,inspected process list and found no further suspicious activity
REF-043,PER-001,REF-043-PER-001-0036,HIGH,ref-asset-012,CRITICAL,ESCALATED,outbound connection attempted to an unapproved destination log source rotated and earlier entries unavailable for review session token replay detected on the affected endpoint ref 55436
REF-043,PER-001,REF-043-PER-001-0037,LOW,ref-asset-018,CRITICAL,NOT_ESCALATED,
REF-043,PER-001,REF-043-PER-001-0038,LOW,ref-asset-008,HIGH,NOT_ESCALATED,
REF-043,PER-001,REF-043-PER-001-0039,LOW,ref-asset-008,HIGH,NOT_ESCALATED,
REF-043,PER-001,REF-043-PER-001-0040,HIGH,ref-asset-007,CRITICAL,,correlated with change window and marked as expected behaviour
REF-043,PER-001,REF-043-PER-001-0041,MEDIUM,ref-asset-002,LOW,ESCALATED,segment recommendation worksheet entries analysed matched behaviour retrospective privilege review closure sequence during submitted
REF-043,PER-001,REF-043-PER-001-0042,CRITICAL,ref-asset-007,HIGH,,
REF-043,PER-001,REF-043-PER-001-0043,LOW,ref-asset-010,CRITICAL,NOT_ESCALATED,validated packet capture and closed after verification step
REF-043,PER-001,REF-043-PER-001-0044,MEDIUM,ref-asset-004,LOW,NOT_ESCALATED,
REF-043,PER-001,REF-043-PER-001-0045,CRITICAL,ref-asset-011,LOW,,verification sensitivity packets privilege baseline across padding provisional correlation recurring components annotated checksum offset
REF-043,PER-001,REF-043-PER-001-0046,HIGH,ref-asset-004,HIGH,NOT_ESCALATED,
REF-043,PER-001,REF-043-PER-001-0047,LOW,ref-asset-007,CRITICAL,,process ancestry traced back to the initiating service file integrity baseline compared and no change detected memory region contents sampled during the incident window ref 47340
REF-043,PER-001,REF-043-PER-001-0048,LOW,ref-asset-024,LOW,,
REF-043,PER-001,REF-043-PER-001-0049,HIGH,ref-asset-003,MEDIUM,ESCALATED,
REF-043,PER-001,REF-043-PER-001-0050,LOW,ref-asset-014,MEDIUM,NOT_ESCALATED,worksheet summary endpoints matched validated verification unapproved consolidated documented ledger analysed behaviour sequence chain
REF-043,PER-001,REF-043-PER-001-0051,CRITICAL,ref-asset-024,HIGH,NOT_ESCALATED,
REF-043,PER-001,REF-043-PER-001-0052,CRITICAL,ref-asset-010,MEDIUM,NOT_ESCALATED,compared against baseline and observed no deviation from normal
REF-043,PER-001,REF-043-PER-001-0053,MEDIUM,ref-asset-005,CRITICAL,NOT_ESCALATED,
REF-043,PER-001,REF-043-PER-001-0054,CRITICAL,ref-asset-019,CRITICAL,NOT_ESCALATED,deviation consolidated packets across interval tuning sequence affected retrospective endpoints privilege sensitivity verification certificate
REF-043,PER-001,REF-043-PER-001-0055,CRITICAL,ref-asset-021,HIGH,,
REF-043,PER-001,REF-043-PER-001-0056,CRITICAL,ref-asset-024,MEDIUM,NOT_ESCALATED,inventory verification traced offset compared destination rotation guidance memory authentication endpoints sensitivity ancestry sequence
REF-044,PER-001,REF-044-PER-001-0001,MEDIUM,ref-asset-020,LOW,,
REF-044,PER-001,REF-044-PER-001-0002,HIGH,ref-asset-020,MEDIUM,,
REF-044,PER-001,REF-044-PER-001-0003,LOW,ref-asset-022,LOW,NOT_ESCALATED,
REF-044,PER-001,REF-044-PER-001-0004,LOW,ref-asset-021,HIGH,NOT_ESCALATED,
REF-044,PER-001,REF-044-PER-001-0005,CRITICAL,ref-asset-018,CRITICAL,NOT_ESCALATED,
REF-044,PER-001,REF-044-PER-001-0006,CRITICAL,ref-asset-020,HIGH,NOT_ESCALATED,consolidated memory contents scrutinising rotation annotated closure header calibration ancestry recurring correlation telemetry segment
REF-044,PER-001,REF-044-PER-001-0007,LOW,ref-asset-015,LOW,NOT_ESCALATED,telemetry closure review observed for header padding confirmation threshold privilege recurring compared destination endpoints
REF-044,PER-001,REF-044-PER-001-0008,MEDIUM,ref-asset-022,CRITICAL,NOT_ESCALATED,narrative window behaviour sensitivity inspected capturing and window validated baseline certificate matched ownership latency
REF-044,PER-001,REF-044-PER-001-0009,CRITICAL,ref-asset-017,HIGH,ESCALATED,correlation ownership chain certificate rotation for compared header review and confirmation boundary handshake segment
REF-044,PER-001,REF-044-PER-001-0010,MEDIUM,ref-asset-021,LOW,NOT_ESCALATED,
REF-044,PER-001,REF-044-PER-001-0011,HIGH,ref-asset-022,LOW,,
REF-044,PER-001,REF-044-PER-001-0012,HIGH,ref-asset-020,HIGH,,
REF-044,PER-001,REF-044-PER-001-0013,MEDIUM,ref-asset-014,CRITICAL,,inventory closure matched traced pattern stakeholders baseline window across with behaviour retrospective handshake endpoints
REF-044,PER-001,REF-044-PER-001-0014,MEDIUM,ref-asset-018,LOW,NOT_ESCALATED,
REF-044,PER-001,REF-044-PER-001-0015,CRITICAL,ref-asset-014,CRITICAL,,chain boundary before pattern sampling closure queue validated and retrospective review scrutinising review submitted
REF-044,PER-001,REF-044-PER-001-0016,CRITICAL,ref-asset-020,LOW,,retrospective boundary review window expected with correlation sensitivity narrative of observations validated batch packets
REF-044,PER-001,REF-044-PER-001-0017,HIGH,ref-asset-020,CRITICAL,ESCALATED,validated packet capture and closed after verification step
REF-044,PER-001,REF-044-PER-001-0018,LOW,ref-asset-019,LOW,NOT_ESCALATED,
REF-044,PER-001,REF-044-PER-001-0019,CRITICAL,ref-asset-020,MEDIUM,NOT_ESCALATED,batch pattern review during guidance inventory and baseline checksum closure inspected review correlation before
REF-044,PER-001,REF-044-PER-001-0020,CRITICAL,ref-asset-016,CRITICAL,ESCALATED,
REF-044,PER-001,REF-044-PER-001-0021,HIGH,ref-asset-019,MEDIUM,,
REF-044,PER-001,REF-044-PER-001-0022,CRITICAL,ref-asset-017,MEDIUM,NOT_ESCALATED,outbound connection attempted to an unapproved destination process ancestry traced back to the initiating service memory region contents sampled during the incident window ref 18533
REF-044,PER-001,REF-044-PER-001-0023,CRITICAL,ref-asset-013,HIGH,,
REF-044,PER-001,REF-044-PER-001-0024,CRITICAL,ref-asset-022,LOW,,
REF-044,PER-001,REF-044-PER-001-0025,CRITICAL,ref-asset-022,HIGH,NOT_ESCALATED,
REF-044,PER-001,REF-044-PER-001-0026,CRITICAL,ref-asset-014,MEDIUM,NOT_ESCALATED,appendix during endpoints baseline deviation closure components sampling window indicator summary unapproved ledger recommendation
REF-044,PER-001,REF-044-PER-001-0027,CRITICAL,ref-asset-008,MEDIUM,NOT_ESCALATED,segment window memory with offset verification ledger consolidated correlation of deviation during matched observations
REF-044,PER-001,REF-044-PER-001-0028,MEDIUM,ref-asset-021,LOW,NOT_ESCALATED,
REF-044,PER-001,REF-044-PER-001-0029,CRITICAL,ref-asset-014,MEDIUM,NOT_ESCALATED,
REF-044,PER-001,REF-044-PER-001-0030,CRITICAL,ref-asset-018,HIGH,NOT_ESCALATED,segment review correlation padding validated before behaviour stakeholders observed queue window sequence ledger retrospective
REF-044,PER-001,REF-044-PER-001-0031,LOW,ref-asset-010,MEDIUM,,
REF-044,PER-001,REF-044-PER-001-0032,LOW,ref-asset-018,LOW,NOT_ESCALATED,inspected process list and found no further suspicious activity
REF-044,PER-001,REF-044-PER-001-0033,MEDIUM,ref-asset-022,HIGH,NOT_ESCALATED,
REF-044,PER-001,REF-044-PER-001-0034,CRITICAL,ref-asset-016,MEDIUM,NOT_ESCALATED,compared against baseline and observed no deviation from normal
REF-044,PER-001,REF-044-PER-001-0035,CRITICAL,ref-asset-015,LOW,NOT_ESCALATED,matched known indicator and escalated to on call for guidance
REF-044,PER-001,REF-044-PER-001-0036,MEDIUM,ref-asset-021,LOW,NOT_ESCALATED,
REF-044,PER-001,REF-044-PER-001-0037,CRITICAL,ref-asset-019,LOW,NOT_ESCALATED,and sequence ownership chain threshold ancestry endpoints compared header window ledger for memory observations
REF-044,PER-001,REF-044-PER-001-0038,LOW,ref-asset-022,LOW,NOT_ESCALATED,
REF-044,PER-001,REF-044-PER-001-0039,CRITICAL,ref-asset-012,CRITICAL,NOT_ESCALATED,
REF-044,PER-001,REF-044-PER-001-0040,CRITICAL,ref-asset-018,HIGH,NOT_ESCALATED,before with observations certificate sensitivity memory ownership window affected payload recommendation batch handshake annotated
REF-044,PER-001,REF-044-PER-001-0041,MEDIUM,ref-asset-021,LOW,ESCALATED,ownership traced certificate before latency indicator validated expected window packets deviation consolidated stakeholders during
REF-044,PER-001,REF-044-PER-001-0042,CRITICAL,ref-asset-022,CRITICAL,NOT_ESCALATED,network segment isolated pending further correlation process ancestry traced back to the initiating service privilege boundary inspected and no escalation of rights seen ref 99537
REF-044,PER-001,REF-044-PER-001-0043,HIGH,ref-asset-005,HIGH,,
REF-044,PER-001,REF-044-PER-001-0044,CRITICAL,ref-asset-020,CRITICAL,ESCALATED,window region confirmation submitted latency packets provisional for observations threshold narrative scrutinising affected ancestry
REF-044,PER-001,REF-044-PER-001-0045,HIGH,ref-asset-018,CRITICAL,NOT_ESCALATED,window affected during correlation telemetry validated ledger matched observations annotated sampling pattern packets boundary
REF-044,PER-001,REF-044-PER-001-0046,HIGH,ref-asset-010,MEDIUM,NOT_ESCALATED,correlated with change window and marked as expected behaviour
REF-044,PER-001,REF-044-PER-001-0047,CRITICAL,ref-asset-013,MEDIUM,NOT_ESCALATED,deviation destination certificate batch recommendation sampling pattern inspected window interval documented sequence indicator expected
REF-044,PER-001,REF-044-PER-001-0048,HIGH,ref-asset-018,CRITICAL,NOT_ESCALATED,reviewed queued alert and confirmed recurring pattern on endpoint
REF-044,PER-001,REF-044-PER-001-0049,HIGH,ref-asset-017,MEDIUM,NOT_ESCALATED,
REF-044,PER-001,REF-044-PER-001-0050,CRITICAL,ref-asset-022,LOW,NOT_ESCALATED,ancestry topology pattern checksum summary sequence entries during boundary header stakeholders retrospective affected unapproved
REF-044,PER-001,REF-044-PER-001-0051,MEDIUM,ref-asset-008,MEDIUM,,rotation interval documented handshake threshold across validated pattern recurring baseline observed window and contents
REF-044,PER-001,REF-044-PER-001-0052,LOW,ref-asset-013,HIGH,NOT_ESCALATED,memory pattern summary segment ledger baseline verification provisional expected checksum ownership retrospective observations region
REF-044,PER-001,REF-044-PER-001-0053,MEDIUM,ref-asset-014,MEDIUM,NOT_ESCALATED,affected provisional of baseline ancestry correlation threshold certificate retrospective indicator handshake contents endpoints narrative
REF-044,PER-001,REF-044-PER-001-0054,CRITICAL,ref-asset-012,MEDIUM,NOT_ESCALATED,
REF-045,PER-001,REF-045-PER-001-0001,LOW,ref-asset-014,MEDIUM,NOT_ESCALATED,
REF-045,PER-001,REF-045-PER-001-0002,MEDIUM,ref-asset-019,MEDIUM,NOT_ESCALATED,
REF-045,PER-001,REF-045-PER-001-0003,LOW,ref-asset-012,HIGH,NOT_ESCALATED,review matched of summary observed validated endpoints chain integrity behaviour earlier affected rotation destination
REF-045,PER-001,REF-045-PER-001-0004,LOW,ref-asset-013,CRITICAL,NOT_ESCALATED,region inventory header compared window appendix guidance stakeholders annotated affected recurring before destination tuning
REF-045,PER-001,REF-045-PER-001-0005,CRITICAL,ref-asset-014,HIGH,NOT_ESCALATED,sampling calibration submitted packets correlation unapproved confirmation interval ledger closure offset checksum memory components
REF-045,PER-001,REF-045-PER-001-0006,LOW,ref-asset-004,CRITICAL,NOT_ESCALATED,segment window scrutinising window verification consolidated correlation guidance ancestry queue earlier documented matched offset
REF-045,PER-001,REF-045-PER-001-0007,CRITICAL,ref-asset-019,HIGH,NOT_ESCALATED,earlier review sensitivity packets observed during affected boundary analysed window across indicator behaviour interval
REF-045,PER-001,REF-045-PER-001-0008,MEDIUM,ref-asset-020,LOW,NOT_ESCALATED,inspected process list and found no further suspicious activity
REF-045,PER-001,REF-045-PER-001-0009,CRITICAL,ref-asset-019,MEDIUM,NOT_ESCALATED,
REF-045,PER-001,REF-045-PER-001-0010,CRITICAL,ref-asset-007,LOW,NOT_ESCALATED,
REF-045,PER-001,REF-045-PER-001-0011,MEDIUM,ref-asset-009,HIGH,NOT_ESCALATED,matched known indicator and escalated to on call for guidance
REF-045,PER-001,REF-045-PER-001-0012,CRITICAL,ref-asset-010,MEDIUM,NOT_ESCALATED,session token replay detected on the affected endpoint authentication handshake retried several times before success outbound connection attempted to an unapproved destination ref 38846
REF-045,PER-001,REF-045-PER-001-0013,LOW,ref-asset-015,MEDIUM,NOT_ESCALATED,
REF-045,PER-001,REF-045-PER-001-0014,LOW,ref-asset-015,MEDIUM,NOT_ESCALATED,
REF-045,PER-001,REF-045-PER-001-0015,MEDIUM,ref-asset-019,CRITICAL,NOT_ESCALATED,
REF-045,PER-001,REF-045-PER-001-0016,MEDIUM,ref-asset-006,MEDIUM,NOT_ESCALATED,compared against baseline and observed no deviation from normal
REF-045,PER-001,REF-045-PER-001-0017,CRITICAL,ref-asset-007,LOW,NOT_ESCALATED,topology validated stakeholders matched affected entries chain confirmation telemetry inspected memory sampling window baseline
REF-045,PER-001,REF-045-PER-001-0018,CRITICAL,ref-asset-007,MEDIUM,NOT_ESCALATED,
REF-045,PER-001,REF-045-PER-001-0019,CRITICAL,ref-asset-014,LOW,NOT_ESCALATED,narrative correlation guidance appendix unapproved sampling earlier review certificate traced with entries for annotated
REF-045,PER-001,REF-045-PER-001-0020,CRITICAL,ref-asset-010,CRITICAL,NOT_ESCALATED,summary endpoints with authentication inventory boundary earlier expected retrospective review threshold narrative across topology
REF-045,PER-001,REF-045-PER-001-0021,MEDIUM,ref-asset-018,LOW,NOT_ESCALATED,validated packet capture and closed after verification step
REF-045,PER-001,REF-045-PER-001-0022,MEDIUM,ref-asset-018,LOW,NOT_ESCALATED,
REF-045,PER-001,REF-045-PER-001-0023,HIGH,ref-asset-018,LOW,NOT_ESCALATED,
REF-045,PER-001,REF-045-PER-001-0024,CRITICAL,ref-asset-009,LOW,NOT_ESCALATED,
REF-045,PER-001,REF-045-PER-001-0025,LOW,ref-asset-020,LOW,NOT_ESCALATED,retrospective deviation sensitivity payload threshold scrutinising review window certificate boundary inventory region guidance authentication
REF-045,PER-001,REF-045-PER-001-0026,HIGH,ref-asset-010,LOW,NOT_ESCALATED,
REF-045,PER-001,REF-045-PER-001-0027,CRITICAL,ref-asset-015,LOW,NOT_ESCALATED,observations narrative consolidated memory analysed calibration sensitivity endpoints closure packets ledger behaviour interval batch
REF-045,PER-001,REF-045-PER-001-0028,LOW,ref-asset-020,CRITICAL,NOT_ESCALATED,
REF-045,PER-001,REF-045-PER-001-0029,HIGH,ref-asset-010,LOW,NOT_ESCALATED,
REF-045,PER-001,REF-045-PER-001-0030,HIGH,ref-asset-017,LOW,NOT_ESCALATED,reviewed queued alert and confirmed recurring pattern on endpoint
REF-045,PER-001,REF-045-PER-001-0031,CRITICAL,ref-asset-013,MEDIUM,NOT_ESCALATED,
REF-045,PER-001,REF-045-PER-001-0032,CRITICAL,ref-asset-020,MEDIUM,NOT_ESCALATED,matched latency inventory handshake analysed retrospective pattern components entries sequence ancestry compared annotated window
REF-045,PER-001,REF-045-PER-001-0033,LOW,ref-asset-019,LOW,NOT_ESCALATED,sensitivity correlation integrity payload matched rotation topology threshold across of recommendation analysed ledger review
REF-045,PER-001,REF-045-PER-001-0034,HIGH,ref-asset-014,HIGH,NOT_ESCALATED,queue offset verification with scrutinising worksheet compared provisional endpoints header capturing matched expected tuning
REF-045,PER-001,REF-045-PER-001-0035,LOW,ref-asset-007,LOW,NOT_ESCALATED,
REF-045,PER-001,REF-045-PER-001-0036,CRITICAL,ref-asset-017,CRITICAL,,recurring certificate window checksum handshake inventory analysed endpoints rotation chain privilege baseline observed ownership
REF-045,PER-001,REF-045-PER-001-0037,CRITICAL,ref-asset-014,MEDIUM,NOT_ESCALATED,correlated with change window and marked as expected behaviour
REF-045,PER-001,REF-045-PER-001-0038,LOW,ref-asset-018,LOW,NOT_ESCALATED,
REF-045,PER-001,REF-045-PER-001-0039,HIGH,ref-asset-016,CRITICAL,ESCALATED,
REF-045,PER-001,REF-045-PER-001-0040,CRITICAL,ref-asset-005,MEDIUM,NOT_ESCALATED,header correlation endpoints telemetry appendix latency deviation verification segment recurring capturing integrity calibration consolidated
REF-045,PER-001,REF-045-PER-001-0041,LOW,ref-asset-007,HIGH,NOT_ESCALATED,
REF-045,PER-001,REF-045-PER-001-0042,CRITICAL,ref-asset-009,LOW,ESCALATED,with endpoints scrutinising guidance recurring worksheet across window traced indicator before sequence inspected destination
REF-045,PER-001,REF-045-PER-001-0043,HIGH,ref-asset-020,MEDIUM,NOT_ESCALATED,retrospective payload threshold indicator verification matched before review ownership offset annotated worksheet earlier calibration
REF-045,PER-001,REF-045-PER-001-0044,LOW,ref-asset-011,HIGH,NOT_ESCALATED,
REF-045,PER-001,REF-045-PER-001-0045,CRITICAL,ref-asset-012,MEDIUM,NOT_ESCALATED,segment chain latency consolidated worksheet across matched compared validated closure correlation baseline observed summary
REF-045,PER-001,REF-045-PER-001-0046,CRITICAL,ref-asset-007,LOW,NOT_ESCALATED,capturing topology destination across payload verification provisional during batch summary observations entries guidance latency
REF-045,PER-001,REF-045-PER-001-0047,CRITICAL,ref-asset-011,CRITICAL,NOT_ESCALATED,
REF-045,PER-001,REF-045-PER-001-0048,CRITICAL,ref-asset-014,MEDIUM,NOT_ESCALATED,recurring segment components privilege summary topology observations contents inventory endpoints traced entries checksum header
REF-045,PER-001,REF-045-PER-001-0049,MEDIUM,ref-asset-019,HIGH,ESCALATED,
REF-045,PER-001,REF-045-PER-001-0050,MEDIUM,ref-asset-016,MEDIUM,,
REF-045,PER-001,REF-045-PER-001-0051,CRITICAL,ref-asset-003,MEDIUM,NOT_ESCALATED,recurring observations pattern traced payload tuning capturing threshold closure segment affected review ownership inspected
REF-045,PER-001,REF-045-PER-001-0052,CRITICAL,ref-asset-003,CRITICAL,NOT_ESCALATED,recurring window sequence entries indicator consolidated validated topology deviation traced memory destination during ancestry
REF-045,PER-001,REF-045-PER-001-0053,CRITICAL,ref-asset-006,CRITICAL,NOT_ESCALATED,earlier of ledger behaviour ownership submitted sequence endpoints and baseline observed queue observations payload
REF-045,PER-001,REF-045-PER-001-0054,CRITICAL,ref-asset-013,LOW,NOT_ESCALATED,
REF-045,PER-001,REF-045-PER-001-0055,HIGH,ref-asset-017,CRITICAL,NOT_ESCALATED,during provisional stakeholders entries deviation scrutinising observed compared review behaviour summary segment integrity affected
REF-045,PER-001,REF-045-PER-001-0056,LOW,ref-asset-008,HIGH,NOT_ESCALATED,
REF-045,PER-001,REF-045-PER-001-0057,LOW,ref-asset-020,CRITICAL,,sampling destination handshake sensitivity verification tuning memory window certificate analysed matched telemetry scrutinising ancestry
REF-045,PER-001,REF-045-PER-001-0058,CRITICAL,ref-asset-008,CRITICAL,NOT_ESCALATED,baseline contents validated ledger expected window threshold review sequence matched tuning padding and stakeholders
REF-045,PER-001,REF-045-PER-001-0059,CRITICAL,ref-asset-012,MEDIUM,NOT_ESCALATED,
REF-045,PER-001,REF-045-PER-001-0060,HIGH,ref-asset-014,MEDIUM,NOT_ESCALATED,
